x0,y0,x1,y1,x2,y2,x3,y3,x4,y4,x5,y5,x6,y6,x7,y7,x8,y8,x9,y9,x10,y10,x11,y11,x12,y12,x13,y13,x14,y14,x15,y15,x16,y16,x17,y17,x18,y18,x19,y19,x20,y20,label
0.0,0.0,-0.0027631521224975586,-0.10822552442550659,-0.03893625736236572,-0.21315014362335205,-0.08232945203781128,-0.2867218255996704,-0.11960268020629883,-0.3356259763240814,-0.046763062477111816,-0.23108315467834473,-0.13416701555252075,-0.3050200343132019,-0.18455785512924194,-0.33188119530677795,-0.2178114652633667,-0.34002357721328735,-0.06709301471710205,-0.17914599180221558,-0.1555107831954956,-0.2608150839805603,-0.20368993282318115,-0.2942034602165222,-0.23479604721069336,-0.3091655373573303,-0.08910101652145386,-0.12120109796524048,-0.17383772134780884,-0.2007008194923401,-0.21899163722991943,-0.2384195327758789,-0.2462899386882782,-0.25925755500793457,-0.11450380086898804,-0.06064128875732422,-0.18324649333953857,-0.12708401679992676,-0.2165662944316864,-0.16385126113891602,-0.24020951986312866,-0.18982398509979248,A
0.0,0.0,-0.023231446743011475,-0.12397581338882446,-0.06374955177307129,-0.22005385160446167,-0.11789649724960327,-0.26769691705703735,-0.16360673308372498,-0.2829413414001465,-0.05407780408859253,-0.264595091342926,-0.13821762800216675,-0.3187873363494873,-0.18682414293289185,-0.3359975814819336,-0.22339656949043274,-0.34553226828575134,-0.0753469467163086,-0.22818058729171753,-0.16656935214996338,-0.3038284182548523,-0.2143707275390625,-0.32422494888305664,-0.24459731578826904,-0.33417022228240967,-0.10205581784248352,-0.17779111862182617,-0.1958385407924652,-0.24846488237380981,-0.22363778948783875,-0.24991554021835327,-0.23201754689216614,-0.2438521385192871,-0.13169363141059875,-0.11341357231140137,-0.2121562957763672,-0.16858243942260742,-0.2400265634059906,-0.17039895057678223,-0.253714382648468,-0.16269397735595703,A
0.0,0.0,0.06138014793395996,-0.027871787548065186,0.10814779996871948,-0.06558305025100708,0.1457447111606598,-0.09362882375717163,0.16742581129074097,-0.11641991138458252,0.07765072584152222,-0.182564377784729,0.08469560742378235,-0.25156474113464355,0.08384934067726135,-0.1968713104724884,0.08078858256340027,-0.14446577429771423,0.03346574306488037,-0.18887153267860413,0.03657832741737366,-0.2579938769340515,0.04012560844421387,-0.17602789402008057,0.04286029934883118,-0.12075340747833252,-0.011384308338165283,-0.177646666765213,-0.010118544101715088,-0.231988787651062,0.00047901272773742676,-0.15579748153686523,0.0068597495555877686,-0.10692375898361206,-0.05446663498878479,-0.15275177359580994,-0.05629923939704895,-0.197432279586792,-0.03917081654071808,-0.14719527959823608,-0.02913239598274231,-0.11194437742233276,A
0.0,0.0,-0.017461001873016357,-0.11085742712020874,-0.05443614721298218,-0.19994878768920898,-0.11202305555343628,-0.24312376976013184,-0.16177067160606384,-0.24495580792427063,-0.0587347149848938,-0.25653141736984253,-0.16413214802742004,-0.3115081787109375,-0.21847182512283325,-0.29652753472328186,-0.24292701482772827,-0.2710891366004944,-0.07830002903938293,-0.2163253128528595,-0.19162532687187195,-0.29037392139434814,-0.23856079578399658,-0.27009695768356323,-0.25385022163391113,-0.23677358031272888,-0.10117527842521667,-0.15534180402755737,-0.21221572160720825,-0.2210347056388855,-0.2456015944480896,-0.19960302114486694,-0.24986612796783447,-0.17396175861358643,-0.12617206573486328,-0.08036553859710693,-0.21641811728477478,-0.12264120578765869,-0.24760058522224426,-0.1172705888748169,-0.2608174681663513,-0.10731726884841919,A
0.0,0.0,0.06734633445739746,-0.03788888454437256,0.11832770705223083,-0.08495771884918213,0.1517944037914276,-0.12391477823257446,0.1702198088169098,-0.15799158811569214,0.07899680733680725,-0.19239258766174316,0.0839226245880127,-0.26607200503349304,0.08519402146339417,-0.21085193753242493,0.08087977766990662,-0.151970773935318,0.03462117910385132,-0.1954701840877533,0.035768091678619385,-0.2731584906578064,0.04090172052383423,-0.19324660301208496,0.04304778575897217,-0.12972348928451538,-0.011106297373771667,-0.18378090858459473,-0.009115621447563171,-0.24850109219551086,0.003259330987930298,-0.17260488867759705,0.008224055171012878,-0.11633753776550293,-0.05744919180870056,-0.15929993987083435,-0.05571441352367401,-0.20825156569480896,-0.03724795579910278,-0.15882843732833862,-0.02706161141395569,-0.11658114194869995,A
0.0,0.0,-0.020077288150787354,-0.11211830377578735,-0.06084907054901123,-0.2034602165222168,-0.11858135461807251,-0.24330326914787292,-0.16970640420913696,-0.2404208779335022,-0.06248152256011963,-0.2590729594230652,-0.17212626338005066,-0.313665509223938,-0.221271812915802,-0.2897869348526001,-0.23763716220855713,-0.25978782773017883,-0.08042055368423462,-0.21724313497543335,-0.20173710584640503,-0.2917819917201996,-0.2394498586654663,-0.2599695324897766,-0.2409856617450714,-0.22033071517944336,-0.10329979658126831,-0.15269386768341064,-0.2196260690689087,-0.21870547533035278,-0.24304091930389404,-0.18522703647613525,-0.23478373885154724,-0.15259242057800293,-0.12925493717193604,-0.07562923431396484,-0.22498813271522522,-0.12530767917633057,-0.2494877576828003,-0.11196249723434448,-0.2532062828540802,-0.0934557318687439,A
0.0,0.0,0.06618653237819672,-0.04482823610305786,0.11011891067028046,-0.10726875066757202,0.13177083432674408,-0.15759840607643127,0.1400936394929886,-0.1976369023323059,0.07460479438304901,-0.19690662622451782,0.08127225935459137,-0.26133033633232117,0.08142267167568207,-0.2051885426044464,0.07875646650791168,-0.15231826901435852,0.031430140137672424,-0.19839143753051758,0.035253748297691345,-0.271922767162323,0.03894771635532379,-0.19396013021469116,0.040606722235679626,-0.13138675689697266,-0.013078361749649048,-0.1857384443283081,-0.009911119937896729,-0.25118914246559143,0.0029334276914596558,-0.17514705657958984,0.009160280227661133,-0.11798733472824097,-0.05906274914741516,-0.16066861152648926,-0.05525004863739014,-0.2087305188179016,-0.036339059472084045,-0.1585688591003418,-0.025158971548080444,-0.11485022306442261,A
0.0,0.0,-0.019972562789916992,-0.10850119590759277,-0.062116265296936035,-0.19940853118896484,-0.12127256393432617,-0.24019625782966614,-0.17216727137565613,-0.2367337942123413,-0.06665712594985962,-0.25323036313056946,-0.16817015409469604,-0.3217991590499878,-0.20691445469856262,-0.2978791892528534,-0.21524038910865784,-0.2709740102291107,-0.0836687684059143,-0.20749396085739136,-0.19708123803138733,-0.2824487090110779,-0.2276482880115509,-0.25773704051971436,-0.22679567337036133,-0.23186177015304565,-0.10565230250358582,-0.14313656091690063,-0.2191186547279358,-0.20710653066635132,-0.23222750425338745,-0.1725863814353943,-0.21718984842300415,-0.1433202028274536,-0.13032430410385132,-0.06972247362136841,-0.22521382570266724,-0.10973525047302246,-0.24608677625656128,-0.09592235088348389,-0.2478485107421875,-0.08143055438995361,A
0.0,0.0,0.06647522747516632,-0.034131765365600586,0.10993929207324982,-0.09940940141677856,0.10240088403224945,-0.16129407286643982,0.07405303418636322,-0.1936933696269989,0.08989112079143524,-0.22130045294761658,0.0759069174528122,-0.23625242710113525,0.07644973695278168,-0.1796676218509674,0.08455725014209747,-0.1518605351448059,0.038847967982292175,-0.229871928691864,0.025662824511528015,-0.25470882654190063,0.030781373381614685,-0.18937423825263977,0.0390898734331131,-0.15850025415420532,-0.011560529470443726,-0.21425938606262207,-0.027652382850646973,-0.24267560243606567,-0.016023725271224976,-0.17544350028038025,-0.004322335124015808,-0.14356660842895508,-0.058836206793785095,-0.18296417593955994,-0.07553952932357788,-0.20555329322814941,-0.06157083809375763,-0.156918466091156,-0.0465037077665329,-0.13217175006866455,A
0.0,0.0,-0.022268682718276978,-0.11587095260620117,-0.07810908555984497,-0.21302157640457153,-0.13929712772369385,-0.2708325982093811,-0.1919524073600769,-0.3006945848464966,-0.08696818351745605,-0.24630814790725708,-0.17814457416534424,-0.31849080324172974,-0.23364639282226562,-0.3417084217071533,-0.2734017074108124,-0.34806299209594727,-0.10360884666442871,-0.19530922174453735,-0.2074650228023529,-0.2754517197608948,-0.2668464630842209,-0.3010129928588867,-0.30981117486953735,-0.3088531494140625,-0.12396436929702759,-0.12833958864212036,-0.22748273611068726,-0.19262266159057617,-0.2818491905927658,-0.21051084995269775,-0.3193073868751526,-0.21580302715301514,-0.1459888517856598,-0.05158048868179321,-0.23500323295593262,-0.10085374116897583,-0.2773977369070053,-0.12068003416061401,-0.3110686391592026,-0.13371306657791138,A
0.0,0.0,0.05074407160282135,-0.025504767894744873,0.09113584458827972,-0.08653450012207031,0.10950006544589996,-0.14147832989692688,0.1214708536863327,-0.18356990814208984,0.05594120919704437,-0.17942816019058228,0.05932871997356415,-0.2488919198513031,0.05963428318500519,-0.2249528169631958,0.05851896107196808,-0.18325835466384888,0.00873352587223053,-0.18452715873718262,0.008933797478675842,-0.2589280605316162,0.010245785117149353,-0.21586933732032776,0.011410430073738098,-0.17158690094947815,-0.034476906061172485,-0.1706255078315735,-0.039069339632987976,-0.23298528790473938,-0.03730960190296173,-0.18881073594093323,-0.03535084426403046,-0.1492154598236084,-0.07338275015354156,-0.14338389039039612,-0.0834553986787796,-0.18898043036460876,-0.079322949051857,-0.16464099287986755,-0.07343269884586334,-0.13910430669784546,A
0.0,0.0,-0.017535299062728882,-0.1168292760848999,-0.06814604997634888,-0.19734060764312744,-0.11339980363845825,-0.24916386604309082,-0.1373429298400879,-0.2825598418712616,-0.10465389490127563,-0.2297830581665039,-0.18135222792625427,-0.30124372243881226,-0.22804784774780273,-0.3259667754173279,-0.2554216682910919,-0.3288049101829529,-0.131771057844162,-0.18282580375671387,-0.22127613425254822,-0.2634662985801697,-0.26896484196186066,-0.2870279550552368,-0.2953527420759201,-0.2871628999710083,-0.15308427810668945,-0.11713677644729614,-0.24754412472248077,-0.18136674165725708,-0.294643297791481,-0.2015845775604248,-0.320638969540596,-0.20439696311950684,-0.1678113043308258,-0.04044008255004883,-0.24829936027526855,-0.08970630168914795,-0.28859856724739075,-0.1104283332824707,-0.3166567385196686,-0.1225246787071228,A
0.0,0.0,0.06215982139110565,-0.025562405586242676,0.10705433785915375,-0.0921446681022644,0.1286146193742752,-0.15649563074111938,0.1448700875043869,-0.20439019799232483,0.0680982917547226,-0.17465943098068237,0.08095775544643402,-0.25482693314552307,0.08235259354114532,-0.21551498770713806,0.08029337227344513,-0.17290639877319336,0.025923624634742737,-0.17916494607925415,0.0340452641248703,-0.2659202218055725,0.03873838484287262,-0.22528031468391418,0.03919561207294464,-0.18699026107788086,-0.01649634540081024,-0.16711866855621338,-0.01141539216041565,-0.24596527218818665,-0.004168987274169922,-0.21064698696136475,-0.002506539225578308,-0.1767806112766266,-0.05843646824359894,-0.14379650354385376,-0.06187555193901062,-0.20197010040283203,-0.05287829041481018,-0.18404588103294373,-0.047545090317726135,-0.159784197807312,A
0.0,0.0,-0.010818541049957275,-0.11798125505447388,-0.0566631555557251,-0.2015426754951477,-0.10065212845802307,-0.2648330330848694,-0.11227914690971375,-0.319024920463562,-0.09313389658927917,-0.22923946380615234,-0.18278855085372925,-0.3066704273223877,-0.24064531922340393,-0.3340833783149719,-0.27710139751434326,-0.3438819944858551,-0.12098696827888489,-0.18004679679870605,-0.22263026237487793,-0.2668116092681885,-0.2833319902420044,-0.293123334646225,-0.3191230297088623,-0.2993236780166626,-0.14234960079193115,-0.1146807074546814,-0.2437090277671814,-0.1828039288520813,-0.29677625000476837,-0.2030240297317505,-0.3273158520460129,-0.20885556936264038,-0.15584218502044678,-0.03707689046859741,-0.23768964409828186,-0.09212714433670044,-0.28104454278945923,-0.12013280391693115,-0.3120836913585663,-0.14140307903289795,A
0.0,0.0,0.06137703359127045,-0.028837382793426514,0.10622288286685944,-0.09694939851760864,0.13100029528141022,-0.1604917347431183,0.14928333461284637,-0.210417240858078,0.06986777484416962,-0.17917025089263916,0.07914920151233673,-0.2624455988407135,0.07949157059192657,-0.22145172953605652,0.0786425918340683,-0.17374062538146973,0.02502112090587616,-0.18282946944236755,0.03158004581928253,-0.26966771483421326,0.03528238832950592,-0.22593384981155396,0.03666381537914276,-0.1834801435470581,-0.0192251056432724,-0.17082518339157104,-0.014307096600532532,-0.24930787086486816,-0.0071546584367752075,-0.21099427342414856,-0.004433751106262207,-0.1732243001461029,-0.06199398636817932,-0.14837506413459778,-0.06304283440113068,-0.20799902081489563,-0.053150758147239685,-0.1894640326499939,-0.04771043360233307,-0.16333463788032532,A
0.0,0.0,-0.012384027242660522,-0.11942523717880249,-0.058307528495788574,-0.2026011347770691,-0.10196131467819214,-0.2618368864059448,-0.11420723795890808,-0.31187620759010315,-0.0931306779384613,-0.23174810409545898,-0.17933830618858337,-0.3109712600708008,-0.2363693118095398,-0.3403124511241913,-0.27339108288288116,-0.35047590732574463,-0.11977174878120422,-0.18214523792266846,-0.2188183069229126,-0.2691342234611511,-0.280633807182312,-0.29675400257110596,-0.31885233521461487,-0.3039361238479614,-0.14145061373710632,-0.11713981628417969,-0.24121937155723572,-0.1837037205696106,-0.2960228770971298,-0.20436644554138184,-0.32951439917087555,-0.21103030443191528,-0.1557563841342926,-0.03990066051483154,-0.23707038164138794,-0.09673404693603516,-0.2806979715824127,-0.12465476989746094,-0.3129424452781677,-0.14504289627075195,A
0.0,0.0,0.06090088188648224,-0.030386388301849365,0.10525994002819061,-0.10034298896789551,0.12755821645259857,-0.16445404291152954,0.1441272348165512,-0.2161649465560913,0.06523002684116364,-0.1845405399799347,0.0709327906370163,-0.2691062390804291,0.07007385790348053,-0.23645132780075073,0.06953097879886627,-0.18848827481269836,0.018696144223213196,-0.18985360860824585,0.022700592875480652,-0.2792729437351227,0.025083765387535095,-0.23849624395370483,0.027798280119895935,-0.19318628311157227,-0.025506049394607544,-0.17860212922096252,-0.0229606032371521,-0.2590412199497223,-0.017241090536117554,-0.22328564524650574,-0.012880608439445496,-0.18283230066299438,-0.06700791418552399,-0.15582171082496643,-0.07138822972774506,-0.21573296189308167,-0.06330005824565887,-0.20155185461044312,-0.05658482015132904,-0.17651674151420593,A
0.0,0.0,-0.013831734657287598,-0.11926817893981934,-0.06126865744590759,-0.20219284296035767,-0.10772782564163208,-0.2550981640815735,-0.1386633813381195,-0.286493182182312,-0.08846104145050049,-0.23970532417297363,-0.18224820494651794,-0.3131279945373535,-0.24059200286865234,-0.33746933937072754,-0.27832862734794617,-0.3423812985420227,-0.11106207966804504,-0.1895551085472107,-0.2184484899044037,-0.2702794671058655,-0.2835693061351776,-0.2936397194862366,-0.3250947594642639,-0.2972356081008911,-0.13139384984970093,-0.12205320596694946,-0.23720157146453857,-0.1871057152748108,-0.29619231820106506,-0.20533204078674316,-0.33351661264896393,-0.21058440208435059,-0.1459904909133911,-0.04203033447265625,-0.23262163996696472,-0.09695011377334595,-0.2783949077129364,-0.12200301885604858,-0.3125065118074417,-0.14091628789901733,A
0.0,0.0,0.05941891670227051,-0.035806357860565186,0.10074269771575928,-0.10627412796020508,0.1226377785205841,-0.1662037968635559,0.1383293867111206,-0.2107091248035431,0.06167459487915039,-0.1845361590385437,0.06488588452339172,-0.2555582523345947,0.06662926077842712,-0.24485379457473755,0.06805691123008728,-0.20686650276184082,0.015571147203445435,-0.18778741359710693,0.014172494411468506,-0.2703298330307007,0.018546253442764282,-0.24761399626731873,0.0217646062374115,-0.20667150616645813,-0.02877172827720642,-0.17435303330421448,-0.03294871747493744,-0.24687114357948303,-0.023611873388290405,-0.22022348642349243,-0.01631222665309906,-0.18170085549354553,-0.07225996255874634,-0.14917388558387756,-0.0817304253578186,-0.20299237966537476,-0.07040879130363464,-0.18973076343536377,-0.059875816106796265,-0.16423732042312622,A
0.0,0.0,-0.0136796236038208,-0.12117093801498413,-0.06411859393119812,-0.2191915512084961,-0.11106199026107788,-0.2891346216201782,-0.12827453017234802,-0.3491997718811035,-0.07685241103172302,-0.25010865926742554,-0.1671137809753418,-0.3229385018348694,-0.22757917642593384,-0.355522096157074,-0.2725954055786133,-0.3702981472015381,-0.09860548377037048,-0.2028215527534485,-0.19833937287330627,-0.2818300724029541,-0.2654070258140564,-0.3087722063064575,-0.31408457458019257,-0.3168066143989563,-0.11948502063751221,-0.1379789113998413,-0.22286581993103027,-0.20266306400299072,-0.2875594347715378,-0.22015810012817383,-0.33426932990550995,-0.22480428218841553,-0.13952329754829407,-0.06138718128204346,-0.22334739565849304,-0.10886293649673462,-0.2731381803750992,-0.12904971837997437,-0.3147686868906021,-0.1417630910873413,A
0.0,0.0,0.05947600305080414,-0.03552436828613281,0.10043229162693024,-0.10383856296539307,0.12304700911045074,-0.1612531840801239,0.14062778651714325,-0.20234262943267822,0.061267122626304626,-0.17890819907188416,0.061564698815345764,-0.25069016218185425,0.0656338781118393,-0.23945707082748413,0.07007138431072235,-0.20136141777038574,0.015252172946929932,-0.182553231716156,0.014078542590141296,-0.26368510723114014,0.02029050886631012,-0.23691239953041077,0.02508588135242462,-0.19535627961158752,-0.02901327610015869,-0.17036837339401245,-0.032476648688316345,-0.24105989933013916,-0.02246744930744171,-0.21187260746955872,-0.013835996389389038,-0.17469659447669983,-0.0720205157995224,-0.14659550786018372,-0.07989229261875153,-0.1957624852657318,-0.06802420318126678,-0.18229520320892334,-0.05670122802257538,-0.1599225401878357,A
0.0,0.0,-0.01847773790359497,-0.12008112668991089,-0.06808415055274963,-0.2132042646408081,-0.11528640985488892,-0.2771615982055664,-0.13968557119369507,-0.3238769471645355,-0.08221781253814697,-0.24202072620391846,-0.17406627535820007,-0.3130287230014801,-0.23552212119102478,-0.34418269991874695,-0.2823636531829834,-0.35935264825820923,-0.10246255993843079,-0.19765180349349976,-0.20218101143836975,-0.276031494140625,-0.2681496739387512,-0.3059636950492859,-0.31621338427066803,-0.31663912534713745,-0.12350660562515259,-0.133855938911438,-0.22939488291740417,-0.1993725299835205,-0.2936297506093979,-0.21987491846084595,-0.3409560024738312,-0.228817880153656,-0.14385151863098145,-0.056190311908721924,-0.22985714673995972,-0.1000741720199585,-0.28098295629024506,-0.1181257963180542,-0.32258203625679016,-0.1293848752975464,A
0.0,0.0,0.07864631712436676,-0.03968745470046997,0.13868270814418793,-0.09564250707626343,0.16197659075260162,-0.16420912742614746,0.1695127636194229,-0.21867245435714722,0.08881913125514984,-0.19096603989601135,0.09385944902896881,-0.2554464340209961,0.09205953776836395,-0.1937820315361023,0.08774350583553314,-0.14136874675750732,0.043901845812797546,-0.19731101393699646,0.04725712537765503,-0.26812586188316345,0.0489896684885025,-0.18457001447677612,0.05029059946537018,-0.12970006465911865,-4.5180320739746094e-05,-0.18593516945838928,0.0008967071771621704,-0.24598932266235352,0.009649291634559631,-0.16870403289794922,0.015844255685806274,-0.11833757162094116,-0.044044509530067444,-0.1582818329334259,-0.04329077899456024,-0.20653650164604187,-0.0245978981256485,-0.15342548489570618,-0.01356668770313263,-0.11673116683959961,A
0.0,0.0,0.07984054088592529,-0.02524930238723755,0.1417267918586731,-0.07885456085205078,0.16168078780174255,-0.14942410588264465,0.1702648401260376,-0.2031674087047577,0.08564037084579468,-0.1725718379020691,0.0880134105682373,-0.24452108144760132,0.0929672122001648,-0.18010711669921875,0.08867159485816956,-0.12222093343734741,0.04041045904159546,-0.17363005876541138,0.04045434296131134,-0.25098055601119995,0.04791608452796936,-0.16789817810058594,0.04904283583164215,-0.10963869094848633,-0.0026397258043289185,-0.1636466383934021,-0.0025361180305480957,-0.2301810085773468,0.01107478141784668,-0.15424379706382751,0.017076075077056885,-0.10295790433883667,-0.04840090870857239,-0.14313393831253052,-0.047896116971969604,-0.19030645489692688,-0.027865231037139893,-0.14013317227363586,-0.015234053134918213,-0.10252827405929565,A
0.0,0.0,0.07954832911491394,-0.03286701440811157,0.1427287459373474,-0.08776378631591797,0.16386482119560242,-0.155692458152771,0.17345115542411804,-0.2097136676311493,0.08813241124153137,-0.18143367767333984,0.09237799048423767,-0.25060129165649414,0.09421849250793457,-0.18725252151489258,0.08885073661804199,-0.12984073162078857,0.04320909082889557,-0.18406519293785095,0.04357357323169708,-0.2594813406467438,0.047853440046310425,-0.17892497777938843,0.04916803538799286,-0.12002497911453247,8.526444435119629e-05,-0.17361745238304138,7.639825344085693e-05,-0.23800325393676758,0.011572465300559998,-0.16302987933158875,0.01737372577190399,-0.11015927791595459,-0.046123772859573364,-0.15164366364479065,-0.04492858052253723,-0.19951406121253967,-0.02525991201400757,-0.1496858298778534,-0.012786656618118286,-0.1112055778503418,A
0.0,0.0,0.07878215610980988,-0.03618663549423218,0.14105142652988434,-0.09064996242523193,0.16275624930858612,-0.16110771894454956,0.1712539941072464,-0.21262609958648682,0.08471526205539703,-0.18288609385490417,0.0866350382566452,-0.25341707468032837,0.09168495237827301,-0.18597370386123657,0.08899621665477753,-0.1284703016281128,0.039421021938323975,-0.18391883373260498,0.039338067173957825,-0.2573269307613373,0.04770892858505249,-0.17293426394462585,0.04992783069610596,-0.11638432741165161,-0.003677457571029663,-0.17245244979858398,-0.003374844789505005,-0.2379271686077118,0.010304197669029236,-0.16088855266571045,0.016031071543693542,-0.1083257794380188,-0.049685999751091,-0.14920267462730408,-0.050063326954841614,-0.1975283920764923,-0.028779655694961548,-0.14776822924613953,-0.015529558062553406,-0.10798722505569458,A
0.0,0.0,0.0815834254026413,-0.04016631841659546,0.14224660396575928,-0.08635479211807251,0.16410627961158752,-0.1558799147605896,0.17304730415344238,-0.2112744152545929,0.0862656980752945,-0.18379783630371094,0.08689406514167786,-0.25225934386253357,0.08858340978622437,-0.18825417757034302,0.08491748571395874,-0.1299636960029602,0.040772512555122375,-0.18504482507705688,0.038405388593673706,-0.256986141204834,0.04363735020160675,-0.1731947362422943,0.04702058434486389,-0.1157258152961731,-0.002514570951461792,-0.17258918285369873,-0.005012378096580505,-0.23645415902137756,0.004578143358230591,-0.16110748052597046,0.012406617403030396,-0.10796988010406494,-0.04641711711883545,-0.1460587978363037,-0.05050498992204666,-0.19603434205055237,-0.0320376455783844,-0.14836806058883667,-0.01739022135734558,-0.11104559898376465,A
0.0,0.0,0.08286644518375397,-0.03936725854873657,0.1444556713104248,-0.09082901477813721,0.1667713224887848,-0.16217443346977234,0.17573204636573792,-0.217086523771286,0.08787460625171661,-0.1833958923816681,0.08796867728233337,-0.2562044858932495,0.08953724801540375,-0.1928318738937378,0.08591538667678833,-0.13372188806533813,0.04142707586288452,-0.18456622958183289,0.040363773703575134,-0.2630673944950104,0.04467456042766571,-0.18048223853111267,0.04647450149059296,-0.12064939737319946,-0.002497345209121704,-0.17319238185882568,-0.0033895373344421387,-0.24052798748016357,0.007750526070594788,-0.1659781038761139,0.015277832746505737,-0.11184835433959961,-0.04774384945631027,-0.14925804734230042,-0.04935114085674286,-0.19944551587104797,-0.029206901788711548,-0.15159395337104797,-0.014384180307388306,-0.11357587575912476,A
0.0,0.0,0.08163481950759888,-0.04096025228500366,0.14343391358852386,-0.09258139133453369,0.16756464540958405,-0.16260236501693726,0.1761818379163742,-0.21599891781806946,0.08990733325481415,-0.18469148874282837,0.08893661201000214,-0.25680166482925415,0.0886891782283783,-0.19317537546157837,0.08491809666156769,-0.13523778319358826,0.04335242509841919,-0.18752944469451904,0.04133547842502594,-0.26483142375946045,0.04326479136943817,-0.18166297674179077,0.04515552520751953,-0.12281215190887451,-0.0005415230989456177,-0.1762876808643341,-0.0021400898694992065,-0.24216288328170776,0.006482020020484924,-0.16619443893432617,0.013891831040382385,-0.11254286766052246,-0.04577721655368805,-0.15138128399848938,-0.04760260879993439,-0.20140492916107178,-0.02876073122024536,-0.15145885944366455,-0.014616355299949646,-0.11361080408096313,A
0.0,0.0,0.07878603041172028,-0.0362895131111145,0.14074888825416565,-0.09007465839385986,0.16545209288597107,-0.1591656506061554,0.1727343201637268,-0.21299579739570618,0.08707766234874725,-0.18446335196495056,0.08691971004009247,-0.25320881605148315,0.08767123520374298,-0.18697935342788696,0.08417382836341858,-0.13023698329925537,0.040559783577919006,-0.18601664900779724,0.038369253277778625,-0.2592369616031647,0.04334475100040436,-0.17725053429603577,0.04642711579799652,-0.12096977233886719,-0.0030070245265960693,-0.17402666807174683,-0.006275191903114319,-0.23586568236351013,0.005381375551223755,-0.16034182906150818,0.013529688119888306,-0.10983550548553467,-0.047895483672618866,-0.1498689353466034,-0.05018407851457596,-0.1951010823249817,-0.031490638852119446,-0.14467734098434448,-0.017843812704086304,-0.10711079835891724,A
0.0,0.0,0.07537119090557098,-0.03277111053466797,0.13996759057044983,-0.08389568328857422,0.16569271683692932,-0.1491561233997345,0.1748245656490326,-0.205780029296875,0.0875675231218338,-0.18122577667236328,0.0868094265460968,-0.24716979265213013,0.08612214028835297,-0.18698948621749878,0.08352614939212799,-0.13050591945648193,0.04101558029651642,-0.1829189956188202,0.03831729292869568,-0.2559477984905243,0.040582314133644104,-0.17934191226959229,0.04441338777542114,-0.1205548644065857,-0.0032897591590881348,-0.17042726278305054,-0.006267130374908447,-0.23125070333480835,0.0035057365894317627,-0.1589488685131073,0.011774063110351562,-0.10729891061782837,-0.04779510200023651,-0.146456778049469,-0.04894609749317169,-0.19256561994552612,-0.03207555413246155,-0.14282411336898804,-0.019696712493896484,-0.10454928874969482,A
0.0,0.0,0.08665162324905396,-0.048350512981414795,0.14649611711502075,-0.09703630208969116,0.16936281323432922,-0.17088380455970764,0.1768445074558258,-0.22320586442947388,0.0898476094007492,-0.19288864731788635,0.0897306501865387,-0.25961625576019287,0.09288543462753296,-0.19387850165367126,0.0899583101272583,-0.1370929479598999,0.042924121022224426,-0.19598066806793213,0.04101499915122986,-0.2674860656261444,0.04775819182395935,-0.1808728575706482,0.05108925700187683,-0.12426882982254028,-0.00148068368434906,-0.18287873268127441,-0.0024758726358413696,-0.24241837859153748,0.009074091911315918,-0.166441410779953,0.017369046807289124,-0.11505091190338135,-0.046660929918289185,-0.15476053953170776,-0.0484243705868721,-0.2029813826084137,-0.028222613036632538,-0.1537562906742096,-0.013898640871047974,-0.12026959657669067,A
0.0,0.0,0.08283701539039612,-0.0437888503074646,0.14508239924907684,-0.09289199113845825,0.16948504745960236,-0.16282528638839722,0.17816250026226044,-0.21745339035987854,0.09025461971759796,-0.18719074130058289,0.08924463391304016,-0.25739985704421997,0.09180968999862671,-0.19481691718101501,0.08956751227378845,-0.13859617710113525,0.043295249342918396,-0.19035592675209045,0.040111348032951355,-0.2652183473110199,0.04590238630771637,-0.18306651711463928,0.049961403012275696,-0.12573343515396118,-0.0009691417217254639,-0.17806586623191833,-0.0036765187978744507,-0.23887500166893005,0.008529886603355408,-0.1658039093017578,0.0174952894449234,-0.11469101905822754,-0.046304717659950256,-0.15186461806297302,-0.04836597293615341,-0.19974511861801147,-0.027908675372600555,-0.15243738889694214,-0.013724550604820251,-0.11750811338424683,A
0.0,0.0,0.08035102486610413,-0.04711264371871948,0.14361326396465302,-0.0972481369972229,0.16757236421108246,-0.16705596446990967,0.1764363795518875,-0.22072750329971313,0.08982978761196136,-0.1934027075767517,0.08818839490413666,-0.26342546939849854,0.08644235134124756,-0.19880852103233337,0.08269648253917694,-0.139949232339859,0.04447665810585022,-0.1972995400428772,0.04064394533634186,-0.27179649472236633,0.041847094893455505,-0.18818780779838562,0.04504445195198059,-0.12873825430870056,0.001194193959236145,-0.18446657061576843,-0.0034669488668441772,-0.24806523323059082,0.0051456838846206665,-0.1730010211467743,0.01408359408378601,-0.11889398097991943,-0.042678751051425934,-0.1564660668373108,-0.047530852258205414,-0.2037988305091858,-0.02867622673511505,-0.1535390317440033,-0.013846054673194885,-0.1161956787109375,A
0.0,0.0,0.08181187510490417,-0.046713829040527344,0.14473755657672882,-0.09609377384185791,0.1698916107416153,-0.1660151183605194,0.1772870272397995,-0.22128081321716309,0.0916120857000351,-0.1907271146774292,0.08893491327762604,-0.26079079508781433,0.0882817804813385,-0.19573646783828735,0.08556285500526428,-0.13639101386070251,0.04478016495704651,-0.19398608803749084,0.04056943953037262,-0.268915057182312,0.04214848577976227,-0.18514761328697205,0.04574297368526459,-0.12653899192810059,0.0005715936422348022,-0.18170049786567688,-0.003114566206932068,-0.24402546882629395,0.005380421876907349,-0.16941270232200623,0.014118537306785583,-0.11619853973388672,-0.04436343163251877,-0.15567931532859802,-0.04774611443281174,-0.20441550016403198,-0.028742805123329163,-0.15506777167320251,-0.013899117708206177,-0.11845433712005615,A
0.0,0.0,0.08597566187381744,-0.04684948921203613,0.14638106524944305,-0.09865707159042358,0.1697312444448471,-0.17365124821662903,0.1785462349653244,-0.22794115543365479,0.08860887587070465,-0.19446992874145508,0.08977647125720978,-0.2637809216976166,0.09035198390483856,-0.1984424591064453,0.08618192374706268,-0.13963311910629272,0.04239332675933838,-0.19815608859062195,0.04042541980743408,-0.2722851037979126,0.046345293521881104,-0.18625175952911377,0.050578489899635315,-0.12772393226623535,-0.0018305480480194092,-0.1853637397289276,-0.0031792372465133667,-0.24776691198349,0.008500128984451294,-0.16938400268554688,0.016594216227531433,-0.11513763666152954,-0.047841884195804596,-0.15771889686584473,-0.04717151075601578,-0.20675444602966309,-0.027724280953407288,-0.15483695268630981,-0.015567243099212646,-0.11856621503829956,A
0.0,0.0,0.08156435191631317,-0.041634202003479004,0.14466913044452667,-0.09855180978775024,0.16889213025569916,-0.17042207717895508,0.17762933671474457,-0.22253429889678955,0.09087814390659332,-0.19084501266479492,0.08707155287265778,-0.2590862512588501,0.08785350620746613,-0.19456011056900024,0.08613356947898865,-0.1360962688922882,0.04238609969615936,-0.19285979866981506,0.03816013038158417,-0.26791995763778687,0.04153631627559662,-0.18460997939109802,0.04598771035671234,-0.12470704317092896,-0.0028049051761627197,-0.18047067523002625,-0.0063460469245910645,-0.24295330047607422,0.0040158480405807495,-0.16759690642356873,0.013845369219779968,-0.1134573221206665,-0.04859728366136551,-0.15410542488098145,-0.0505404993891716,-0.200335294008255,-0.031991586089134216,-0.15137502551078796,-0.016963377594947815,-0.11343276500701904,A
0.0,0.0,0.0817943811416626,-0.04296565055847168,0.14417698979377747,-0.09825736284255981,0.16900396347045898,-0.1701296865940094,0.1783757209777832,-0.2227732539176941,0.09187310934066772,-0.1920129358768463,0.08817169070243835,-0.26069286465644836,0.0889434814453125,-0.19490903615951538,0.08671826124191284,-0.13666784763336182,0.04348821938037872,-0.19493719935417175,0.03865422308444977,-0.26939690113067627,0.04240044951438904,-0.18408772349357605,0.04676567018032074,-0.12507838010787964,-0.0019361376762390137,-0.18252158164978027,-0.0060794055461883545,-0.24383381009101868,0.0042497217655181885,-0.16708427667617798,0.01371067762374878,-0.11393499374389648,-0.04798629879951477,-0.15587976574897766,-0.050289951264858246,-0.2027963101863861,-0.03153100609779358,-0.15187552571296692,-0.017150521278381348,-0.11463922262191772,A
0.0,0.0,0.08554689586162567,-0.04776155948638916,0.14674244821071625,-0.0994611382484436,0.1686093956232071,-0.17361915111541748,0.17905329167842865,-0.22868210077285767,0.09154514968395233,-0.1910533308982849,0.0891372412443161,-0.26367616653442383,0.0889989584684372,-0.19943299889564514,0.08631816506385803,-0.14048007130622864,0.044226765632629395,-0.19427505135536194,0.03994128108024597,-0.2723764479160309,0.04311762750148773,-0.18913307785987854,0.04763033986091614,-0.12973245978355408,-0.00024725496768951416,-0.18190306425094604,-0.0035151243209838867,-0.24459007382392883,0.006859347224235535,-0.1692764163017273,0.016741499304771423,-0.11528795957565308,-0.04664294421672821,-0.15521693229675293,-0.04970771074295044,-0.2050463855266571,-0.02919977903366089,-0.15621328353881836,-0.012863948941230774,-0.11819964647293091,A
0.0,0.0,0.08577346801757812,-0.05319249629974365,0.14552941918373108,-0.10660988092422485,0.16824933886528015,-0.18315723538398743,0.17697107791900635,-0.23719313740730286,0.0907004177570343,-0.19750192761421204,0.08936503529548645,-0.2654925584793091,0.08915317058563232,-0.20105603337287903,0.08551338315010071,-0.1414814591407776,0.04350471496582031,-0.20133328437805176,0.04009604454040527,-0.2735815644264221,0.04308594763278961,-0.18444567918777466,0.046277210116386414,-0.12398910522460938,-0.0009218454360961914,-0.18795371055603027,-0.0037018656730651855,-0.2464888095855713,0.0050989240407943726,-0.16869741678237915,0.012601405382156372,-0.11499828100204468,-0.046922460198402405,-0.16064128279685974,-0.04951527714729309,-0.20944979786872864,-0.031088441610336304,-0.15757694840431213,-0.01834648847579956,-0.12347626686096191,A
0.0,0.0,0.08544869720935822,-0.0522993803024292,0.14393387734889984,-0.10553181171417236,0.1664404720067978,-0.18179738521575928,0.17445306479930878,-0.23673930764198303,0.08731989562511444,-0.1960490643978119,0.08711494505405426,-0.2650814354419708,0.08710537850856781,-0.20361343026161194,0.08225348591804504,-0.1458107829093933,0.040968433022499084,-0.1994771957397461,0.038041889667510986,-0.2737160325050354,0.04117238521575928,-0.18725907802581787,0.04298505187034607,-0.12711316347122192,-0.002897202968597412,-0.18628278374671936,-0.005522400140762329,-0.24606943130493164,0.004203140735626221,-0.16959518194198608,0.011026576161384583,-0.1165880560874939,-0.04894471913576126,-0.15895462036132812,-0.05116220563650131,-0.20847481489181519,-0.031103059649467468,-0.15783679485321045,-0.017739146947860718,-0.12314128875732422,A
0.0,0.0,0.08401381969451904,-0.04979211091995239,0.1441652476787567,-0.10335081815719604,0.16773033142089844,-0.1790286898612976,0.17557451128959656,-0.23399066925048828,0.08868977427482605,-0.1959114968776703,0.08818301558494568,-0.2636309266090393,0.08769500255584717,-0.20229655504226685,0.08303582668304443,-0.1454187035560608,0.04204387962818146,-0.19958558678627014,0.039058953523635864,-0.2728145718574524,0.04205545783042908,-0.18698439002037048,0.04419511556625366,-0.12753835320472717,-0.002033144235610962,-0.18631184101104736,-0.005028098821640015,-0.24568605422973633,0.004805564880371094,-0.16883432865142822,0.012212783098220825,-0.1159968376159668,-0.048112012445926666,-0.1582259237766266,-0.05039204657077789,-0.20691260695457458,-0.030039533972740173,-0.15629839897155762,-0.016248643398284912,-0.12167823314666748,A
0.0,0.0,0.08375924825668335,-0.045568108558654785,0.14326927065849304,-0.10335284471511841,0.16381043195724487,-0.1796255111694336,0.17266368865966797,-0.2340455949306488,0.08849400281906128,-0.19559726119041443,0.08922019600868225,-0.2621837258338928,0.08878344297409058,-0.19950568675994873,0.08414703607559204,-0.14141002297401428,0.041462644934654236,-0.19874823093414307,0.039500027894973755,-0.2707371711730957,0.04275147616863251,-0.1863497495651245,0.04508952796459198,-0.12586486339569092,-0.002720251679420471,-0.18532824516296387,-0.005688846111297607,-0.24530631303787231,0.0045601725578308105,-0.16772374510765076,0.011725783348083496,-0.11451166868209839,-0.05013090372085571,-0.15786847472190857,-0.05197060853242874,-0.20713552832603455,-0.032769978046417236,-0.1567898392677307,-0.01988154649734497,-0.12043696641921997,A
0.0,0.0,0.0843113362789154,-0.04994839429855347,0.14303916692733765,-0.10884732007980347,0.16286081075668335,-0.18591469526290894,0.16493621468544006,-0.23306161165237427,0.08673441410064697,-0.19679659605026245,0.08993834257125854,-0.2654619514942169,0.09229427576065063,-0.2012331187725067,0.08798784017562866,-0.14279299974441528,0.03915220499038696,-0.20043450593948364,0.04107879102230072,-0.2762460708618164,0.04616585373878479,-0.18896427750587463,0.04819120466709137,-0.12741619348526,-0.005160659551620483,-0.18769970536231995,-0.0034563839435577393,-0.2503945231437683,0.007097378373146057,-0.171057790517807,0.012669071555137634,-0.11527818441390991,-0.0527520552277565,-0.1618981659412384,-0.05004233866930008,-0.21376600861549377,-0.030908659100532532,-0.1630043089389801,-0.020120233297348022,-0.12535995244979858,A
0.0,0.0,0.07238008081912994,-0.040968239307403564,0.11584672331809998,-0.11466813087463379,0.11883151531219482,-0.1847231686115265,0.10724467039108276,-0.2335813343524933,0.051374733448028564,-0.19942176342010498,0.059417515993118286,-0.27572816610336304,0.07501652836799622,-0.216393381357193,0.07142546772956848,-0.15038534998893738,0.009260058403015137,-0.19264990091323853,0.01498936116695404,-0.28136467933654785,0.03651037812232971,-0.199966698884964,0.03722222149372101,-0.1266130805015564,-0.033200934529304504,-0.1781526803970337,-0.023610085248947144,-0.24835538864135742,0.0008597820997238159,-0.16876232624053955,0.002929985523223877,-0.10545647144317627,-0.08150370419025421,-0.1569126844406128,-0.0660124346613884,-0.21025052666664124,-0.041260018944740295,-0.1650559902191162,-0.03599563241004944,-0.12295860052108765,A
0.0,0.0,0.06640565395355225,-0.039845287799835205,0.10324621200561523,-0.11628001928329468,0.09813058376312256,-0.18023157119750977,0.09093433618545532,-0.22894519567489624,0.037373706698417664,-0.20420992374420166,0.04712565243244171,-0.277043879032135,0.06408202648162842,-0.21823054552078247,0.06365355849266052,-0.15308603644371033,-0.0022647082805633545,-0.19733408093452454,0.006052345037460327,-0.2835193872451782,0.029000625014305115,-0.20903423428535461,0.03356316685676575,-0.13886401057243347,-0.043886661529541016,-0.18192902207374573,-0.030290544033050537,-0.2506085932254791,-0.0029230117797851562,-0.1727929711341858,0.0029830634593963623,-0.10793626308441162,-0.09033045917749405,-0.15632638335227966,-0.06802449375391006,-0.20717871189117432,-0.03896014392375946,-0.1571522355079651,-0.029501527547836304,-0.10863417387008667,A
0.0,0.0,0.06902119517326355,-0.04497790336608887,0.10512757301330566,-0.12475094199180603,0.09943938255310059,-0.1912309229373932,0.08991962671279907,-0.23838287591934204,0.04011930525302887,-0.20884937047958374,0.05081947147846222,-0.2793671190738678,0.06558704376220703,-0.2227635383605957,0.0655076801776886,-0.15713092684745789,-0.00013901293277740479,-0.20271843671798706,0.01035897433757782,-0.2860769033432007,0.030980274081230164,-0.21061980724334717,0.03448748588562012,-0.1378350853919983,-0.042608872056007385,-0.1871664822101593,-0.0273149311542511,-0.25450408458709717,-0.0011541545391082764,-0.177598774433136,0.00424039363861084,-0.11063069105148315,-0.0899859368801117,-0.16035571694374084,-0.06666304916143417,-0.2121070921421051,-0.03680419921875,-0.16277983784675598,-0.026286303997039795,-0.11356651782989502,A
0.0,0.0,0.06417185068130493,-0.04734992980957031,0.092702716588974,-0.1254415214061737,0.08452364802360535,-0.18757405877113342,0.07390061020851135,-0.23516800999641418,0.027839690446853638,-0.20908990502357483,0.03707948327064514,-0.2795364260673523,0.05543726682662964,-0.22121864557266235,0.056805893778800964,-0.15557625889778137,-0.00984075665473938,-0.2017958164215088,-0.0011058598756790161,-0.28603047132492065,0.021869763731956482,-0.20926988124847412,0.02592945098876953,-0.13782742619514465,-0.051017701625823975,-0.18498262763023376,-0.03524962067604065,-0.2524425983428955,-0.008133307099342346,-0.17401880025863647,-0.0031791329383850098,-0.10898721218109131,-0.09747210890054703,-0.15639793872833252,-0.0751846432685852,-0.21059292554855347,-0.04587686061859131,-0.1617148220539093,-0.03671804070472717,-0.11422979831695557,A
0.0,0.0,0.06791086494922638,-0.05175226926803589,0.09899930655956268,-0.13306906819343567,0.08785326778888702,-0.1971689760684967,0.07282109558582306,-0.24203458428382874,0.030240848660469055,-0.21060138940811157,0.0407966673374176,-0.28044000267982483,0.0591321736574173,-0.22454780340194702,0.06200118362903595,-0.15957912802696228,-0.009226307272911072,-0.20361697673797607,0.0003223121166229248,-0.287227988243103,0.02481594681739807,-0.21468418836593628,0.031217068433761597,-0.14322200417518616,-0.05134107172489166,-0.18705636262893677,-0.03372131288051605,-0.24991130828857422,-0.005243197083473206,-0.17571333050727844,0.0009753108024597168,-0.11165910959243774,-0.09811355173587799,-0.15861043334007263,-0.07244700938463211,-0.20968732237815857,-0.04181613028049469,-0.16229397058486938,-0.031927481293678284,-0.11507678031921387,A
0.0,0.0,0.07241062819957733,-0.049923837184906006,0.12000901997089386,-0.12289983034133911,0.12200547754764557,-0.18532153964042664,0.1098494678735733,-0.22616636753082275,0.051272422075271606,-0.21042388677597046,0.054992079734802246,-0.28258493542671204,0.06659255921840668,-0.22195175290107727,0.06865699589252472,-0.1598205864429474,0.00856025516986847,-0.20366358757019043,0.010566353797912598,-0.2869710326194763,0.027222514152526855,-0.2087285816669464,0.033814847469329834,-0.14049604535102844,-0.035152822732925415,-0.1852450668811798,-0.033908724784851074,-0.2560018002986908,-0.00814385712146759,-0.17906725406646729,0.00299854576587677,-0.11566793918609619,-0.08207396417856216,-0.1540296971797943,-0.0772591233253479,-0.21216583251953125,-0.04686540365219116,-0.16462969779968262,-0.029104307293891907,-0.11773210763931274,A
0.0,0.0,0.07325747609138489,-0.04286551475524902,0.12075039744377136,-0.11826345324516296,0.1223878264427185,-0.1834920048713684,0.10724538564682007,-0.22355610132217407,0.05288010835647583,-0.2090855836868286,0.0564410537481308,-0.27611371874809265,0.06892503798007965,-0.21447446942329407,0.0706765353679657,-0.15156525373458862,0.007666498422622681,-0.20137670636177063,0.0083695650100708,-0.28350111842155457,0.027343660593032837,-0.20594853162765503,0.03411242365837097,-0.13788264989852905,-0.0366702675819397,-0.18205636739730835,-0.03575241565704346,-0.2482772171497345,-0.007668033242225647,-0.17152363061904907,0.0034048110246658325,-0.1107550859451294,-0.08241930603981018,-0.15067607164382935,-0.07531850785017014,-0.20473134517669678,-0.04504495859146118,-0.1584714651107788,-0.029773667454719543,-0.11461687088012695,A
0.0,0.0,0.0830894410610199,-0.05466282367706299,0.1450507640838623,-0.1135491132736206,0.17042648792266846,-0.18429595232009888,0.1899300217628479,-0.23157456517219543,0.07800546288490295,-0.21192339062690735,0.07542330026626587,-0.2806490957736969,0.08020077645778656,-0.2150828242301941,0.0811692476272583,-0.15819481015205383,0.031243860721588135,-0.21164050698280334,0.027079597115516663,-0.28571081161499023,0.03751000761985779,-0.19821831583976746,0.044144272804260254,-0.14245936274528503,-0.01354372501373291,-0.19233959913253784,-0.017589285969734192,-0.25309860706329346,-0.0010478496551513672,-0.1751570999622345,0.010412931442260742,-0.12614792585372925,-0.05594643950462341,-0.15659362077713013,-0.05935554951429367,-0.20919790863990784,-0.034767091274261475,-0.1569787859916687,-0.020011067390441895,-0.12190544605255127,A
0.0,0.0,0.08282795548439026,-0.05344748497009277,0.14702197909355164,-0.11432600021362305,0.17597618699073792,-0.19474998116493225,0.1920931041240692,-0.25314101576805115,0.07820843160152435,-0.21762695908546448,0.06705667078495026,-0.28542715311050415,0.07291962206363678,-0.21221989393234253,0.0753917396068573,-0.15159031748771667,0.028934985399246216,-0.21360689401626587,0.016396626830101013,-0.2848753333091736,0.03017565608024597,-0.1916705071926117,0.04001627862453461,-0.1339094042778015,-0.01690247654914856,-0.19318032264709473,-0.02666577696800232,-0.25358080863952637,-0.007822304964065552,-0.17203488945960999,0.0067442357540130615,-0.12014859914779663,-0.06037253141403198,-0.15742018818855286,-0.06850989162921906,-0.20632684230804443,-0.04221784323453903,-0.15144965052604675,-0.02378752827644348,-0.11683499813079834,A
0.0,0.0,0.07932502031326294,-0.04792892932891846,0.14336204528808594,-0.11360132694244385,0.1696230173110962,-0.19478777050971985,0.17991891503334045,-0.2582274079322815,0.06915029883384705,-0.21478170156478882,0.05348493158817291,-0.2870580554008484,0.06200644373893738,-0.21291717886924744,0.06674434244632721,-0.14873012900352478,0.01790507137775421,-0.20491045713424683,3.269314765930176e-05,-0.2844565212726593,0.017723634839057922,-0.1938951015472412,0.030793771147727966,-0.13097047805786133,-0.027460336685180664,-0.18277251720428467,-0.043229907751083374,-0.2516472041606903,-0.01850670576095581,-0.17111361026763916,0.00028449296951293945,-0.11599427461624146,-0.07126282900571823,-0.14739802479743958,-0.08177496492862701,-0.19858360290527344,-0.05419065058231354,-0.14791524410247803,-0.032229408621788025,-0.1088719367980957,A
0.0,0.0,0.08140291273593903,-0.05573946237564087,0.14580540359020233,-0.12072008848190308,0.1712474375963211,-0.2011592984199524,0.1802995651960373,-0.26589667797088623,0.06920948624610901,-0.2175551950931549,0.05373623967170715,-0.2912386655807495,0.06234559416770935,-0.21766355633735657,0.06778553128242493,-0.15237802267074585,0.019367724657058716,-0.20758691430091858,0.001187637448310852,-0.28890910744667053,0.019527092576026917,-0.20110473036766052,0.033125072717666626,-0.13768529891967773,-0.025093749165534973,-0.18495133519172668,-0.04040731489658356,-0.2559964060783386,-0.015209004282951355,-0.17774400115013123,0.003363296389579773,-0.12164753675460815,-0.06736451387405396,-0.14896708726882935,-0.07801597565412521,-0.20207884907722473,-0.048828162252902985,-0.15357890725135803,-0.027125254273414612,-0.115145742893219,A
0.0,0.0,0.07883559167385101,-0.05376464128494263,0.14260722696781158,-0.12547481060028076,0.16006408631801605,-0.21331346035003662,0.15432356297969818,-0.2887095808982849,0.06616781651973724,-0.22177529335021973,0.045768752694129944,-0.29382941126823425,0.05109550058841705,-0.21862971782684326,0.05770045518875122,-0.15248993039131165,0.014518365263938904,-0.20943811535835266,-0.008772999048233032,-0.28700441122055054,0.007976606488227844,-0.19590666890144348,0.024720102548599243,-0.1305236518383026,-0.029928937554359436,-0.18543890118598938,-0.051683977246284485,-0.24961113929748535,-0.02660517394542694,-0.16754338145256042,-0.004159718751907349,-0.11218464374542236,-0.0714070126414299,-0.14865395426750183,-0.08613782376050949,-0.19661197066307068,-0.05928714573383331,-0.14190372824668884,-0.034862861037254333,-0.10170918703079224,A
0.0,0.0,0.08017449080944061,-0.06766641139984131,0.1422225683927536,-0.13539111614227295,0.16091476380825043,-0.22185826301574707,0.15696342289447784,-0.2949877679347992,0.06303146481513977,-0.23100429773330688,0.04433353245258331,-0.30100327730178833,0.053728893399238586,-0.22613480687141418,0.0603816956281662,-0.16085585951805115,0.013712301850318909,-0.22033336758613586,-0.008363917469978333,-0.29542601108551025,0.011140957474708557,-0.20742106437683105,0.026799708604812622,-0.14510834217071533,-0.029888436198234558,-0.19601348042488098,-0.04934675991535187,-0.259792685508728,-0.022859394550323486,-0.1824946403503418,-0.0011093765497207642,-0.12726515531539917,-0.07078331708908081,-0.15667402744293213,-0.08446625620126724,-0.20598360896110535,-0.05433019995689392,-0.15876105427742004,-0.029208138585090637,-0.12105369567871094,A
0.0,0.0,0.08038313686847687,-0.06606036424636841,0.1418469399213791,-0.13450747728347778,0.16212476789951324,-0.22212949395179749,0.15732978284358978,-0.29527726769447327,0.06317026913166046,-0.22988605499267578,0.04489406943321228,-0.2997150421142578,0.05400104820728302,-0.22585529088974,0.06074133515357971,-0.16116118431091309,0.014391377568244934,-0.21902135014533997,-0.007116794586181641,-0.29230955243110657,0.012791022658348083,-0.20370620489120483,0.02880457043647766,-0.14195016026496887,-0.030245378613471985,-0.19508656859397888,-0.04912647604942322,-0.258545458316803,-0.02289949357509613,-0.18083277344703674,-0.0005889385938644409,-0.12558507919311523,-0.07201991230249405,-0.15687036514282227,-0.08410252630710602,-0.20528414845466614,-0.0550314262509346,-0.15733635425567627,-0.030505910515785217,-0.11976808309555054,A
0.0,0.0,0.07680907845497131,-0.05409812927246094,0.13771817088127136,-0.12710654735565186,0.15719637274742126,-0.2130865752696991,0.15380799770355225,-0.2853633463382721,0.0604984313249588,-0.2217748761177063,0.03769834339618683,-0.29202771186828613,0.04586583375930786,-0.21665185689926147,0.054981350898742676,-0.15405231714248657,0.00975412130355835,-0.20796054601669312,-0.01630467176437378,-0.28285452723503113,0.0051678866147994995,-0.19266507029533386,0.02480137348175049,-0.13256964087486267,-0.03427751362323761,-0.18382206559181213,-0.05741235613822937,-0.24495857954025269,-0.028259113430976868,-0.16579478979110718,-0.003914684057235718,-0.11505478620529175,-0.07507510483264923,-0.1480352282524109,-0.09203001856803894,-0.19429978728294373,-0.06214388459920883,-0.14433181285858154,-0.03612619638442993,-0.10904872417449951,A
0.0,0.0,0.08000612258911133,-0.06465274095535278,0.14280423521995544,-0.13560980558395386,0.16171440482139587,-0.2227262258529663,0.15877369046211243,-0.29465362429618835,0.06707106530666351,-0.2279287874698639,0.04391542077064514,-0.29921650886535645,0.052922844886779785,-0.22211802005767822,0.06210985779762268,-0.15928256511688232,0.015904933214187622,-0.2157578468322754,-0.009062349796295166,-0.292407363653183,0.01150539517402649,-0.20138084888458252,0.028873100876808167,-0.1412610411643982,-0.02870890498161316,-0.1918800175189972,-0.05025160312652588,-0.2580179274082184,-0.023001715540885925,-0.17779985070228577,-0.0008731633424758911,-0.12475711107254028,-0.06984893232584,-0.15492916107177734,-0.0856676697731018,-0.20587298274040222,-0.056601911783218384,-0.15543988347053528,-0.032549530267715454,-0.11880004405975342,A
0.0,0.0,0.08015106618404388,-0.06417340040206909,0.14262579381465912,-0.1327919363975525,0.1635415107011795,-0.22080615162849426,0.1603112369775772,-0.2925410866737366,0.06738421320915222,-0.22623425722122192,0.045549243688583374,-0.2974904477596283,0.05526089668273926,-0.22080948948860168,0.06322725117206573,-0.15811952948570251,0.01645021140575409,-0.21534180641174316,-0.007263809442520142,-0.2900718152523041,0.013998180627822876,-0.19895333051681519,0.030321866273880005,-0.140336275100708,-0.02840505540370941,-0.19169923663139343,-0.04883846640586853,-0.2553209960460663,-0.0216570645570755,-0.17681142687797546,0.00039999186992645264,-0.12510663270950317,-0.06936242431402206,-0.1537206768989563,-0.08518955856561661,-0.2037339210510254,-0.05520375818014145,-0.15497684478759766,-0.030465304851531982,-0.11980962753295898,A
0.0,0.0,0.07861527800559998,-0.0619504451751709,0.14153608679771423,-0.13179606199264526,0.16414430737495422,-0.22059917449951172,0.16165462136268616,-0.29449453949928284,0.07061909139156342,-0.22797131538391113,0.04737408459186554,-0.29629749059677124,0.05009301006793976,-0.21958711743354797,0.056645289063453674,-0.15672481060028076,0.019865646958351135,-0.21777594089508057,-0.005074054002761841,-0.28947415947914124,0.010447949171066284,-0.19669342041015625,0.027046695351600647,-0.1364271640777588,-0.02474282681941986,-0.19468596577644348,-0.04570600390434265,-0.2535088360309601,-0.022786855697631836,-0.17366865277290344,-0.0009774118661880493,-0.12167894840240479,-0.06553922593593597,-0.158359557390213,-0.0811757892370224,-0.20372971892356873,-0.05462169647216797,-0.15289199352264404,-0.03059127926826477,-0.11798059940338135,A
0.0,0.0,0.07781648635864258,-0.0647466778755188,0.1394839584827423,-0.13402509689331055,0.16169863939285278,-0.22147518396377563,0.16215702891349792,-0.2925417721271515,0.07149291038513184,-0.22985059022903442,0.046749696135520935,-0.29805511236190796,0.05201174318790436,-0.2208547294139862,0.0601789653301239,-0.15933078527450562,0.020383551716804504,-0.21922439336776733,-0.005408138036727905,-0.29034295678138733,0.011692747473716736,-0.19802576303482056,0.02841249108314514,-0.14004302024841309,-0.024558410048484802,-0.19481095671653748,-0.04579171538352966,-0.25352585315704346,-0.02228441834449768,-0.17364412546157837,-0.0006595104932785034,-0.12264800071716309,-0.06585516780614853,-0.15656477212905884,-0.0820707455277443,-0.20386767387390137,-0.05457053333520889,-0.15270832180976868,-0.030423417687416077,-0.11756342649459839,A
0.0,0.0,0.07957248389720917,-0.07203871011734009,0.14172309637069702,-0.1367529034614563,0.16656982898712158,-0.2235344648361206,0.16645163297653198,-0.2933233380317688,0.07300487160682678,-0.23123952746391296,0.05098727345466614,-0.298875093460083,0.05688349902629852,-0.22154393792152405,0.0637461245059967,-0.1601906716823578,0.022599413990974426,-0.22224226593971252,-0.00016900897026062012,-0.2924720346927643,0.01651141047477722,-0.20013248920440674,0.03138129413127899,-0.1426275372505188,-0.022273480892181396,-0.19790047407150269,-0.04120609164237976,-0.2569311559200287,-0.018929094076156616,-0.17986634373664856,0.002210870385169983,-0.1282220482826233,-0.06216416507959366,-0.15868419408798218,-0.07728341221809387,-0.20631754398345947,-0.04959089308977127,-0.15732309222221375,-0.025581270456314087,-0.1236003041267395,A
0.0,0.0,0.07803554832935333,-0.0677075982093811,0.13872592151165009,-0.13403025269508362,0.16224496066570282,-0.22441232204437256,0.1593090146780014,-0.2957109808921814,0.0681111067533493,-0.22641894221305847,0.0454266220331192,-0.29315054416656494,0.05082985758781433,-0.21553382277488708,0.05753616988658905,-0.153786301612854,0.01685677468776703,-0.2166365385055542,-0.007072955369949341,-0.285960853099823,0.010619178414344788,-0.19160336256027222,0.02671724557876587,-0.13312235474586487,-0.027793273329734802,-0.1921803057193756,-0.04756353050470352,-0.24795448780059814,-0.024922147393226624,-0.16932734847068787,-0.003572613000869751,-0.11853659152984619,-0.06799288839101791,-0.15382882952690125,-0.08312637358903885,-0.20017623901367188,-0.057831570506095886,-0.14901229739189148,-0.03527964651584625,-0.11525082588195801,A
0.0,0.0,0.0745902806520462,-0.07106834650039673,0.13080774247646332,-0.1482277512550354,0.14651449024677277,-0.2407873570919037,0.14027465879917145,-0.30854153633117676,0.05738382041454315,-0.23138275742530823,0.032098665833473206,-0.29640358686447144,0.04276679456233978,-0.21818286180496216,0.05232176184654236,-0.15684452652931213,0.006741523742675781,-0.21781590580940247,-0.02025492489337921,-0.28685539960861206,0.002745494246482849,-0.1941843330860138,0.020548537373542786,-0.13698923587799072,-0.035680145025253296,-0.19073301553726196,-0.0598442405462265,-0.24606069922447205,-0.031708091497421265,-0.16874095797538757,-0.008340194821357727,-0.12029069662094116,-0.07372831553220749,-0.14941930770874023,-0.0920439213514328,-0.19286683201789856,-0.0619635134935379,-0.1434808373451233,-0.036072760820388794,-0.11168032884597778,A
0.0,0.0,0.07270905375480652,-0.06487900018692017,0.12339010834693909,-0.14983683824539185,0.13024142384529114,-0.23981255292892456,0.11594751477241516,-0.3051724433898926,0.05026000738143921,-0.22340375185012817,0.026423439383506775,-0.29089611768722534,0.03865540027618408,-0.2219284176826477,0.05105714499950409,-0.1576501429080963,0.0006098449230194092,-0.20475754141807556,-0.026047706604003906,-0.2793615460395813,-0.001967981457710266,-0.1950370967388153,0.018565893173217773,-0.13126569986343384,-0.04105639457702637,-0.17578601837158203,-0.0649649053812027,-0.2360495626926422,-0.033526837825775146,-0.16166242957115173,-0.008360564708709717,-0.11007219552993774,-0.07919665426015854,-0.13422513008117676,-0.09627215564250946,-0.18096157908439636,-0.06562994420528412,-0.13381800055503845,-0.03897854685783386,-0.09851205348968506,A
0.0,0.0,0.07094137370586395,-0.06876933574676514,0.12348397076129913,-0.15269431471824646,0.1320468932390213,-0.24318870902061462,0.11566661298274994,-0.30901986360549927,0.04892723262310028,-0.22688475251197815,0.024101853370666504,-0.29100990295410156,0.038854971528053284,-0.22117117047309875,0.053281620144844055,-0.1599419116973877,0.0008593350648880005,-0.20903712511062622,-0.024288982152938843,-0.27883753180503845,0.0004589259624481201,-0.1948779821395874,0.02025158703327179,-0.13454359769821167,-0.04063224792480469,-0.1797405481338501,-0.06377577781677246,-0.2372632622718811,-0.03287772834300995,-0.16469380259513855,-0.009032830595970154,-0.11446899175643921,-0.07901040464639664,-0.13788831233978271,-0.09629441052675247,-0.18342101573944092,-0.06539561599493027,-0.13771790266036987,-0.039699241518974304,-0.1026463508605957,A
0.0,0.0,0.07114988565444946,-0.06640303134918213,0.11870864033699036,-0.15719807147979736,0.11805140972137451,-0.2481418251991272,0.08788850903511047,-0.3051844835281372,0.05149543285369873,-0.2252393662929535,0.025326982140541077,-0.2881563901901245,0.03650577366352081,-0.22692400217056274,0.05149984359741211,-0.16786250472068787,0.0012810230255126953,-0.20664799213409424,-0.025584429502487183,-0.2762950658798218,-0.002188071608543396,-0.19609692692756653,0.01947210729122162,-0.13370570540428162,-0.041558340191841125,-0.17707154154777527,-0.06643279641866684,-0.2323339581489563,-0.035174086689949036,-0.16103222966194153,-0.009780943393707275,-0.11088865995407104,-0.08117204904556274,-0.1354321837425232,-0.09822756052017212,-0.18173304200172424,-0.06865905225276947,-0.1359635591506958,-0.04301437735557556,-0.10173392295837402,A
0.0,0.0,0.070119708776474,-0.06556034088134766,0.11664119362831116,-0.15933695435523987,0.1141495406627655,-0.24913829565048218,0.08561664819717407,-0.30814987421035767,0.048464685678482056,-0.22584012150764465,0.022679403424263,-0.2867579162120819,0.03490824997425079,-0.22038623690605164,0.049062564969062805,-0.16028109192848206,-0.0007893294095993042,-0.20805007219314575,-0.02694748342037201,-0.27822795510292053,-0.004476100206375122,-0.19546565413475037,0.01553809642791748,-0.13198810815811157,-0.0425453782081604,-0.1792275309562683,-0.06783733516931534,-0.23435264825820923,-0.03670760989189148,-0.15947073698043823,-0.011455059051513672,-0.10704463720321655,-0.08178269118070602,-0.13867348432540894,-0.0995970368385315,-0.18529093265533447,-0.07024411857128143,-0.13874024152755737,-0.04398426413536072,-0.10216903686523438,A
0.0,0.0,0.07054358720779419,-0.06479942798614502,0.11689358949661255,-0.15850210189819336,0.11506080627441406,-0.24841198325157166,0.08624505996704102,-0.30645328760147095,0.047655582427978516,-0.22549781203269958,0.022566720843315125,-0.2860093414783478,0.03510640561580658,-0.22084206342697144,0.04908590018749237,-0.16126751899719238,-0.0013024061918258667,-0.20782917737960815,-0.027171671390533447,-0.2783537805080414,-0.004314348101615906,-0.19585931301116943,0.016010180115699768,-0.13314327597618103,-0.04305066168308258,-0.17903685569763184,-0.06761589646339417,-0.23407959938049316,-0.036559268832206726,-0.15974023938179016,-0.011725693941116333,-0.10841131210327148,-0.0821511521935463,-0.1384645700454712,-0.09903115779161453,-0.1844216287136078,-0.06959118694067001,-0.1377459168434143,-0.04375532269477844,-0.10166788101196289,A
0.0,0.0,0.07043898105621338,-0.06710439920425415,0.1182788610458374,-0.15862607955932617,0.1157427728176117,-0.24827253818511963,0.08539965748786926,-0.3054714798927307,0.04956689476966858,-0.2238735556602478,0.02451610565185547,-0.2857269048690796,0.037363648414611816,-0.22196456789970398,0.053372979164123535,-0.1633172631263733,-0.00019368529319763184,-0.20667916536331177,-0.02478019893169403,-0.2778608500957489,-0.0022157281637191772,-0.19669654965400696,0.018943428993225098,-0.13527905941009521,-0.0423244833946228,-0.17834725975990295,-0.06517490744590759,-0.233942449092865,-0.03478573262691498,-0.16046392917633057,-0.009606271982192993,-0.10923415422439575,-0.08159514516592026,-0.13817861676216125,-0.09722783416509628,-0.18634295463562012,-0.06852121651172638,-0.14080476760864258,-0.043173596262931824,-0.10472780466079712,A
0.0,0.0,0.07046236097812653,-0.0641598105430603,0.12259577214717865,-0.1475868821144104,0.12337680160999298,-0.2337590754032135,0.09495551884174347,-0.2916627526283264,0.05475826561450958,-0.2182585895061493,0.034419819712638855,-0.28189918398857117,0.04327130317687988,-0.2209983468055725,0.05490519106388092,-0.16185691952705383,0.006224498152732849,-0.20395693182945251,-0.01484176516532898,-0.2766185402870178,0.0028710514307022095,-0.197616308927536,0.02063429355621338,-0.13477817177772522,-0.03670617938041687,-0.1778130829334259,-0.05605103075504303,-0.23537608981132507,-0.029888123273849487,-0.1626749336719513,-0.007814601063728333,-0.10959959030151367,-0.07769496738910675,-0.1400107443332672,-0.09118038415908813,-0.18912911415100098,-0.06461479514837265,-0.1428980529308319,-0.04167094826698303,-0.10521286725997925,A
0.0,0.0,0.07295194268226624,-0.06494158506393433,0.12633726000785828,-0.14249461889266968,0.12783244252204895,-0.22944515943527222,0.1020810604095459,-0.28773972392082214,0.06185121834278107,-0.21333560347557068,0.04430192708969116,-0.280586838722229,0.05196009576320648,-0.22028213739395142,0.059578344225883484,-0.16089579463005066,0.013779237866401672,-0.2024012804031372,-0.004425078630447388,-0.2758270800113678,0.011828631162643433,-0.19723361730575562,0.026358067989349365,-0.13495275378227234,-0.02912984788417816,-0.1788194179534912,-0.04524587094783783,-0.23934468626976013,-0.02175605297088623,-0.16749748587608337,-0.0036405473947525024,-0.11270147562026978,-0.07193514704704285,-0.142948716878891,-0.08260705322027206,-0.19729948043823242,-0.057440027594566345,-0.15350857377052307,-0.038009077310562134,-0.1150476336479187,A
0.0,0.0,0.073380246758461,-0.0626479983329773,0.12495900690555573,-0.1408368945121765,0.12726207077503204,-0.22842147946357727,0.10278324782848358,-0.2860061228275299,0.06234678626060486,-0.20917755365371704,0.045400574803352356,-0.2769027054309845,0.05358484387397766,-0.21629607677459717,0.06042863428592682,-0.1567491590976715,0.01375626027584076,-0.19999456405639648,-0.003751501441001892,-0.2739280164241791,0.012908563017845154,-0.19431570172309875,0.02614016830921173,-0.13176622986793518,-0.029373884201049805,-0.17721503973007202,-0.0461462140083313,-0.23644867539405823,-0.021977335214614868,-0.1638120412826538,-0.004085823893547058,-0.1103476881980896,-0.07281135767698288,-0.1417820155620575,-0.08475754410028458,-0.19264882802963257,-0.05831166356801987,-0.14966070652008057,-0.03749571740627289,-0.11350983381271362,A
0.0,0.0,0.07532967627048492,-0.057908713817596436,0.12907640635967255,-0.13305431604385376,0.13132275640964508,-0.21742671728134155,0.11000151932239532,-0.2744216024875641,0.06631702184677124,-0.20505711436271667,0.054052188992500305,-0.2745257019996643,0.061521291732788086,-0.21457961201667786,0.06807909905910492,-0.15658685564994812,0.01896516978740692,-0.19632411003112793,0.00635133683681488,-0.271880567073822,0.019763797521591187,-0.19273704290390015,0.03171892464160919,-0.13150393962860107,-0.02424834668636322,-0.17557018995285034,-0.035524845123291016,-0.24105879664421082,-0.01566566526889801,-0.16594555974006653,-0.0008801668882369995,-0.11101973056793213,-0.0682864785194397,-0.14227673411369324,-0.07574906200170517,-0.19559279084205627,-0.052395448088645935,-0.1477023959159851,-0.0347403883934021,-0.1079980731010437,A
0.0,0.0,0.08243942260742188,-0.05883026123046875,0.13714930415153503,-0.12220913171768188,0.14335379004478455,-0.20766526460647583,0.12222248315811157,-0.25820180773735046,0.07851016521453857,-0.1980946660041809,0.07291589677333832,-0.266475647687912,0.0783722996711731,-0.20916002988815308,0.08136063814163208,-0.15151870250701904,0.03152969479560852,-0.19465184211730957,0.024645105004310608,-0.2693517208099365,0.03497597575187683,-0.1916729211807251,0.0427062064409256,-0.13330847024917603,-0.011353284120559692,-0.17707839608192444,-0.017560690641403198,-0.24139147996902466,-0.001825585961341858,-0.16937780380249023,0.008327364921569824,-0.11687415838241577,-0.05523115396499634,-0.14557024836540222,-0.05901797115802765,-0.19980058073997498,-0.03666067123413086,-0.15128874778747559,-0.022977828979492188,-0.11504316329956055,A
0.0,0.0,0.07745373249053955,-0.04821038246154785,0.13560223579406738,-0.11224716901779175,0.14286324381828308,-0.19523173570632935,0.121283620595932,-0.2471572756767273,0.07972264289855957,-0.18843135237693787,0.07544708251953125,-0.25972363352775574,0.07828640937805176,-0.20048940181732178,0.07937231659889221,-0.14575675129890442,0.03282088041305542,-0.1861775815486908,0.026622995734214783,-0.2638844847679138,0.03436444699764252,-0.18629780411720276,0.0410924106836319,-0.12620800733566284,-0.0105971097946167,-0.1707182228565216,-0.016830116510391235,-0.23722779750823975,-0.0023961663246154785,-0.1621960997581482,0.008389204740524292,-0.10608786344528198,-0.056447431445121765,-0.1443537175655365,-0.059938885271549225,-0.1956699788570404,-0.03906148672103882,-0.14838120341300964,-0.023923158645629883,-0.10867124795913696,A
0.0,0.0,0.07693646848201752,-0.04745829105377197,0.13546212017536163,-0.11035096645355225,0.14358516037464142,-0.1927814781665802,0.1213570088148117,-0.2430921196937561,0.08100007474422455,-0.18708038330078125,0.07799671590328217,-0.25718656182289124,0.07982288300991058,-0.19786205887794495,0.080306276679039,-0.1448081135749817,0.033931538462638855,-0.18629932403564453,0.029411807656288147,-0.26201295852661133,0.03589048981666565,-0.18301236629486084,0.04175227880477905,-0.12446030974388123,-0.009751394391059875,-0.17140647768974304,-0.01481771469116211,-0.23414936661720276,-0.0012403130531311035,-0.15886947512626648,0.008732408285140991,-0.10489392280578613,-0.05594317615032196,-0.14557725191116333,-0.05834726244211197,-0.19604811072349548,-0.03776717185974121,-0.14742890000343323,-0.023400500416755676,-0.10909044742584229,A
0.0,0.0,0.07574084401130676,-0.04410123825073242,0.13427361845970154,-0.1085284948348999,0.1432766616344452,-0.18804559111595154,0.1252378523349762,-0.24061399698257446,0.07929444313049316,-0.1838984489440918,0.07803875207901001,-0.2524451017379761,0.07797455787658691,-0.19828200340270996,0.07719069719314575,-0.14391523599624634,0.03312472999095917,-0.1821807324886322,0.03062427043914795,-0.260028600692749,0.03415842354297638,-0.18598124384880066,0.038575589656829834,-0.12439984083175659,-0.010370135307312012,-0.167621910572052,-0.014273464679718018,-0.2353246808052063,-0.0022815465927124023,-0.1627565622329712,0.007348150014877319,-0.1056637167930603,-0.05705592781305313,-0.1424175500869751,-0.05613251030445099,-0.19275832176208496,-0.0368654727935791,-0.14640015363693237,-0.02272588014602661,-0.10569363832473755,A
0.0,0.0,0.07749399542808533,-0.042457520961761475,0.1299484372138977,-0.11004865169525146,0.1328076720237732,-0.19138824939727783,0.11655604839324951,-0.24254095554351807,0.07611759006977081,-0.18415141105651855,0.07322335243225098,-0.25100526213645935,0.07459253072738647,-0.19574803113937378,0.07502579689025879,-0.141572505235672,0.030222415924072266,-0.1829453408718109,0.027712881565093994,-0.25595712661743164,0.033499523997306824,-0.18117281794548035,0.03839370608329773,-0.12181442975997925,-0.012331932783126831,-0.1690603792667389,-0.016536876559257507,-0.23467829823493958,-0.0026662051677703857,-0.1622103750705719,0.0076409876346588135,-0.10679686069488525,-0.058012716472148895,-0.14351972937583923,-0.0588449165225029,-0.19092720746994019,-0.03851956129074097,-0.14520099759101868,-0.023107022047042847,-0.10634452104568481,A
0.0,0.0,0.08310744166374207,-0.051473796367645264,0.13569585978984833,-0.11527550220489502,0.13926033675670624,-0.20170053839683533,0.12869711220264435,-0.2568676471710205,0.08454945683479309,-0.18983697891235352,0.08281661570072174,-0.2541234791278839,0.08379364013671875,-0.19619420170783997,0.08330288529396057,-0.1447845995426178,0.03841841220855713,-0.19264289736747742,0.036344945430755615,-0.2651185095310211,0.04220469295978546,-0.18488809466362,0.04608358442783356,-0.13058233261108398,-0.004838168621063232,-0.17977792024612427,-0.008427143096923828,-0.24170291423797607,0.003192394971847534,-0.1666024923324585,0.011138036847114563,-0.11564052104949951,-0.05010470002889633,-0.1522914171218872,-0.05275025963783264,-0.2009158730506897,-0.03182309865951538,-0.15199780464172363,-0.017612233757972717,-0.11899632215499878,A
0.0,0.0,0.0826813131570816,-0.04810130596160889,0.13000819087028503,-0.11332285404205322,0.13199886679649353,-0.1952572464942932,0.12409630417823792,-0.2496957778930664,0.07829463481903076,-0.18655455112457275,0.07729020714759827,-0.25276097655296326,0.07855692505836487,-0.19660016894340515,0.0767979621887207,-0.13924673199653625,0.03250056505203247,-0.18637683987617493,0.03216397762298584,-0.2598113715648651,0.036397337913513184,-0.18366649746894836,0.039420440793037415,-0.12230736017227173,-0.009588316082954407,-0.17273148894309998,-0.010434523224830627,-0.2388075888156891,0.00037704408168792725,-0.16556808352470398,0.006473734974861145,-0.1098741888999939,-0.05533578246831894,-0.14711546897888184,-0.05466030538082123,-0.1989482045173645,-0.036113440990448,-0.15191161632537842,-0.023926928639411926,-0.11350393295288086,A
0.0,0.0,0.08168746531009674,-0.048193275928497314,0.13020558655261993,-0.11367225646972656,0.13138802349567413,-0.19577741622924805,0.12209068238735199,-0.2504192590713501,0.07768644392490387,-0.18570509552955627,0.07616719603538513,-0.2515527009963989,0.07767532765865326,-0.1959848701953888,0.07604040205478668,-0.13988661766052246,0.032426536083221436,-0.18564429879188538,0.03169733285903931,-0.2592107057571411,0.03594449162483215,-0.18301206827163696,0.039172664284706116,-0.12337362766265869,-0.009662672877311707,-0.17292213439941406,-0.010602205991744995,-0.23789942264556885,-3.241002559661865e-05,-0.16484704613685608,0.006289839744567871,-0.11071741580963135,-0.056028805673122406,-0.1479947865009308,-0.05464404076337814,-0.1986614465713501,-0.03555391728878021,-0.1511482298374176,-0.023025766015052795,-0.11257296800613403,A
0.0,0.0,0.08020572364330292,-0.04518097639083862,0.12752503156661987,-0.11136847734451294,0.1282152533531189,-0.19348284602165222,0.12270626425743103,-0.2496093213558197,0.07394236326217651,-0.1842813491821289,0.07306866347789764,-0.2512490749359131,0.07530148327350616,-0.1974775195121765,0.07435806095600128,-0.14275044202804565,0.029047399759292603,-0.18321287631988525,0.028162449598312378,-0.257377952337265,0.034341633319854736,-0.1821357011795044,0.03889603912830353,-0.12213480472564697,-0.012957081198692322,-0.1701391339302063,-0.015246853232383728,-0.23483091592788696,-0.0006731897592544556,-0.1621503233909607,0.009135574102401733,-0.1076434850692749,-0.05875585228204727,-0.14469200372695923,-0.05944646894931793,-0.19350749254226685,-0.03808155655860901,-0.14862117171287537,-0.021995633840560913,-0.11068981885910034,A
0.0,0.0,0.07715082168579102,-0.04857051372528076,0.12215591967105865,-0.11767798662185669,0.1218513697385788,-0.19969093799591064,0.11398927867412567,-0.25602036714553833,0.06675480306148529,-0.19034308195114136,0.06464847922325134,-0.25407567620277405,0.06757284700870514,-0.19862979650497437,0.06868100166320801,-0.14563274383544922,0.021733403205871582,-0.18746769428253174,0.019428282976150513,-0.2580454349517822,0.02768130600452423,-0.17907091975212097,0.03457735478878021,-0.12107580900192261,-0.020015716552734375,-0.170274555683136,-0.023657307028770447,-0.2314510941505432,-0.007628485560417175,-0.15578612685203552,0.00281737744808197,-0.1041407585144043,-0.06466297805309296,-0.13986709713935852,-0.06761793792247772,-0.18627166748046875,-0.043980926275253296,-0.13902586698532104,-0.02757267653942108,-0.10430151224136353,A
0.0,0.0,0.07159754633903503,-0.04962688684463501,0.11241483688354492,-0.12934556603431702,0.10786879062652588,-0.21180939674377441,0.09535622596740723,-0.26729539036750793,0.05865539610385895,-0.19551342725753784,0.047790348529815674,-0.25831055641174316,0.0540274977684021,-0.2021968960762024,0.05964864790439606,-0.14719641208648682,0.01217639446258545,-0.18684101104736328,0.0021219849586486816,-0.2570318877696991,0.015402957797050476,-0.18004730343818665,0.025501802563667297,-0.11976003646850586,-0.030026152729988098,-0.16515067219734192,-0.040015995502471924,-0.22470974922180176,-0.018459364771842957,-0.14962995052337646,-0.004251569509506226,-0.09569740295410156,-0.07364417612552643,-0.13153716921806335,-0.07919863611459732,-0.17771419882774353,-0.05484268069267273,-0.13025575876235962,-0.03767061233520508,-0.09301155805587769,A
0.0,0.0,0.07078248262405396,-0.05297976732254028,0.1114288866519928,-0.13227200508117676,0.10509803891181946,-0.21344679594039917,0.09332659840583801,-0.27073025703430176,0.05464014410972595,-0.19650986790657043,0.044382378458976746,-0.2626936435699463,0.052442923188209534,-0.2079417109489441,0.05986878275871277,-0.15410366654396057,0.00908537209033966,-0.18691012263298035,-0.0004679262638092041,-0.2604359984397888,0.013569667935371399,-0.18503594398498535,0.025625228881835938,-0.12753117084503174,-0.032596081495285034,-0.16545921564102173,-0.0402064174413681,-0.22799444198608398,-0.018730640411376953,-0.15362605452537537,-0.0037136822938919067,-0.10136145353317261,-0.07523541897535324,-0.1310545802116394,-0.08066661655902863,-0.18133652210235596,-0.055190518498420715,-0.13570141792297363,-0.03607207536697388,-0.09809941053390503,A
0.0,0.0,0.06871241331100464,-0.05342996120452881,0.1031457930803299,-0.14198076725006104,0.09098003804683685,-0.22549784183502197,0.07342790067195892,-0.28064000606536865,0.046205878257751465,-0.20391663908958435,0.028299540281295776,-0.2637452185153961,0.03776247799396515,-0.20551109313964844,0.048369839787483215,-0.1508101522922516,-0.0012496411800384521,-0.1874326467514038,-0.02110983431339264,-0.25639694929122925,0.00022491812705993652,-0.18171465396881104,0.018089398741722107,-0.12371620535850525,-0.04274067282676697,-0.16010791063308716,-0.06128641963005066,-0.21373659372329712,-0.030505865812301636,-0.14055293798446655,-0.00806833803653717,-0.08975410461425781,-0.08315566182136536,-0.1212482750415802,-0.09452467411756516,-0.16408061981201172,-0.06598912924528122,-0.11926418542861938,-0.04323042929172516,-0.08465993404388428,A
0.0,0.0,0.06762798130512238,-0.059471070766448975,0.09726278483867645,-0.15454205870628357,0.07874937355518341,-0.23888075351715088,0.0606839656829834,-0.29659175872802734,0.03864710032939911,-0.20874163508415222,0.01715622842311859,-0.27122822403907776,0.03012453019618988,-0.21038466691970825,0.04346463084220886,-0.155176043510437,-0.008515819907188416,-0.18952494859695435,-0.030615419149398804,-0.2618170380592346,-0.008323252201080322,-0.18395140767097473,0.010808497667312622,-0.12612593173980713,-0.04971258342266083,-0.16086041927337646,-0.06855640560388565,-0.21725386381149292,-0.037247732281684875,-0.14199206233024597,-0.012999504804611206,-0.0911179780960083,-0.08964798599481583,-0.12101465463638306,-0.101914182305336,-0.1692316234111786,-0.0728309154510498,-0.12553325295448303,-0.048772767186164856,-0.09082353115081787,A
0.0,0.0,0.0693531334400177,-0.06864404678344727,0.09865200519561768,-0.16039901971817017,0.07944637537002563,-0.24784058332443237,0.05832934379577637,-0.30494844913482666,0.037536680698394775,-0.21531811356544495,0.014856904745101929,-0.2793692648410797,0.02831117808818817,-0.2203274369239807,0.04297122359275818,-0.1638127565383911,-0.009110137820243835,-0.19645956158638,-0.032875776290893555,-0.2665866017341614,-0.00975586473941803,-0.19082659482955933,0.011746346950531006,-0.13331612944602966,-0.048439040780067444,-0.1668274998664856,-0.06884937733411789,-0.22249886393547058,-0.037611037492752075,-0.14993205666542053,-0.01286180317401886,-0.09927195310592651,-0.08710521459579468,-0.12495899200439453,-0.10200715810060501,-0.17051342129707336,-0.07201164960861206,-0.1274368166923523,-0.046860337257385254,-0.0939590334892273,A
0.0,0.0,0.06914585828781128,-0.07106035947799683,0.09917119145393372,-0.16237574815750122,0.07969194650650024,-0.250169962644577,0.05904492735862732,-0.30787795782089233,0.03814098238945007,-0.21944481134414673,0.015458881855010986,-0.2839844822883606,0.028346583247184753,-0.22413983941078186,0.04250222444534302,-0.16649022698402405,-0.00823180377483368,-0.20045509934425354,-0.03273630142211914,-0.2712578773498535,-0.009733125567436218,-0.195044606924057,0.011625170707702637,-0.13608452677726746,-0.047696515917778015,-0.17064222693443298,-0.06874731928110123,-0.2277962863445282,-0.03751567006111145,-0.15462547540664673,-0.012689903378486633,-0.10230278968811035,-0.08678266406059265,-0.12784439325332642,-0.10176927596330643,-0.17542758584022522,-0.07223091274499893,-0.1325320601463318,-0.04689629375934601,-0.09732812643051147,A
0.0,0.0,0.06806109845638275,-0.06705719232559204,0.10020072758197784,-0.16002491116523743,0.08038334548473358,-0.24790799617767334,0.05988489091396332,-0.3086777329444885,0.04080936312675476,-0.21919602155685425,0.015439659357070923,-0.28370046615600586,0.028525441884994507,-0.22400173544883728,0.04449191689491272,-0.1666409969329834,-0.006474405527114868,-0.19895589351654053,-0.03244289755821228,-0.2723104953765869,-0.009738042950630188,-0.19691675901412964,0.01203659176826477,-0.13798433542251587,-0.046654507517814636,-0.16955554485321045,-0.07006211578845978,-0.22911381721496582,-0.03834517300128937,-0.15610221028327942,-0.011535480618476868,-0.10390472412109375,-0.08498607575893402,-0.12749415636062622,-0.10110848397016525,-0.17750027775764465,-0.0717306062579155,-0.13529452681541443,-0.04513312876224518,-0.09973162412643433,A
0.0,0.0,0.06761977076530457,-0.06708317995071411,0.10006919503211975,-0.15995919704437256,0.0815296471118927,-0.24788933992385864,0.061367735266685486,-0.30845916271209717,0.03997501730918884,-0.22012287378311157,0.015598148107528687,-0.28436148166656494,0.02842104434967041,-0.22478002309799194,0.04343107342720032,-0.1675359010696411,-0.007085546851158142,-0.20005276799201965,-0.03251124918460846,-0.27321380376815796,-0.00902661681175232,-0.1975838541984558,0.012481912970542908,-0.1378290355205536,-0.047289639711380005,-0.17036661505699158,-0.0699099525809288,-0.22943854331970215,-0.03739970922470093,-0.15653753280639648,-0.010990545153617859,-0.10381573438644409,-0.08611904084682465,-0.1282118558883667,-0.10074199736118317,-0.17741110920906067,-0.07083261758089066,-0.1356668472290039,-0.04482436180114746,-0.10027092695236206,A
0.0,0.0,0.06788280606269836,-0.06506931781768799,0.09795477986335754,-0.16066086292266846,0.07968002557754517,-0.24815446138381958,0.061019167304039,-0.3090537190437317,0.037509411573410034,-0.21974414587020874,0.013977274298667908,-0.2822232246398926,0.025381997227668762,-0.22126486897468567,0.039526328444480896,-0.16256162524223328,-0.008460655808448792,-0.19968581199645996,-0.03404545783996582,-0.27084657549858093,-0.012694448232650757,-0.19359591603279114,0.008787006139755249,-0.1331448256969452,-0.04858459532260895,-0.17025834321975708,-0.07111901044845581,-0.22620627284049988,-0.04053133726119995,-0.15261119604110718,-0.014818012714385986,-0.10068964958190918,-0.08784286677837372,-0.129605233669281,-0.10299845039844513,-0.17581582069396973,-0.07509373128414154,-0.13256067037582397,-0.05040900409221649,-0.09795671701431274,A
0.0,0.0,0.07024309039115906,-0.06847041845321655,0.10369488596916199,-0.16021400690078735,0.08693698048591614,-0.24951386451721191,0.06991049647331238,-0.3110557794570923,0.04440957307815552,-0.2189091444015503,0.021580711007118225,-0.28534284234046936,0.03171181678771973,-0.22378885746002197,0.04556654393672943,-0.16640618443489075,-0.0024210065603256226,-0.20107898116111755,-0.027493536472320557,-0.2756763696670532,-0.007816314697265625,-0.19663172960281372,0.01258908212184906,-0.13741236925125122,-0.04228779673576355,-0.17368799448013306,-0.06450726091861725,-0.23165985941886902,-0.035790279507637024,-0.15594297647476196,-0.011372372508049011,-0.10404074192047119,-0.08033818751573563,-0.1335369348526001,-0.09772355854511261,-0.18379420042037964,-0.07079815119504929,-0.13895460963249207,-0.0469241738319397,-0.10357606410980225,A
0.0,0.0,0.07088947296142578,-0.06309008598327637,0.1080937385559082,-0.15504035353660583,0.09401485323905945,-0.24457773566246033,0.07581767439842224,-0.3081231117248535,0.05083441734313965,-0.21827572584152222,0.028310641646385193,-0.28527534008026123,0.0372893363237381,-0.22424164414405823,0.05001369118690491,-0.16505438089370728,0.003680393099784851,-0.20125338435173035,-0.020380258560180664,-0.275528222322464,-0.00245097279548645,-0.19722959399223328,0.016864538192749023,-0.13592416048049927,-0.03715485334396362,-0.17475327849388123,-0.05906081199645996,-0.23301860690116882,-0.03201277554035187,-0.15673336386680603,-0.007783800363540649,-0.10370492935180664,-0.07626296579837799,-0.13600847125053406,-0.09273920208215714,-0.18419191241264343,-0.0668269470334053,-0.13749492168426514,-0.04239305853843689,-0.10145390033721924,A
0.0,0.0,0.07055272161960602,-0.0618932843208313,0.10720004141330719,-0.1531495749950409,0.09419600665569305,-0.24391543865203857,0.07706941664218903,-0.3074498474597931,0.05208347737789154,-0.22025376558303833,0.028948143124580383,-0.28430694341659546,0.03809991478919983,-0.22243660688400269,0.05020870268344879,-0.16263547539710999,0.004370018839836121,-0.2037278115749359,-0.020197659730911255,-0.27647674083709717,-0.0013015121221542358,-0.1974494755268097,0.017461344599723816,-0.13530594110488892,-0.03672055900096893,-0.1766183078289032,-0.059161603450775146,-0.23181167244911194,-0.03094342350959778,-0.15620845556259155,-0.00671619176864624,-0.10312914848327637,-0.076744943857193,-0.13732215762138367,-0.09217993170022964,-0.18363681435585022,-0.06535354256629944,-0.13783791661262512,-0.04089757800102234,-0.10261368751525879,A
0.0,0.0,0.0736309289932251,-0.05594605207443237,0.11678412556648254,-0.14393895864486694,0.10894736647605896,-0.2353990077972412,0.09404444694519043,-0.29907655715942383,0.06307932734489441,-0.21380090713500977,0.04134494066238403,-0.27869683504104614,0.04667052626609802,-0.2180211842060089,0.057277798652648926,-0.16055843234062195,0.014438286423683167,-0.2001754343509674,-0.008649617433547974,-0.274101585149765,0.005695253610610962,-0.1937311887741089,0.022549033164978027,-0.13282138109207153,-0.027672186493873596,-0.17709073424339294,-0.04848219454288483,-0.23590826988220215,-0.025547802448272705,-0.1582336723804474,-0.005111485719680786,-0.10573887825012207,-0.06875324249267578,-0.14186599850654602,-0.08240877091884613,-0.18954116106033325,-0.05939938873052597,-0.13828250765800476,-0.038630783557891846,-0.10167515277862549,A
0.0,0.0,0.08185040950775146,-0.05156993865966797,0.13552546501159668,-0.11954081058502197,0.13758447766304016,-0.20589017868041992,0.1285705864429474,-0.26568540930747986,0.08075141906738281,-0.20092988014221191,0.08043864369392395,-0.26648131012916565,0.08350774645805359,-0.2072874903678894,0.08370271325111389,-0.14973920583724976,0.035943686962127686,-0.20014172792434692,0.03429047763347626,-0.27461475133895874,0.041024014353752136,-0.19382506608963013,0.046129435300827026,-0.13449811935424805,-0.0071942806243896484,-0.186009019613266,-0.008933305740356445,-0.24949976801872253,0.0038865208625793457,-0.17246317863464355,0.011083468794822693,-0.11800485849380493,-0.05520552396774292,-0.15892648696899414,-0.05291150510311127,-0.21260344982147217,-0.03225436806678772,-0.15989267826080322,-0.020250514149665833,-0.11994272470474243,A
0.0,0.0,0.07259084284305573,-0.04352366924285889,0.1075725257396698,-0.10366648435592651,0.08676639199256897,-0.17031246423721313,0.04294678568840027,-0.1816023588180542,0.0946391224861145,-0.16017907857894897,0.10867232084274292,-0.23860791325569153,0.11086137592792511,-0.28905245661735535,0.11297506093978882,-0.33219751715660095,0.06147071719169617,-0.17339873313903809,0.07413344085216522,-0.2547033727169037,0.08031509816646576,-0.31094032526016235,0.08674998581409454,-0.3564869165420532,0.029048800468444824,-0.17242008447647095,0.03875681757926941,-0.24900010228157043,0.047863736748695374,-0.298554927110672,0.055096790194511414,-0.3369317054748535,-0.009088069200515747,-0.161851704120636,-0.0011556446552276611,-0.221125990152359,0.0063461363315582275,-0.26009321212768555,0.012995526194572449,-0.2926293909549713,B
0.0,0.0,0.074395090341568,-0.04404574632644653,0.11343485116958618,-0.10190403461456299,0.09396207332611084,-0.1670500636100769,0.05718572437763214,-0.18290597200393677,0.10136720538139343,-0.1556776762008667,0.11354149878025055,-0.23163378238677979,0.11577421426773071,-0.2824722230434418,0.11759969592094421,-0.3255177140235901,0.06716117262840271,-0.170183002948761,0.07831081748008728,-0.25036752223968506,0.08223117887973785,-0.3060733675956726,0.08702751994132996,-0.3505363464355469,0.035466745495796204,-0.17147064208984375,0.04190550744533539,-0.24543136358261108,0.047985076904296875,-0.29425686597824097,0.05344685912132263,-0.33070915937423706,-0.001682385802268982,-0.16301709413528442,0.004192560911178589,-0.22096115350723267,0.01038968563079834,-0.2584952116012573,0.015715569257736206,-0.2884334623813629,B
0.0,0.0,0.06567099690437317,-0.04515063762664795,0.10281655192375183,-0.10229438543319702,0.09365729987621307,-0.16374200582504272,0.07136836647987366,-0.19211441278457642,0.09303630888462067,-0.1708492636680603,0.10567377507686615,-0.23397374153137207,0.10647551715373993,-0.2770810127258301,0.10650791227817535,-0.315614253282547,0.061185941100120544,-0.18272042274475098,0.07381905615329742,-0.24950891733169556,0.07631176710128784,-0.3003658652305603,0.07929567992687225,-0.34549927711486816,0.028556376695632935,-0.18056648969650269,0.03689970076084137,-0.24637538194656372,0.0408765971660614,-0.2917482852935791,0.04421129822731018,-0.3292463719844818,-0.009896650910377502,-0.168085515499115,-0.001566767692565918,-0.2221558690071106,0.0052140504121780396,-0.2582746148109436,0.01065683364868164,-0.28946033120155334,B
0.0,0.0,0.07082542777061462,-0.042766273021698,0.10910260677337646,-0.10005563497543335,0.08982808887958527,-0.16344887018203735,0.05775366723537445,-0.18568938970565796,0.09787869453430176,-0.15513992309570312,0.10965558886528015,-0.23266005516052246,0.11152207851409912,-0.28318163752555847,0.11245197057723999,-0.3244577646255493,0.06389918923377991,-0.16847509145736694,0.0751967579126358,-0.2489074468612671,0.0779271274805069,-0.30384600162506104,0.0803857147693634,-0.34696683287620544,0.031676605343818665,-0.16829735040664673,0.038499340415000916,-0.24213382601737976,0.042732104659080505,-0.29028084874153137,0.04602882266044617,-0.3269093632698059,-0.005870401859283447,-0.15710562467575073,-0.0005168616771697998,-0.21398478746414185,0.004891693592071533,-0.2497137188911438,0.008524507284164429,-0.2791363596916199,B
0.0,0.0,0.07118725776672363,-0.04338341951370239,0.10977327823638916,-0.10062605142593384,0.09174877405166626,-0.16660207509994507,0.05796048045158386,-0.18915146589279175,0.09791719913482666,-0.1554669737815857,0.10966148972511292,-0.23265817761421204,0.11201101541519165,-0.2836732566356659,0.11398279666900635,-0.32544267177581787,0.06360220909118652,-0.1711750626564026,0.07434187829494476,-0.25279584527015686,0.07841062545776367,-0.3076152801513672,0.08317422866821289,-0.34951621294021606,0.031873419880867004,-0.17252928018569946,0.0377325564622879,-0.24828395247459412,0.04351168870925903,-0.29551517963409424,0.049486011266708374,-0.3304491937160492,-0.004757821559906006,-0.16312909126281738,0.0002193748950958252,-0.21998712420463562,0.006912887096405029,-0.2544412612915039,0.013036787509918213,-0.2813217043876648,B
0.0,0.0,0.07100401818752289,-0.04515635967254639,0.10701140761375427,-0.10696238279342651,0.08256000280380249,-0.1712585687637329,0.04128052294254303,-0.18291181325912476,0.09850528836250305,-0.15972083806991577,0.10918876528739929,-0.23326429724693298,0.11027038097381592,-0.2819948196411133,0.11089059710502625,-0.32179614901542664,0.06385178864002228,-0.17479604482650757,0.07423922419548035,-0.25330275297164917,0.07852628827095032,-0.307392954826355,0.08347707986831665,-0.3490886092185974,0.03079073131084442,-0.17400288581848145,0.035785749554634094,-0.24938249588012695,0.04198649525642395,-0.29768478870391846,0.04802902042865753,-0.33436208963394165,-0.007597997784614563,-0.161795973777771,-0.0018329620361328125,-0.2200547456741333,0.005295261740684509,-0.2556324303150177,0.011869370937347412,-0.28451061248779297,B
0.0,0.0,0.0712684690952301,-0.04223346710205078,0.11030659079551697,-0.10220944881439209,0.08926576375961304,-0.17165213823318481,0.05287088453769684,-0.1945541799068451,0.10018196702003479,-0.15484189987182617,0.11035135388374329,-0.2327774167060852,0.11079379916191101,-0.2858748435974121,0.11128208041191101,-0.3296201825141907,0.06481711566448212,-0.16935336589813232,0.07509399950504303,-0.2502835988998413,0.07896897196769714,-0.30777543783187866,0.08418968319892883,-0.35171186923980713,0.031840935349464417,-0.1696891188621521,0.03887853026390076,-0.2457495927810669,0.046038612723350525,-0.295304536819458,0.05285926163196564,-0.33184927701950073,-0.005996793508529663,-0.1603361964225769,0.0003453195095062256,-0.21877792477607727,0.00846429169178009,-0.25468647480010986,0.015946656465530396,-0.2828993797302246,B
0.0,0.0,0.06999000906944275,-0.03912287950515747,0.107900470495224,-0.09549981355667114,0.08707818388938904,-0.1581331491470337,0.047071367502212524,-0.16663652658462524,0.09586882591247559,-0.15343540906906128,0.10775017738342285,-0.23006868362426758,0.10944411158561707,-0.2793569564819336,0.10988864302635193,-0.3198004364967346,0.06346631050109863,-0.16617625951766968,0.07577358186244965,-0.24664321541786194,0.08032752573490143,-0.300895631313324,0.08385592699050903,-0.3423617482185364,0.03252585232257843,-0.1654854416847229,0.03877927362918854,-0.2415144443511963,0.046194687485694885,-0.2894464135169983,0.051987871527671814,-0.32513055205345154,-0.00400155782699585,-0.1550101637840271,0.0006165951490402222,-0.21165448427200317,0.008423775434494019,-0.2467568814754486,0.015353605151176453,-0.27508091926574707,B
0.0,0.0,0.06880654394626617,-0.03999429941177368,0.10647912323474884,-0.0952378511428833,0.08500690758228302,-0.1590719223022461,0.045504823327064514,-0.17270579934120178,0.09513814747333527,-0.15146321058273315,0.10669173300266266,-0.22786948084831238,0.109219029545784,-0.2789447009563446,0.11105899512767792,-0.3209599256515503,0.06198672950267792,-0.16407346725463867,0.07339644432067871,-0.24564847350120544,0.07792279124259949,-0.3021543025970459,0.08251900970935822,-0.345258891582489,0.030818238854408264,-0.16322088241577148,0.03661900758743286,-0.24051746726036072,0.043730080127716064,-0.29076528549194336,0.05029934644699097,-0.3278951048851013,-0.005432307720184326,-0.1527707576751709,-0.00041297078132629395,-0.21149897575378418,0.008046656847000122,-0.24848315119743347,0.015751197934150696,-0.27780288457870483,B
0.0,0.0,0.06894887983798981,-0.041935086250305176,0.1063467413187027,-0.10019880533218384,0.0884266048669815,-0.16433745622634888,0.05455504357814789,-0.18484091758728027,0.09483487904071808,-0.15548622608184814,0.10499079525470734,-0.23317179083824158,0.10653530061244965,-0.284736692905426,0.10764370858669281,-0.3268686532974243,0.06156313419342041,-0.1699150800704956,0.07147575914859772,-0.2531561851501465,0.0756535679101944,-0.310153067111969,0.08052562177181244,-0.3533288836479187,0.029513463377952576,-0.16973674297332764,0.034791842103004456,-0.24861466884613037,0.04122503101825714,-0.2975520193576813,0.04772159457206726,-0.33286064863204956,-0.007338628172874451,-0.1582624316215515,-0.0023463815450668335,-0.21527355909347534,0.005191728472709656,-0.2509622275829315,0.012295648455619812,-0.27877795696258545,B
0.0,0.0,0.07028667628765106,-0.04052239656448364,0.10874345898628235,-0.10305523872375488,0.08693559467792511,-0.1702604591846466,0.04708680510520935,-0.1870577335357666,0.09838345646858215,-0.15789401531219482,0.10931608080863953,-0.233681321144104,0.11162993311882019,-0.2860236167907715,0.11376523971557617,-0.32889872789382935,0.06469587981700897,-0.17399731278419495,0.07525597512722015,-0.25641003251075745,0.08053579926490784,-0.3135316073894501,0.0861082375049591,-0.3568245470523834,0.03222000598907471,-0.1742199957370758,0.037961140275001526,-0.2525624632835388,0.0453188419342041,-0.30221498012542725,0.051968708634376526,-0.33799755573272705,-0.005309343338012695,-0.16253560781478882,-0.000456199049949646,-0.2192484438419342,0.0074733346700668335,-0.25384098291397095,0.014069855213165283,-0.28047674894332886,B
0.0,0.0,0.06912471354007721,-0.03994333744049072,0.10476444661617279,-0.10150539875030518,0.08015033602714539,-0.1660880744457245,0.03800612688064575,-0.17841705679893494,0.09519998729228973,-0.16229796409606934,0.10475330054759979,-0.24027323722839355,0.10619132220745087,-0.29197895526885986,0.10762278735637665,-0.33443683385849,0.06085686385631561,-0.17539608478546143,0.07108734548091888,-0.2589198350906372,0.07511983811855316,-0.31663137674331665,0.0803208202123642,-0.3609062731266022,0.027729332447052002,-0.17364069819450378,0.03265008330345154,-0.2522810399532318,0.040373995900154114,-0.30250445008277893,0.047893598675727844,-0.3401537537574768,-0.009647801518440247,-0.16084349155426025,-0.004205867648124695,-0.2207910418510437,0.004295125603675842,-0.2568097710609436,0.012158304452896118,-0.28523147106170654,B
0.0,0.0,0.06767827272415161,-0.042736709117889404,0.10256406664848328,-0.10468006134033203,0.0784810483455658,-0.1680135726928711,0.03840218484401703,-0.18158012628555298,0.09284648299217224,-0.16429567337036133,0.10268816351890564,-0.24057292938232422,0.10428968071937561,-0.2928508520126343,0.10603246092796326,-0.3359876573085785,0.05810585618019104,-0.17581626772880554,0.06850957870483398,-0.25806617736816406,0.07247693836688995,-0.3165288269519806,0.07808029651641846,-0.3613532781600952,0.025085419416427612,-0.1725168526172638,0.03050670027732849,-0.2506037950515747,0.03787259757518768,-0.3028600811958313,0.04553581774234772,-0.34167802333831787,-0.011559441685676575,-0.1587173342704773,-0.005850374698638916,-0.21756795048713684,0.0024643242359161377,-0.2552570700645447,0.010554060339927673,-0.28507912158966064,B
0.0,0.0,0.07024872303009033,-0.043821871280670166,0.10738752782344818,-0.10533690452575684,0.08237110078334808,-0.17013773322105408,0.04335092008113861,-0.18505528569221497,0.09608994424343109,-0.16107255220413208,0.10605160892009735,-0.23973333835601807,0.10791422426700592,-0.2944422960281372,0.10978998243808746,-0.3392801880836487,0.060702845454216,-0.17391914129257202,0.07182666659355164,-0.2577906847000122,0.07696011662483215,-0.3188294768333435,0.08358354866504669,-0.3658687174320221,0.027333751320838928,-0.1726621687412262,0.03456537425518036,-0.25246456265449524,0.042884618043899536,-0.30659425258636475,0.05128513276576996,-0.3470439314842224,-0.010730549693107605,-0.16074681282043457,-0.004135549068450928,-0.2202756702899933,0.005596816539764404,-0.2582792043685913,0.014571338891983032,-0.2890479564666748,B
0.0,0.0,0.06989440321922302,-0.043192505836486816,0.10836102068424225,-0.10414290428161621,0.08710373938083649,-0.1711016297340393,0.0471542626619339,-0.18690279126167297,0.09624217450618744,-0.1659284234046936,0.10604749619960785,-0.241153746843338,0.1078113466501236,-0.2925913333892822,0.10988526046276093,-0.33574724197387695,0.06214815378189087,-0.18118172883987427,0.07138223946094513,-0.26270076632499695,0.07567773759365082,-0.31985288858413696,0.08139057457447052,-0.3642856776714325,0.028803572058677673,-0.18086901307106018,0.03361557424068451,-0.25931426882743835,0.04063238203525543,-0.3094509243965149,0.047914281487464905,-0.34640705585479736,-0.009712830185890198,-0.16897377371788025,-0.0038224607706069946,-0.22821801900863647,0.005016982555389404,-0.2650262117385864,0.013425067067146301,-0.29428404569625854,B
0.0,0.0,0.06784111261367798,-0.04277139902114868,0.10482326149940491,-0.10609316825866699,0.07680945098400116,-0.1703968346118927,0.031347230076789856,-0.17528340220451355,0.08667758107185364,-0.17360544204711914,0.0971015989780426,-0.2519700825214386,0.09678247570991516,-0.3049493730068207,0.09558424353599548,-0.3494214415550232,0.051478222012519836,-0.18582558631896973,0.06081821024417877,-0.27065712213516235,0.062479808926582336,-0.3291604518890381,0.06368422508239746,-0.3743194043636322,0.018270164728164673,-0.18274325132369995,0.022011414170265198,-0.2648618817329407,0.02597030997276306,-0.31622740626335144,0.028570443391799927,-0.35364803671836853,-0.018829792737960815,-0.16776710748672485,-0.01527249813079834,-0.2295471429824829,-0.009298399090766907,-0.2687741219997406,-0.0050492435693740845,-0.3001970052719116,B
0.0,0.0,0.06850889325141907,-0.046063244342803955,0.10598638653755188,-0.11051905155181885,0.07972288131713867,-0.1758774220943451,0.037009671330451965,-0.18606483936309814,0.08643239736557007,-0.17661377787590027,0.09530219435691833,-0.25499746203422546,0.09505340456962585,-0.30706334114074707,0.09433472156524658,-0.3504696488380432,0.05190761387348175,-0.18841195106506348,0.05930304527282715,-0.27250057458877563,0.06027166545391083,-0.3309174180030823,0.06158044934272766,-0.3762529492378235,0.019304007291793823,-0.18551889061927795,0.021713316440582275,-0.265816867351532,0.02532857656478882,-0.31713277101516724,0.02788577973842621,-0.3545107841491699,-0.018135711550712585,-0.17095500230789185,-0.015498906373977661,-0.2328658103942871,-0.010778814554214478,-0.2723400890827179,-0.007363662123680115,-0.30462324619293213,B
0.0,0.0,0.06802251935005188,-0.05074334144592285,0.10460573434829712,-0.11788672208786011,0.07293277978897095,-0.17826151847839355,0.02625715732574463,-0.18112802505493164,0.08444154262542725,-0.18397334218025208,0.09164714813232422,-0.2587376832962036,0.08879312872886658,-0.30945196747779846,0.0856759250164032,-0.3533265292644501,0.04917134344577789,-0.1959458589553833,0.054089680314064026,-0.2778993248939514,0.052376389503479004,-0.33601170778274536,0.05105581879615784,-0.383179247379303,0.01575736701488495,-0.19185292720794678,0.014974668622016907,-0.2710804343223572,0.01485578715801239,-0.3223494589328766,0.013798311352729797,-0.3616240620613098,-0.021893441677093506,-0.17543083429336548,-0.02088141441345215,-0.23838195204734802,-0.01819467544555664,-0.27951914072036743,-0.017100632190704346,-0.3137196898460388,B
0.0,0.0,0.06630536913871765,-0.049570679664611816,0.10047298669815063,-0.11959272623062134,0.06553468108177185,-0.17704153060913086,0.016489863395690918,-0.1725621223449707,0.07210037112236023,-0.19010233879089355,0.07790245115756989,-0.26648443937301636,0.07475090026855469,-0.3161740005016327,0.0707821249961853,-0.3596353530883789,0.03795379400253296,-0.20093190670013428,0.04113130271434784,-0.2836059629917145,0.03830447793006897,-0.34089404344558716,0.03397858142852783,-0.38753509521484375,0.0066951364278793335,-0.19639712572097778,0.005020022392272949,-0.27708980441093445,0.0031756311655044556,-0.330624520778656,-0.00173167884349823,-0.3723107874393463,-0.027147546410560608,-0.17939817905426025,-0.029221996665000916,-0.24342793226242065,-0.03067570924758911,-0.2846171259880066,-0.03549712896347046,-0.31882911920547485,B
0.0,0.0,0.06423750519752502,-0.055302441120147705,0.09529170393943787,-0.12645107507705688,0.06097660958766937,-0.1802743673324585,0.016895905137062073,-0.17980438470840454,0.06431145966053009,-0.19473639130592346,0.06939922273159027,-0.27070945501327515,0.06672769784927368,-0.3197200298309326,0.06373293697834015,-0.36277467012405396,0.03139275312423706,-0.20578813552856445,0.03289461135864258,-0.28991568088531494,0.030559226870536804,-0.3480968475341797,0.02815091609954834,-0.39507344365119934,0.0014473050832748413,-0.20126235485076904,-0.0014808177947998047,-0.2844544053077698,-0.0033319294452667236,-0.3398388624191284,-0.006829842925071716,-0.383847177028656,-0.03093355894088745,-0.1828429102897644,-0.03485815227031708,-0.24878466129302979,-0.03748820722103119,-0.2914039194583893,-0.04219704866409302,-0.328605055809021,B
0.0,0.0,0.06447641551494598,-0.05323857069015503,0.0955808162689209,-0.12877076864242554,0.06119160354137421,-0.1833348274230957,0.01546420156955719,-0.17718058824539185,0.06359383463859558,-0.1986575722694397,0.06885313987731934,-0.2730824947357178,0.06542623043060303,-0.3214404881000519,0.06143197417259216,-0.3649117052555084,0.030450791120529175,-0.2080928385257721,0.031827107071876526,-0.29101017117500305,0.029351159930229187,-0.3490021824836731,0.026789754629135132,-0.3981580138206482,0.0006640851497650146,-0.20204037427902222,-0.002285599708557129,-0.28296875953674316,-0.0033227205276489258,-0.3379060626029968,-0.006488010287284851,-0.38294196128845215,-0.03105294704437256,-0.18324315547943115,-0.03520527482032776,-0.24979248642921448,-0.037377893924713135,-0.29349344968795776,-0.04173688590526581,-0.33188098669052124,B
0.0,0.0,0.06175994873046875,-0.05048304796218872,0.09228885173797607,-0.12541157007217407,0.058495014905929565,-0.17928707599639893,0.01436266303062439,-0.17651361227035522,0.05936458706855774,-0.19707569479942322,0.0635535717010498,-0.27157139778137207,0.060468077659606934,-0.31894659996032715,0.05742868781089783,-0.361568808555603,0.027158603072166443,-0.20655086636543274,0.0275651216506958,-0.29107123613357544,0.025582507252693176,-0.34828317165374756,0.0239141583442688,-0.3961649537086487,-0.0014162659645080566,-0.20015931129455566,-0.005653277039527893,-0.28264060616493225,-0.007366597652435303,-0.3379349410533905,-0.010588586330413818,-0.3827172517776489,-0.03163328766822815,-0.18092495203018188,-0.03635616600513458,-0.24823951721191406,-0.03922101855278015,-0.2923433780670166,-0.04421405494213104,-0.33072903752326965,B
0.0,0.0,0.061617299914360046,-0.05468505620956421,0.08961774408817291,-0.12956535816192627,0.05696035921573639,-0.1811167597770691,0.01446978747844696,-0.17290842533111572,0.05458921194076538,-0.19758149981498718,0.05930286645889282,-0.2713009715080261,0.05731534957885742,-0.31747862696647644,0.055464908480644226,-0.35885727405548096,0.02287164330482483,-0.2069874405860901,0.021950244903564453,-0.29127174615859985,0.020066365599632263,-0.34785196185112,0.018880262970924377,-0.395027756690979,-0.00512830913066864,-0.20078399777412415,-0.010499969124794006,-0.2830512225627899,-0.012492910027503967,-0.3383381962776184,-0.014998137950897217,-0.3834218978881836,-0.034045860171318054,-0.18099328875541687,-0.03970608115196228,-0.24709317088127136,-0.0429152250289917,-0.2899855375289917,-0.04777000844478607,-0.32722288370132446,B
0.0,0.0,0.06139086186885834,-0.05328059196472168,0.09078933298587799,-0.12787222862243652,0.055934131145477295,-0.179264098405838,0.013379663228988647,-0.17577680945396423,0.055785730481147766,-0.19728687405586243,0.058967188000679016,-0.27209633588790894,0.055152103304862976,-0.3192353844642639,0.051478639245033264,-0.36113038659095764,0.023102805018424988,-0.20647990703582764,0.022285103797912598,-0.29069486260414124,0.019178733229637146,-0.34694039821624756,0.01670379936695099,-0.393690824508667,-0.0056384652853012085,-0.2005096971988678,-0.011461630463600159,-0.2815576493740082,-0.01457485556602478,-0.3355950117111206,-0.018563464283943176,-0.379379004240036,-0.0354701429605484,-0.18150070309638977,-0.04109923541545868,-0.2476668655872345,-0.04458646476268768,-0.2900429964065552,-0.050044938921928406,-0.32677167654037476,B
0.0,0.0,0.06127065420150757,-0.059962451457977295,0.08964546024799347,-0.13278096914291382,0.051940739154815674,-0.18261992931365967,0.008189216256141663,-0.1750926673412323,0.05535326898097992,-0.19697624444961548,0.0568588525056839,-0.27323371171951294,0.051221027970314026,-0.3213833272457123,0.04580041766166687,-0.36355119943618774,0.021302327513694763,-0.20449954271316528,0.01833486557006836,-0.2899542450904846,0.013086453080177307,-0.34804022312164307,0.00923679769039154,-0.3955364227294922,-0.008113816380500793,-0.19676512479782104,-0.016569167375564575,-0.27981483936309814,-0.02066744863986969,-0.3353085517883301,-0.024145200848579407,-0.37963399291038513,-0.03887629508972168,-0.17553293704986572,-0.04670394957065582,-0.2433491349220276,-0.051339417695999146,-0.2880169749259949,-0.056874848902225494,-0.32633543014526367,B
0.0,0.0,0.05991022288799286,-0.05648958683013916,0.08716537058353424,-0.13144326210021973,0.05107274651527405,-0.18353858590126038,0.0074112266302108765,-0.18077760934829712,0.052527815103530884,-0.2012096643447876,0.05413880944252014,-0.2775539755821228,0.0483085960149765,-0.3260119557380676,0.04218202829360962,-0.36809223890304565,0.018456563353538513,-0.20817792415618896,0.015195414423942566,-0.2934078276157379,0.00964348018169403,-0.35074853897094727,0.004365310072898865,-0.3975794315338135,-0.011363968253135681,-0.19972285628318787,-0.019302695989608765,-0.2818748652935028,-0.023568779230117798,-0.3366943299770355,-0.028773516416549683,-0.38012778759002686,-0.04216904938220978,-0.17774605751037598,-0.04877890646457672,-0.24466454982757568,-0.05278883874416351,-0.28774577379226685,-0.058866411447525024,-0.32368290424346924,B
0.0,0.0,0.060296326875686646,-0.05528944730758667,0.08715702593326569,-0.13241779804229736,0.04965335130691528,-0.1848713755607605,0.005260899662971497,-0.17774149775505066,0.05142410099506378,-0.2019074261188507,0.05260348320007324,-0.27647504210472107,0.046340346336364746,-0.3235899806022644,0.0396505743265152,-0.3654993772506714,0.017407536506652832,-0.20875269174575806,0.014452576637268066,-0.2928885817527771,0.008656531572341919,-0.34966325759887695,0.002398580312728882,-0.39658594131469727,-0.01202613115310669,-0.20016807317733765,-0.019724711775779724,-0.2817120850086212,-0.02437072992324829,-0.33608484268188477,-0.031348273158073425,-0.3790208697319031,-0.04224294424057007,-0.17833000421524048,-0.04966138303279877,-0.24507096409797668,-0.05413712561130524,-0.2883027195930481,-0.06137971580028534,-0.32447752356529236,B
0.0,0.0,0.0582122802734375,-0.061357736587524414,0.08312515914440155,-0.1389262080192566,0.04398749768733978,-0.18889310956001282,0.0002432316541671753,-0.17906296253204346,0.04797987639904022,-0.20552167296409607,0.047035232186317444,-0.28073620796203613,0.039671242237091064,-0.3285979628562927,0.03273595869541168,-0.3710259795188904,0.01250658929347992,-0.21020489931106567,0.005599752068519592,-0.2941478192806244,-0.002503141760826111,-0.3524167537689209,-0.009425252676010132,-0.40125517547130585,-0.01797167956829071,-0.19903120398521423,-0.029732167720794678,-0.28035813570022583,-0.03619536757469177,-0.3356671929359436,-0.04293854534626007,-0.3795739412307739,-0.04939456284046173,-0.17418047785758972,-0.05934049189090729,-0.23908767104148865,-0.06424863636493683,-0.2820865511894226,-0.0703924372792244,-0.3186125159263611,B
0.0,0.0,0.056372880935668945,-0.06730389595031738,0.07800862193107605,-0.14379069209098816,0.03792470693588257,-0.19038257002830505,-0.005830064415931702,-0.1801544427871704,0.044999316334724426,-0.2090855836868286,0.041762784123420715,-0.28425586223602295,0.031116142868995667,-0.3334842622280121,0.01968693733215332,-0.3763742446899414,0.00973595678806305,-0.21181848645210266,0.002373054623603821,-0.2908736765384674,-0.009273990988731384,-0.3463587760925293,-0.020176082849502563,-0.3932741582393646,-0.021695196628570557,-0.19965749979019165,-0.03345653414726257,-0.27504968643188477,-0.04254592955112457,-0.32540029287338257,-0.05288933217525482,-0.36477378010749817,-0.05435299873352051,-0.17436370253562927,-0.06197825074195862,-0.23463618755340576,-0.06811843812465668,-0.27434512972831726,-0.07712706923484802,-0.3076721429824829,B
0.0,0.0,0.055830806493759155,-0.06450057029724121,0.07786789536476135,-0.13968953490257263,0.03734345734119415,-0.18648123741149902,-0.0061599016189575195,-0.1800704300403595,0.043615520000457764,-0.2085094153881073,0.039212584495544434,-0.2839844822883606,0.02845299243927002,-0.3320566415786743,0.01708310842514038,-0.37376412749290466,0.008217528462409973,-0.21007657051086426,-0.0007215589284896851,-0.28934767842292786,-0.012355983257293701,-0.3436042070388794,-0.023500800132751465,-0.3891914337873459,-0.022961139678955078,-0.19702523946762085,-0.03602693974971771,-0.27179163694381714,-0.045171141624450684,-0.32107260823249817,-0.05590367317199707,-0.35916516184806824,-0.05524808168411255,-0.1713624894618988,-0.06393960118293762,-0.23212862014770508,-0.07009290903806686,-0.27189284563064575,-0.07956114411354065,-0.30478763580322266,B
0.0,0.0,0.0502813458442688,-0.0725511908531189,0.06364203989505768,-0.15116557478904724,0.01625916361808777,-0.18842697143554688,-0.027750566601753235,-0.16875985264778137,0.02581295371055603,-0.21410444378852844,0.009744778275489807,-0.2923334836959839,-0.0075727105140686035,-0.3417264223098755,-0.025297656655311584,-0.38458502292633057,-0.010992094874382019,-0.21068638563156128,-0.02926681935787201,-0.29363542795181274,-0.048881277441978455,-0.3517811894416809,-0.06713342666625977,-0.401278555393219,-0.04184691607952118,-0.1919383704662323,-0.06540384888648987,-0.27324551343917847,-0.08234182745218277,-0.3265305757522583,-0.09906031936407089,-0.3689258098602295,-0.07250218093395233,-0.15907487273216248,-0.08969073742628098,-0.22508558630943298,-0.10260957479476929,-0.2673223614692688,-0.11752462387084961,-0.30259647965431213,B
0.0,0.0,0.0491098016500473,-0.07356643676757812,0.05933882296085358,-0.15665870904922485,0.010738953948020935,-0.19421681761741638,-0.03197263181209564,-0.1704573631286621,0.017530426383018494,-0.21962624788284302,-0.0006395429372787476,-0.29423028230667114,-0.020088255405426025,-0.34084028005599976,-0.03899867832660675,-0.3811364322900772,-0.01866869628429413,-0.21286863088607788,-0.042925864458084106,-0.2924741208553314,-0.06610278785228729,-0.34803736209869385,-0.08695266395807266,-0.3949654996395111,-0.04825453460216522,-0.19118481874465942,-0.07693640887737274,-0.26950496435165405,-0.09651100635528564,-0.322397381067276,-0.11476153135299683,-0.3638233542442322,-0.0768214613199234,-0.1559714674949646,-0.0998205617070198,-0.21955397725105286,-0.1146695464849472,-0.262378066778183,-0.12990063428878784,-0.29845792055130005,B
0.0,0.0,0.04654949903488159,-0.07137411832809448,0.05393528938293457,-0.1568906605243683,0.002123221755027771,-0.19296234846115112,-0.04136936366558075,-0.16778424382209778,0.0062358081340789795,-0.2188219428062439,-0.013440132141113281,-0.2900141775608063,-0.0340750515460968,-0.33218666911125183,-0.055032506585121155,-0.36780354380607605,-0.03119489550590515,-0.20824918150901794,-0.05713745951652527,-0.28463324904441833,-0.08148930966854095,-0.3357142210006714,-0.10443280637264252,-0.3772752434015274,-0.06003841757774353,-0.18379396200180054,-0.0910700112581253,-0.25628674030303955,-0.11201782524585724,-0.30468177795410156,-0.13227887451648712,-0.34150931239128113,-0.0854778066277504,-0.1470659375190735,-0.11016696691513062,-0.20456385612487793,-0.1273215115070343,-0.24281975626945496,-0.1453995555639267,-0.2737905979156494,B
0.0,0.0,0.0465337336063385,-0.07133275270462036,0.05136394500732422,-0.15844711661338806,-0.001588284969329834,-0.1971646249294281,-0.04409031569957733,-0.17520451545715332,0.00672563910484314,-0.21778279542922974,-0.014020577073097229,-0.28772950172424316,-0.03585521876811981,-0.33108213543891907,-0.056840673089027405,-0.36761675775051117,-0.030460894107818604,-0.20757073163986206,-0.05927465856075287,-0.28426897525787354,-0.0843801200389862,-0.33660632371902466,-0.10707636922597885,-0.38020431995391846,-0.05914038419723511,-0.1831696331501007,-0.09243607521057129,-0.25442299246788025,-0.11493805795907974,-0.3056885004043579,-0.13632622361183167,-0.34485679864883423,-0.08536633104085922,-0.14651229977607727,-0.11026102304458618,-0.20364028215408325,-0.12693868577480316,-0.24308869242668152,-0.14455484598875046,-0.2748871147632599,B
0.0,0.0,0.04002310335636139,-0.07614809274673462,0.04070131480693817,-0.1638038456439972,-0.011616349220275879,-0.1946379840373993,-0.05332387983798981,-0.1639399528503418,-0.013321176171302795,-0.22283640503883362,-0.046496495604515076,-0.29559242725372314,-0.07391645014286041,-0.3393099009990692,-0.09933527559041977,-0.3746900409460068,-0.05032436549663544,-0.20679941773414612,-0.091166190803051,-0.2818871736526489,-0.1242719367146492,-0.3328864574432373,-0.15326914936304092,-0.373513400554657,-0.0774414986371994,-0.17771688103675842,-0.1202542707324028,-0.25043952465057373,-0.1491837427020073,-0.29802706837654114,-0.17486411333084106,-0.33340269327163696,-0.10003602504730225,-0.1352306604385376,-0.13325902819633484,-0.1918984055519104,-0.15578408539295197,-0.22934076189994812,-0.1780720204114914,-0.2585413157939911,B
0.0,0.0,0.04397404193878174,-0.07822525501251221,0.042422816157341,-0.17190271615982056,-0.015344619750976562,-0.2053583860397339,-0.05791725218296051,-0.17489966750144958,-0.01444670557975769,-0.23003217577934265,-0.04968683421611786,-0.30172550678253174,-0.0804237425327301,-0.34567347168922424,-0.10881354659795761,-0.38245198130607605,-0.0538334995508194,-0.21481367945671082,-0.0977039709687233,-0.2939339876174927,-0.13167744129896164,-0.3477317690849304,-0.16123482584953308,-0.3908054530620575,-0.080900639295578,-0.18431824445724487,-0.12782365083694458,-0.2579614818096161,-0.15821430087089539,-0.3087536096572876,-0.18481585383415222,-0.3472679853439331,-0.10180743783712387,-0.139518141746521,-0.13952583819627762,-0.19597303867340088,-0.1631256565451622,-0.23437756299972534,-0.185166135430336,-0.2651362419128418,B
0.0,0.0,0.04419480264186859,-0.0805235505104065,0.04439522325992584,-0.1720365285873413,-0.012566179037094116,-0.20909824967384338,-0.05613885819911957,-0.19046202301979065,-0.009095758199691772,-0.23148000240325928,-0.042777419090270996,-0.303420752286911,-0.07165741920471191,-0.345600962638855,-0.09739522635936737,-0.38145779073238373,-0.048754990100860596,-0.21611681580543518,-0.09055955708026886,-0.29649847745895386,-0.12320349365472794,-0.34891393780708313,-0.15074963122606277,-0.39098767936229706,-0.0763501524925232,-0.18612584471702576,-0.12035451084375381,-0.2615872025489807,-0.1515534371137619,-0.31402093172073364,-0.178534135222435,-0.35374075174331665,-0.09856130927801132,-0.14203935861587524,-0.13084490597248077,-0.20056715607643127,-0.15257953852415085,-0.240208238363266,-0.17383234202861786,-0.2715631127357483,B
0.0,0.0,0.04304337501525879,-0.08033651113510132,0.04259948432445526,-0.17211437225341797,-0.014226764440536499,-0.2089700698852539,-0.0578678697347641,-0.18486705422401428,-0.010506793856620789,-0.23264721035957336,-0.04364107549190521,-0.3035971522331238,-0.07186870276927948,-0.3452318608760834,-0.09724214673042297,-0.38024087250232697,-0.049118444323539734,-0.21678292751312256,-0.09016893804073334,-0.29510897397994995,-0.12246157974004745,-0.3469908833503723,-0.15035802125930786,-0.3888554573059082,-0.07620774209499359,-0.18618038296699524,-0.12022693455219269,-0.2603093385696411,-0.15062694251537323,-0.3111364245414734,-0.17765846848487854,-0.3500065803527832,-0.09823231399059296,-0.1413373053073883,-0.13145656883716583,-0.19949334859848022,-0.1535995751619339,-0.23911407589912415,-0.17554596066474915,-0.2714446485042572,B
0.0,0.0,0.04774853587150574,-0.0780571699142456,0.052150726318359375,-0.1686878204345703,-0.0025288164615631104,-0.20271673798561096,-0.0454992949962616,-0.17968308925628662,-0.0008337348699569702,-0.2277747392654419,-0.03102731704711914,-0.30450403690338135,-0.05810806155204773,-0.3500438332557678,-0.08194179832935333,-0.3875574469566345,-0.03990204632282257,-0.21381604671478271,-0.07637876272201538,-0.2977198362350464,-0.10456912219524384,-0.3540286719799042,-0.12763770669698715,-0.3984493166208267,-0.06853203475475311,-0.18579190969467163,-0.10693817585706711,-0.2639519274234772,-0.13348328322172165,-0.32005852460861206,-0.1565546691417694,-0.3629363179206848,-0.09278330206871033,-0.1448071002960205,-0.12252163141965866,-0.2049860656261444,-0.14241383969783783,-0.2466353476047516,-0.1620706170797348,-0.2799513339996338,B
0.0,0.0,0.048108965158462524,-0.0775684118270874,0.054718196392059326,-0.16708087921142578,0.0016720294952392578,-0.2090739607810974,-0.04324138164520264,-0.19908148050308228,0.004000812768936157,-0.2307397425174713,-0.026112109422683716,-0.30829256772994995,-0.0519903302192688,-0.35581856966018677,-0.07474268972873688,-0.3957139402627945,-0.03486622869968414,-0.21769586205482483,-0.07209044694900513,-0.30249613523483276,-0.10015645623207092,-0.35880839824676514,-0.12315259128808975,-0.40405866503715515,-0.06321215629577637,-0.18993455171585083,-0.10189191997051239,-0.2697252035140991,-0.12732761353254318,-0.32432299852371216,-0.1493130475282669,-0.36592501401901245,-0.08766943216323853,-0.14779797196388245,-0.11510658264160156,-0.20905497670173645,-0.13340449333190918,-0.2507507801055908,-0.1519131064414978,-0.2845180630683899,B
0.0,0.0,0.04825553297996521,-0.07821029424667358,0.05527777969837189,-0.1693151593208313,0.0021570026874542236,-0.20876920223236084,-0.041687458753585815,-0.18489062786102295,0.0057493895292282104,-0.2322424352169037,-0.020619869232177734,-0.31038427352905273,-0.04473996162414551,-0.35858356952667236,-0.06658045947551727,-0.3994605541229248,-0.0321984738111496,-0.2204599380493164,-0.06526176631450653,-0.3050052523612976,-0.09153291583061218,-0.3619813323020935,-0.114287368953228,-0.40851008892059326,-0.06037311255931854,-0.19377705454826355,-0.09700816124677658,-0.2731698751449585,-0.12145274132490158,-0.32878899574279785,-0.143497072160244,-0.37193453311920166,-0.0852024108171463,-0.15365281701087952,-0.1122378334403038,-0.2163400650024414,-0.12905371189117432,-0.25954383611679077,-0.14652781933546066,-0.29497411847114563,B
0.0,0.0,0.049936890602111816,-0.04565775394439697,0.06283462047576904,-0.12255871295928955,0.022463619709014893,-0.15821143984794617,-0.019694417715072632,-0.14523988962173462,0.028791606426239014,-0.18466001749038696,0.01010487973690033,-0.26077499985694885,-0.008348912000656128,-0.3192013204097748,-0.025210127234458923,-0.3652479946613312,-0.009817004203796387,-0.1780688464641571,-0.029906123876571655,-0.2557198405265808,-0.04872116446495056,-0.3189585506916046,-0.06578205525875092,-0.373256579041481,-0.045270100235939026,-0.16150343418121338,-0.06649945676326752,-0.23443186283111572,-0.08286778628826141,-0.2950368821620941,-0.09939620643854141,-0.34514081478118896,-0.08138865977525711,-0.13398009538650513,-0.09930100291967392,-0.19706249237060547,-0.11089970916509628,-0.24418383836746216,-0.12210920453071594,-0.2854083180427551,B
0.0,0.0,0.05282984673976898,-0.06928712129592896,0.06672689318656921,-0.15785479545593262,0.0188540518283844,-0.200616717338562,-0.024459853768348694,-0.18302688002586365,0.01907189190387726,-0.22977763414382935,0.0038839876651763916,-0.3096103072166443,-0.013513803482055664,-0.3591122329235077,-0.03126160800457001,-0.40208856761455536,-0.01838827133178711,-0.22363585233688354,-0.03781360387802124,-0.31075024604797363,-0.0577593594789505,-0.3702772259712219,-0.07645958662033081,-0.4205775260925293,-0.04818993806838989,-0.20232895016670227,-0.07262487709522247,-0.283974826335907,-0.09001170098781586,-0.3421001434326172,-0.10686251521110535,-0.3876772075891495,-0.07662387192249298,-0.16778934001922607,-0.09635687619447708,-0.236352801322937,-0.11043849587440491,-0.2823943793773651,-0.12597893923521042,-0.32038116455078125,B
0.0,0.0,0.05127358436584473,-0.07088106870651245,0.06571155786514282,-0.1575331687927246,0.01786184310913086,-0.1996159553527832,-0.025041043758392334,-0.18485254049301147,0.02150188386440277,-0.2280421257019043,0.0067471712827682495,-0.3066210150718689,-0.011405810713768005,-0.3562338948249817,-0.02942916750907898,-0.3986942172050476,-0.015835002064704895,-0.22218266129493713,-0.03677016496658325,-0.3090788722038269,-0.05665552616119385,-0.36764997243881226,-0.07524360716342926,-0.41636019945144653,-0.04601295292377472,-0.2014005482196808,-0.07166637480258942,-0.2829543650150299,-0.08952196687459946,-0.3400672674179077,-0.10697473585605621,-0.3845858573913574,-0.07513034343719482,-0.16753047704696655,-0.09428171813488007,-0.23547887802124023,-0.10752622783184052,-0.2814887464046478,-0.12249641865491867,-0.31935983896255493,B
0.0,0.0,0.05638514459133148,-0.0663074254989624,0.08004002273082733,-0.15109208226203918,0.038721829652786255,-0.19870203733444214,-0.005640000104904175,-0.18666410446166992,0.04045484960079193,-0.22793954610824585,0.03237354755401611,-0.304103821516037,0.019771412014961243,-0.35248619318008423,0.00708654522895813,-0.39533670246601105,0.0035095512866973877,-0.22895270586013794,-0.007407546043395996,-0.30978187918663025,-0.021648958325386047,-0.3666912317276001,-0.035464122891426086,-0.4172688126564026,-0.027894482016563416,-0.21279633045196533,-0.04447461664676666,-0.2902025580406189,-0.056153953075408936,-0.34530189633369446,-0.06850449740886688,-0.39090463519096375,-0.059826917946338654,-0.182590514421463,-0.07275604456663132,-0.24900919198989868,-0.08233995735645294,-0.29322218894958496,-0.09428830444812775,-0.33136439323425293,B
0.0,0.0,0.05675075948238373,-0.06553488969802856,0.07969476282596588,-0.14843901991844177,0.039799049496650696,-0.19732806086540222,-0.003781154751777649,-0.18736928701400757,0.039891138672828674,-0.22354668378829956,0.03487004339694977,-0.2988879084587097,0.024166420102119446,-0.3473700284957886,0.013378769159317017,-0.3900531828403473,0.004188895225524902,-0.22323909401893616,-0.005716234445571899,-0.3051496744155884,-0.017406508326530457,-0.36237189173698425,-0.02825985848903656,-0.41339796781539917,-0.026740416884422302,-0.20688697695732117,-0.04163193702697754,-0.2859055995941162,-0.05106689780950546,-0.34049421548843384,-0.06090349704027176,-0.3861509710550308,-0.05828215181827545,-0.1778075397014618,-0.06970319151878357,-0.24379774928092957,-0.07644261419773102,-0.28875625133514404,-0.08493608236312866,-0.32850855588912964,B
0.0,0.0,0.05984547734260559,-0.05460464954376221,0.08857464790344238,-0.1357269287109375,0.05803598463535309,-0.19170209765434265,0.014529302716255188,-0.18888172507286072,0.05311910808086395,-0.21765893697738647,0.055247366428375244,-0.29569563269615173,0.052316322922706604,-0.3444938063621521,0.04823054373264313,-0.3876942992210388,0.018536865711212158,-0.22482851147651672,0.01749327778816223,-0.3094688057899475,0.01380687952041626,-0.36651676893234253,0.009192794561386108,-0.41443972289562225,-0.012870356440544128,-0.21567898988723755,-0.018629789352416992,-0.2956184148788452,-0.0211821049451828,-0.3493862748146057,-0.025861769914627075,-0.3908925950527191,-0.046281978487968445,-0.19312644004821777,-0.05449716001749039,-0.2616003155708313,-0.05903489887714386,-0.3065416216850281,-0.06568848341703415,-0.3439037501811981,B
0.0,0.0,0.05667242407798767,-0.04978519678115845,0.08035312592983246,-0.13213425874710083,0.06517991423606873,-0.18991586565971375,0.029313281178474426,-0.1835680603981018,0.039081379771232605,-0.22221440076828003,0.04427890479564667,-0.29965683817863464,0.04500712454319,-0.3477709889411926,0.04527488350868225,-0.3915293514728546,0.012101337313652039,-0.23194405436515808,0.01132059097290039,-0.32177260518074036,0.011325165629386902,-0.38400882482528687,0.011020064353942871,-0.4367310553789139,-0.013683244585990906,-0.224147766828537,-0.017716065049171448,-0.31466683745384216,-0.019124314188957214,-0.3773066997528076,-0.022266268730163574,-0.4281354546546936,-0.03903815150260925,-0.20213785767555237,-0.045028991997241974,-0.27847957611083984,-0.048688992857933044,-0.330028235912323,-0.05429238826036453,-0.37326234579086304,B
0.0,0.0,0.053898364305496216,-0.045444607734680176,0.07397076487541199,-0.12896597385406494,0.0623076856136322,-0.18770238757133484,0.03071489930152893,-0.18724006414413452,0.030518561601638794,-0.22612440586090088,0.035538554191589355,-0.3026255965232849,0.03594888746738434,-0.3503535985946655,0.034345582127571106,-0.39451950788497925,0.007327958941459656,-0.236765056848526,0.005925163626670837,-0.3265353739261627,0.005087673664093018,-0.3869892656803131,0.003040120005607605,-0.44041016697883606,-0.015454351902008057,-0.23113670945167542,-0.02089446783065796,-0.31935834884643555,-0.023976564407348633,-0.3795164227485657,-0.029335230588912964,-0.4304319769144058,-0.038215070962905884,-0.21249112486839294,-0.046850912272930145,-0.28685346245765686,-0.05290825664997101,-0.33716416358947754,-0.060696184635162354,-0.380029559135437,B
0.0,0.0,0.05375221371650696,-0.046669185161590576,0.07426294684410095,-0.1283935308456421,0.06107589602470398,-0.18576568365097046,0.029169321060180664,-0.18625742197036743,0.029680609703063965,-0.22364184260368347,0.03355865180492401,-0.3012668788433075,0.03350679576396942,-0.3501768410205841,0.03112711012363434,-0.39524418115615845,0.0070015788078308105,-0.2334534227848053,0.005669623613357544,-0.32595860958099365,0.004341155290603638,-0.3883489966392517,0.0012871921062469482,-0.44405965507030487,-0.015440374612808228,-0.2286008596420288,-0.01971721649169922,-0.3193449378013611,-0.02217888832092285,-0.38040608167648315,-0.02749393880367279,-0.43197356164455414,-0.03871762752532959,-0.21183213591575623,-0.04717271029949188,-0.2875886857509613,-0.05253053456544876,-0.3381176292896271,-0.059532955288887024,-0.3817462921142578,B
0.0,0.0,0.051331862807273865,-0.049711644649505615,0.0637003630399704,-0.1309940218925476,0.05250953137874603,-0.18568366765975952,0.031523823738098145,-0.19332709908485413,0.02626761794090271,-0.22292622923851013,0.0299186110496521,-0.3014567494392395,0.03166574239730835,-0.35039404034614563,0.031192541122436523,-0.3948453664779663,0.005753517150878906,-0.23280003666877747,0.002753809094429016,-0.32795459032058716,0.0015381276607513428,-0.3916177749633789,-0.00099983811378479,-0.44616083800792694,-0.015036791563034058,-0.22803521156311035,-0.021337345242500305,-0.32175272703170776,-0.025119870901107788,-0.38541820645332336,-0.031094178557395935,-0.43860961496829987,-0.036063604056835175,-0.21158483624458313,-0.04570382833480835,-0.29080092906951904,-0.05127780884504318,-0.3431609570980072,-0.058068759739398956,-0.3880915641784668,B
0.0,0.0,0.051204413175582886,-0.05469930171966553,0.06669299304485321,-0.13300615549087524,0.054273009300231934,-0.18498283624649048,0.03141619265079498,-0.1970461905002594,0.02754516899585724,-0.224025160074234,0.03139781951904297,-0.2991071343421936,0.033873364329338074,-0.3465665578842163,0.03413066267967224,-0.3924718499183655,0.005969434976577759,-0.23238343000411987,0.006045833230018616,-0.3219880759716034,0.005221858620643616,-0.38627853989601135,0.0031125545501708984,-0.44336599111557007,-0.01527339220046997,-0.22505122423171997,-0.013754025101661682,-0.31641197204589844,-0.013536989688873291,-0.38106995820999146,-0.016141057014465332,-0.4365711510181427,-0.03518858551979065,-0.2059708833694458,-0.03691171109676361,-0.2846681773662567,-0.0393265038728714,-0.3362007141113281,-0.04330988973379135,-0.38081279397010803,B
0.0,0.0,0.050135672092437744,-0.057564735412597656,0.06421922147274017,-0.13484108448028564,0.05522046983242035,-0.18565866351127625,0.03692449629306793,-0.20499449968338013,0.028483256697654724,-0.2222195863723755,0.030970841646194458,-0.29812848567962646,0.03288935124874115,-0.34672436118125916,0.03214485943317413,-0.3927733898162842,0.006931722164154053,-0.22977203130722046,0.006540223956108093,-0.3196535110473633,0.004689961671829224,-0.38435375690460205,0.0010358095169067383,-0.44113974273204803,-0.015270456671714783,-0.22371521592140198,-0.013574913144111633,-0.3151729702949524,-0.01319226622581482,-0.37876075506210327,-0.016065850853919983,-0.43229925632476807,-0.03760305047035217,-0.20655298233032227,-0.03917386382818222,-0.2859898507595062,-0.042153581976890564,-0.33912715315818787,-0.04700452834367752,-0.38608062267303467,B
0.0,0.0,0.05248783528804779,-0.05235940217971802,0.07227200269699097,-0.13166970014572144,0.05910062789916992,-0.18504935503005981,0.035651713609695435,-0.19830945134162903,0.03405752778053284,-0.21909117698669434,0.039171069860458374,-0.2913581430912018,0.04271416366100311,-0.3378267288208008,0.043437108397483826,-0.3813335597515106,0.012524724006652832,-0.22890278697013855,0.0156489759683609,-0.3155946135520935,0.016220495104789734,-0.3766602575778961,0.01503656804561615,-0.43039722740650177,-0.009342759847640991,-0.22402197122573853,-0.005794018507003784,-0.31391146779060364,-0.0034505128860473633,-0.3755151629447937,-0.0038461238145828247,-0.427097350358963,-0.03231647610664368,-0.20751866698265076,-0.03400123119354248,-0.28784552216529846,-0.036585837602615356,-0.3399043679237366,-0.040707096457481384,-0.38437288999557495,B
0.0,0.0,0.05493861436843872,-0.04468226432800293,0.08159354329109192,-0.12148499488830566,0.06805802881717682,-0.17596185207366943,0.04146096110343933,-0.1877673864364624,0.04588423669338226,-0.20841223001480103,0.05365172028541565,-0.2812533974647522,0.05739496648311615,-0.32740992307662964,0.05852968990802765,-0.3706649839878082,0.024091824889183044,-0.22073787450790405,0.02989920973777771,-0.3057485520839691,0.032882094383239746,-0.3626817762851715,0.0339055061340332,-0.41229453682899475,0.0011106431484222412,-0.2191508710384369,0.006796166300773621,-0.3069593906402588,0.00924430787563324,-0.3686123490333557,0.008935406804084778,-0.42033572494983673,-0.02440565824508667,-0.20718109607696533,-0.025539740920066833,-0.2859903872013092,-0.027217045426368713,-0.33726462721824646,-0.030804887413978577,-0.380932092666626,B
0.0,0.0,0.054770007729530334,-0.045551836490631104,0.08191630244255066,-0.12086564302444458,0.06827712059020996,-0.1737942397594452,0.042387813329696655,-0.18590500950813293,0.04583878815174103,-0.20976212620735168,0.051963865756988525,-0.28246286511421204,0.05429476499557495,-0.32968467473983765,0.05441372096538544,-0.37426599860191345,0.02353253960609436,-0.22099053859710693,0.02788904309272766,-0.3069092035293579,0.030090555548667908,-0.3668892979621887,0.03025144338607788,-0.42096762359142303,0.0006991475820541382,-0.21801674365997314,0.005077049136161804,-0.30605387687683105,0.006661653518676758,-0.36896786093711853,0.005005240440368652,-0.4229487329721451,-0.02360956370830536,-0.20349299907684326,-0.025226637721061707,-0.2824755311012268,-0.02750559151172638,-0.3339301347732544,-0.03185248374938965,-0.37772876024246216,B
0.0,0.0,0.05717270076274872,-0.04239898920059204,0.08832043409347534,-0.11482274532318115,0.07014082372188568,-0.16315671801567078,0.034758031368255615,-0.16261929273605347,0.05610659718513489,-0.20344007015228271,0.06404665112495422,-0.27480897307395935,0.0664367824792862,-0.3217361569404602,0.06681610643863678,-0.36584019660949707,0.03250324726104736,-0.21820002794265747,0.03950968384742737,-0.30228492617607117,0.04480719566345215,-0.3571624159812927,0.048405617475509644,-0.4061603248119354,0.008094042539596558,-0.21908199787139893,0.013782843947410583,-0.30722343921661377,0.01721508800983429,-0.36790570616722107,0.01756414771080017,-0.419180229306221,-0.019340887665748596,-0.2091759443283081,-0.020574212074279785,-0.2859543561935425,-0.021700099110603333,-0.33625340461730957,-0.025181040167808533,-0.3804957866668701,B
0.0,0.0,0.05923597514629364,-0.04510080814361572,0.09185579419136047,-0.12138044834136963,0.07232023775577545,-0.17011764645576477,0.03428395092487335,-0.16034451127052307,0.05751480162143707,-0.20562011003494263,0.06592017412185669,-0.27689340710639954,0.06873102486133575,-0.3229226768016815,0.06984588503837585,-0.3662186861038208,0.032546475529670715,-0.21801847219467163,0.03911128640174866,-0.30164700746536255,0.042600274085998535,-0.360491544008255,0.04494982957839966,-0.41371507942676544,0.007867559790611267,-0.21553000807762146,0.013716369867324829,-0.3004753589630127,0.01661078631877899,-0.35959601402282715,0.016299143433570862,-0.40939153730869293,-0.01823483407497406,-0.2020227611064911,-0.019522905349731445,-0.2774580717086792,-0.021265670657157898,-0.32692503929138184,-0.02525898814201355,-0.36990392208099365,B
0.0,0.0,0.05820667743682861,-0.04459577798843384,0.0910651683807373,-0.11790400743484497,0.06807675957679749,-0.16498583555221558,0.031407430768013,-0.1624247431755066,0.05733191967010498,-0.20317485928535461,0.06707537174224854,-0.2751789391040802,0.06990799307823181,-0.32125943899154663,0.07128897309303284,-0.36419886350631714,0.03162863850593567,-0.2154541015625,0.038510486483573914,-0.2999175190925598,0.04195486009120941,-0.3583119809627533,0.04479043185710907,-0.4100896269083023,0.007024422287940979,-0.21260976791381836,0.011127427220344543,-0.29829728603363037,0.013304948806762695,-0.3580617308616638,0.013093814253807068,-0.4072200357913971,-0.01849997043609619,-0.19808942079544067,-0.02053697407245636,-0.2714112401008606,-0.022200435400009155,-0.3198853135108948,-0.02644576132297516,-0.3611759543418884,B
0.0,0.0,0.05909168720245361,-0.043923258781433105,0.09298476576805115,-0.1149401068687439,0.06710898876190186,-0.15962165594100952,0.02987782657146454,-0.1587877869606018,0.057532861828804016,-0.20227527618408203,0.06629815697669983,-0.2744404673576355,0.06894740462303162,-0.32105088233947754,0.0704464465379715,-0.364602267742157,0.030650973320007324,-0.21457064151763916,0.037562862038612366,-0.2991587221622467,0.04219052195549011,-0.3578103184700012,0.04623425006866455,-0.40937478840351105,0.0059092044830322266,-0.21141597628593445,0.009746536612510681,-0.2978150546550751,0.012825563549995422,-0.3584662079811096,0.013362109661102295,-0.408318430185318,-0.019104138016700745,-0.19636070728302002,-0.019775673747062683,-0.27037185430526733,-0.020984232425689697,-0.31955933570861816,-0.025473684072494507,-0.3616390824317932,B
0.0,0.0,0.06414461135864258,-0.043290793895721436,0.09815028309822083,-0.11796742677688599,0.0646619200706482,-0.16820093989372253,0.020615532994270325,-0.14528429508209229,0.06749697029590607,-0.19394278526306152,0.07837271690368652,-0.26110661029815674,0.08330957591533661,-0.3049640655517578,0.08773690462112427,-0.3443883955478668,0.039128199219703674,-0.20498394966125488,0.04832372069358826,-0.2847155034542084,0.053480491042137146,-0.33967894315719604,0.05835786461830139,-0.389864057302475,0.01227925717830658,-0.20235565304756165,0.018529832363128662,-0.2841354012489319,0.02343757450580597,-0.3398023843765259,0.02592068910598755,-0.3865283131599426,-0.017172738909721375,-0.1901102364063263,-0.017403215169906616,-0.25985416769981384,-0.016127809882164,-0.3051392436027527,-0.017389774322509766,-0.3460390865802765,B
0.0,0.0,0.06733119487762451,-0.04841935634613037,0.10097870230674744,-0.11972010135650635,0.06371505558490753,-0.16809862852096558,0.014053761959075928,-0.14997929334640503,0.07852570712566376,-0.1851540505886078,0.09125855565071106,-0.2552654445171356,0.09657064080238342,-0.3020957410335541,0.10079702734947205,-0.3436555862426758,0.04628567397594452,-0.19854745268821716,0.057458147406578064,-0.2807675898075104,0.06284917891025543,-0.3403833508491516,0.06769044697284698,-0.3905225992202759,0.016270026564598083,-0.1958087682723999,0.022047370672225952,-0.2788130044937134,0.027099579572677612,-0.3382960557937622,0.029687166213989258,-0.38507965207099915,-0.015523374080657959,-0.18138837814331055,-0.012068301439285278,-0.2500767409801483,-0.009765908122062683,-0.2986721992492676,-0.010328114032745361,-0.3410252332687378,B
0.0,0.0,0.06952911615371704,-0.05513310432434082,0.10376077890396118,-0.12168145179748535,0.06503856182098389,-0.1741100251674652,0.016467317938804626,-0.16993892192840576,0.08638939261436462,-0.17651432752609253,0.10078004002571106,-0.25081709027290344,0.1052115261554718,-0.29986676573753357,0.10849839448928833,-0.34404313564300537,0.05385975539684296,-0.18983590602874756,0.06745639443397522,-0.27395835518836975,0.07335665822029114,-0.334347128868103,0.07866501808166504,-0.38575324416160583,0.0223521888256073,-0.1888175904750824,0.029163166880607605,-0.2723342478275299,0.03567922115325928,-0.32986754179000854,0.03984881937503815,-0.374692440032959,-0.012867763638496399,-0.17723247408866882,-0.009378418326377869,-0.2448713779449463,-0.00486522912979126,-0.292066365480423,-0.0024876445531845093,-0.33313268423080444,B
0.0,0.0,0.0714595764875412,-0.05396193265914917,0.10582864284515381,-0.11952221393585205,0.07118429243564606,-0.17451998591423035,0.023530229926109314,-0.17260146141052246,0.08953195810317993,-0.1738118827342987,0.10364145040512085,-0.24669960141181946,0.10638746619224548,-0.295987069606781,0.10854241251945496,-0.3408203423023224,0.05752934515476227,-0.1888713240623474,0.06957583129405975,-0.27040794491767883,0.07407388091087341,-0.3301524519920349,0.07968078553676605,-0.38176026940345764,0.025846436619758606,-0.18913957476615906,0.03224825859069824,-0.2704312801361084,0.037412673234939575,-0.3267820477485657,0.04100027680397034,-0.37236911058425903,-0.01054544746875763,-0.17829278111457825,-0.006122797727584839,-0.2454792857170105,-0.0028856992721557617,-0.29057931900024414,-0.0020232200622558594,-0.32991060614585876,B
0.0,0.0,0.07115375995635986,-0.04663741588592529,0.10721313953399658,-0.1141057014465332,0.07432101666927338,-0.17879235744476318,0.03326752781867981,-0.19802933931350708,0.09987244009971619,-0.15826374292373657,0.1132628321647644,-0.23715919256210327,0.11672598123550415,-0.29177045822143555,0.11900153756141663,-0.33745062351226807,0.0645899772644043,-0.1725465953350067,0.07921293377876282,-0.260372519493103,0.0844280868768692,-0.32326841354370117,0.08971568942070007,-0.3734225034713745,0.030899658799171448,-0.17252936959266663,0.04052130877971649,-0.2576461136341095,0.04742555320262909,-0.3161442279815674,0.05282481014728546,-0.3614966869354248,-0.006237149238586426,-0.16210561990737915,0.0013025104999542236,-0.22910290956497192,0.008995890617370605,-0.27348262071609497,0.015101313591003418,-0.31194639205932617,B
0.0,0.0,0.0778375118970871,-0.05543416738510132,0.10981921851634979,-0.12263774871826172,0.08581949770450592,-0.1881386935710907,0.04799462854862213,-0.21309679746627808,0.10583643615245819,-0.16034895181655884,0.12098799645900726,-0.24195891618728638,0.12321381270885468,-0.29757052659988403,0.12403462827205658,-0.34406834840774536,0.07071144878864288,-0.17536741495132446,0.08530564606189728,-0.25921154022216797,0.09014756977558136,-0.3229265809059143,0.09493999183177948,-0.3735814392566681,0.03687487542629242,-0.17650306224822998,0.04688557982444763,-0.25428733229637146,0.05309887230396271,-0.31133878231048584,0.056612804532051086,-0.3551241159439087,-0.001790463924407959,-0.16882717609405518,0.006138667464256287,-0.23342755436897278,0.013212129473686218,-0.2785855233669281,0.019328027963638306,-0.3166745603084564,B
0.0,0.0,0.07770679891109467,-0.05856269598007202,0.10987928509712219,-0.1258111596107483,0.08776940405368805,-0.19413742423057556,0.05261757969856262,-0.22375082969665527,0.10541746020317078,-0.16368317604064941,0.1196695864200592,-0.2447444498538971,0.12170115113258362,-0.30076494812965393,0.12301838397979736,-0.3483697474002838,0.07029612362384796,-0.17920219898223877,0.08371727168560028,-0.26400458812713623,0.08871592581272125,-0.3278598189353943,0.0944196879863739,-0.37898141145706177,0.036458179354667664,-0.18066298961639404,0.04697719216346741,-0.2600814402103424,0.05357427895069122,-0.3163970708847046,0.05782344937324524,-0.3598276376724243,-0.002877146005630493,-0.17312705516815186,0.005700170993804932,-0.23921865224838257,0.012864738702774048,-0.2840808033943176,0.019704431295394897,-0.3218837380409241,B
0.0,0.0,0.07224562764167786,-0.03913205862045288,0.10927523672580719,-0.10985422134399414,0.07539123296737671,-0.18293341994285583,0.031423330307006836,-0.2007370889186859,0.10771025717258453,-0.16200709342956543,0.11970432102680206,-0.24311351776123047,0.12307773530483246,-0.29908353090286255,0.12621797621250153,-0.3451751470565796,0.07223331928253174,-0.17841777205467224,0.08792050182819366,-0.26498502492904663,0.09616942703723907,-0.3269820809364319,0.10437451303005219,-0.3764619827270508,0.03842759132385254,-0.18007135391235352,0.049106791615486145,-0.2628518342971802,0.06100623309612274,-0.31769126653671265,0.07029466331005096,-0.36044594645500183,0.0009477138519287109,-0.17101138830184937,0.011847302317619324,-0.23616161942481995,0.023365601897239685,-0.2758887708187103,0.03274853527545929,-0.30967745184898376,B
0.0,0.0,0.07268846035003662,-0.04304361343383789,0.10921534895896912,-0.11194109916687012,0.08146151900291443,-0.18556123971939087,0.04464450478553772,-0.21002086997032166,0.10543262958526611,-0.1628643274307251,0.11626884341239929,-0.2424052357673645,0.11935290694236755,-0.29779618978500366,0.12282329797744751,-0.34406107664108276,0.07031907141208649,-0.17798709869384766,0.08451542258262634,-0.2657812833786011,0.09173688292503357,-0.32769685983657837,0.10000240802764893,-0.3777378797531128,0.03722061216831207,-0.17841845750808716,0.04749704897403717,-0.2620086371898651,0.05719985067844391,-0.31802693009376526,0.06516800820827484,-0.362214595079422,-0.0004011094570159912,-0.168603777885437,0.010001003742218018,-0.23445677757263184,0.02068968117237091,-0.2752367854118347,0.03022165596485138,-0.31096404790878296,B
0.0,0.0,0.07455646991729736,-0.04451465606689453,0.11590863764286041,-0.11308753490447998,0.09605978429317474,-0.1871282458305359,0.06648844480514526,-0.21673136949539185,0.11013127863407135,-0.15522009134292603,0.12207357585430145,-0.23539531230926514,0.1257520467042923,-0.29216885566711426,0.12936519086360931,-0.3398539423942566,0.07480958104133606,-0.1723984181880951,0.08941870927810669,-0.2604016959667206,0.09726487100124359,-0.32372772693634033,0.10674910247325897,-0.37652990221977234,0.04184991121292114,-0.1748032569885254,0.05407607555389404,-0.2560790479183197,0.06666383147239685,-0.3130209445953369,0.07809233665466309,-0.3585391044616699,0.004619881510734558,-0.16718095541000366,0.016065940260887146,-0.23083090782165527,0.027905315160751343,-0.2728908061981201,0.038840726017951965,-0.31004971265792847,B
0.0,0.0,0.07487320899963379,-0.042244791984558105,0.11669602990150452,-0.11069649457931519,0.09490591287612915,-0.18544930219650269,0.06220223009586334,-0.21369358897209167,0.11126959323883057,-0.15454936027526855,0.12258219718933105,-0.23547449707984924,0.1256953477859497,-0.2933271527290344,0.1286742091178894,-0.340472012758255,0.07600504159927368,-0.1710321009159088,0.0901486873626709,-0.2598731815814972,0.09803026914596558,-0.32366830110549927,0.10752901434898376,-0.37578198313713074,0.04301184415817261,-0.1725480854511261,0.05504222214221954,-0.25609099864959717,0.0678834468126297,-0.3130335211753845,0.07971855998039246,-0.3587287664413452,0.005981221795082092,-0.16351643204689026,0.01841709017753601,-0.22766631841659546,0.030580520629882812,-0.26877328753471375,0.041586875915527344,-0.3054104447364807,B
0.0,0.0,0.07224118709564209,-0.03460031747817993,0.11871588230133057,-0.10152238607406616,0.10435336828231812,-0.17321845889091492,0.07773132622241974,-0.20350703597068787,0.11398187279701233,-0.15812885761260986,0.12514880299568176,-0.238719642162323,0.1283572018146515,-0.29744774103164673,0.13249608874320984,-0.34493547677993774,0.07970115542411804,-0.1770196557044983,0.09258683025836945,-0.26654955744743347,0.10189616680145264,-0.3324671685695648,0.11413395404815674,-0.3872022032737732,0.04574543237686157,-0.1778033971786499,0.056336015462875366,-0.26353782415390015,0.07014289498329163,-0.31950247287750244,0.08389239013195038,-0.36528491973876953,0.008850783109664917,-0.1661560833454132,0.02181386947631836,-0.2305111587047577,0.034329429268836975,-0.2698551416397095,0.04529625177383423,-0.3053225576877594,B
0.0,0.0,0.06885725259780884,-0.023781538009643555,0.11386120319366455,-0.09035295248031616,0.08975444734096527,-0.16291528940200806,0.051536351442337036,-0.19213032722473145,0.11883929371833801,-0.15747180581092834,0.12893623113632202,-0.24065572023391724,0.13190385699272156,-0.30243808031082153,0.13626939058303833,-0.3521900773048401,0.08448641002178192,-0.17660993337631226,0.09727098047733307,-0.26674723625183105,0.10807064175605774,-0.3324436545372009,0.12074795365333557,-0.38662299513816833,0.05097872018814087,-0.17799821496009827,0.05878327786922455,-0.26352429389953613,0.07330508530139923,-0.31897610425949097,0.08800457417964935,-0.3652172088623047,0.016328617930412292,-0.1688259243965149,0.027537062764167786,-0.23383250832557678,0.03995375335216522,-0.2717432379722595,0.05078369379043579,-0.3061128258705139,B
0.0,0.0,0.06779928505420685,-0.02642911672592163,0.11133226752281189,-0.09163177013397217,0.0848747193813324,-0.16419073939323425,0.043313950300216675,-0.18843740224838257,0.1170300543308258,-0.16285720467567444,0.12743505835533142,-0.24659079313278198,0.13102516531944275,-0.30715495347976685,0.1360245645046234,-0.3565036356449127,0.08091424405574799,-0.18201908469200134,0.09352496266365051,-0.27367496490478516,0.10433146357536316,-0.33859193325042725,0.11769476532936096,-0.3921411484479904,0.045911312103271484,-0.18278244137763977,0.05369602143764496,-0.2681161165237427,0.06827464699745178,-0.32241469621658325,0.08357566595077515,-0.36716336011886597,0.010191574692726135,-0.17312589287757874,0.023220568895339966,-0.23884528875350952,0.0370974987745285,-0.27692270278930664,0.05002701282501221,-0.31147003173828125,B
0.0,0.0,0.07049144804477692,-0.03280395269393921,0.11246135830879211,-0.0990871787071228,0.09079621732234955,-0.16789144277572632,0.055403098464012146,-0.19443202018737793,0.11279737949371338,-0.16656494140625,0.12479177117347717,-0.2502967417240143,0.1288423240184784,-0.3096249997615814,0.1341806948184967,-0.3582155704498291,0.0760873407125473,-0.18542206287384033,0.08907371759414673,-0.27756062150001526,0.10022547841072083,-0.3422785699367523,0.1141323447227478,-0.39622072875499725,0.041028738021850586,-0.1857810914516449,0.05106377601623535,-0.27255359292030334,0.06652240455150604,-0.32781922817230225,0.08203797042369843,-0.3724759519100189,0.00635489821434021,-0.1744171380996704,0.020506560802459717,-0.23934590816497803,0.03548736870288849,-0.28005510568618774,0.04926098883152008,-0.31659644842147827,B
0.0,0.0,0.06713517010211945,-0.033963799476623535,0.10526695847511292,-0.1036003828048706,0.0690721720457077,-0.1745561957359314,0.02204391360282898,-0.1949986219406128,0.11596488952636719,-0.17051038146018982,0.12504884600639343,-0.25345659255981445,0.12756890058517456,-0.3122413158416748,0.13139623403549194,-0.36034518480300903,0.08162608742713928,-0.1884128451347351,0.0937163233757019,-0.27654778957366943,0.10279527306556702,-0.34046390652656555,0.11473235487937927,-0.39388132095336914,0.04732470214366913,-0.1895410418510437,0.05778585374355316,-0.2724144458770752,0.07214395701885223,-0.3267977833747864,0.0873492956161499,-0.37333954870700836,0.010391205549240112,-0.17905586957931519,0.02362971007823944,-0.24159777164459229,0.03704412281513214,-0.28004780411720276,0.0492924302816391,-0.3150845468044281,B
0.0,0.0,0.06424172222614288,-0.03479546308517456,0.10300770401954651,-0.098721444606781,0.0681285709142685,-0.16856786608695984,0.018972784280776978,-0.1819804608821869,0.10923489928245544,-0.1759277582168579,0.1208270788192749,-0.25722837448120117,0.12334674596786499,-0.31541043519973755,0.12646809220314026,-0.36290138959884644,0.0747956931591034,-0.192617267370224,0.0886031836271286,-0.27933818101882935,0.09676480293273926,-0.3433058261871338,0.10707128047943115,-0.39772386848926544,0.04137541353702545,-0.19190174341201782,0.05144652724266052,-0.2717742621898651,0.0649222731590271,-0.32423263788223267,0.07928027212619781,-0.36679697036743164,0.005624532699584961,-0.17974019050598145,0.0172797292470932,-0.24177104234695435,0.02926534414291382,-0.27819305658340454,0.04130175709724426,-0.31012117862701416,B
0.0,0.0,0.0657351016998291,-0.03446757793426514,0.10094225406646729,-0.10115540027618408,0.06453827023506165,-0.16653117537498474,0.017055779695510864,-0.18173480033874512,0.1140328049659729,-0.17517992854118347,0.12105700373649597,-0.25763535499572754,0.12004181742668152,-0.31590619683265686,0.12126719951629639,-0.3636149764060974,0.07687827944755554,-0.19200581312179565,0.08426633477210999,-0.27811506390571594,0.08953887224197388,-0.3411751985549927,0.09911614656448364,-0.39395996928215027,0.04073116183280945,-0.19172000885009766,0.045285508036613464,-0.27072674036026,0.05766020715236664,-0.32299232482910156,0.07218301296234131,-0.36848627030849457,0.004675388336181641,-0.17846989631652832,0.011079609394073486,-0.23058870434761047,0.020536109805107117,-0.24941664934158325,0.028848007321357727,-0.26551318168640137,B
0.0,0.0,0.06849898397922516,-0.03970605134963989,0.10580289363861084,-0.1058923602104187,0.07609009742736816,-0.17092332243919373,0.031837090849876404,-0.18319225311279297,0.09519195556640625,-0.189458429813385,0.10647383332252502,-0.2595825493335724,0.10899636149406433,-0.3138386607170105,0.11253172159194946,-0.3596023917198181,0.057230353355407715,-0.20536890625953674,0.06961891055107117,-0.28316307067871094,0.07787136733531952,-0.34369009733200073,0.08911827206611633,-0.39670801162719727,0.02151435613632202,-0.2029605209827423,0.03135482966899872,-0.28272438049316406,0.044220030307769775,-0.337465763092041,0.05716367065906525,-0.382357656955719,-0.013508811593055725,-0.18673691153526306,-0.003057926893234253,-0.24686777591705322,0.005227178335189819,-0.27962562441825867,0.010991126298904419,-0.3064168095588684,B
0.0,0.0,0.06850290298461914,-0.0406947135925293,0.10417346656322479,-0.11139047145843506,0.0729258805513382,-0.17138907313346863,0.029498830437660217,-0.18479013442993164,0.09761616587638855,-0.18982332944869995,0.10741876065731049,-0.26324063539505005,0.10950116813182831,-0.31809306144714355,0.11304120719432831,-0.36334267258644104,0.06003323197364807,-0.20395025610923767,0.06895287334918976,-0.2860082685947418,0.07481648027896881,-0.3466065526008606,0.08419358730316162,-0.3989727050065994,0.023647770285606384,-0.20029515027999878,0.027873605489730835,-0.2818033993244171,0.03790688514709473,-0.3353581130504608,0.049147918820381165,-0.3790508657693863,-0.01390703022480011,-0.18395715951919556,-0.003071308135986328,-0.24126818776130676,0.007607787847518921,-0.2732173204421997,0.01563720405101776,-0.2992735505104065,B
0.0,0.0,0.0657266229391098,-0.04994785785675049,0.09678749740123749,-0.12333047389984131,0.059344783425331116,-0.1817520558834076,0.01209595799446106,-0.18397462368011475,0.08543583750724792,-0.19955584406852722,0.09507271647453308,-0.26885154843330383,0.09692622721195221,-0.31756705045700073,0.0992475152015686,-0.35924503207206726,0.04786434769630432,-0.21084299683570862,0.056728243827819824,-0.28949475288391113,0.06175324320793152,-0.34684285521507263,0.06834973394870758,-0.39708006381988525,0.012070894241333008,-0.20441216230392456,0.014802008867263794,-0.2828969657421112,0.022008642554283142,-0.3360738456249237,0.029614001512527466,-0.38048243522644043,-0.025262072682380676,-0.18498429656028748,-0.020149677991867065,-0.24972227215766907,-0.012664183974266052,-0.2931608557701111,-0.005389049649238586,-0.3326667249202728,B
0.0,0.0,0.0663653016090393,-0.053212761878967285,0.09730641543865204,-0.12864619493484497,0.062066927552223206,-0.18860027194023132,0.018087103962898254,-0.200918048620224,0.087839275598526,-0.1981642246246338,0.09743918478488922,-0.27021524310112,0.09949778020381927,-0.32009920477867126,0.10180489718914032,-0.36345693469047546,0.04986867308616638,-0.20848095417022705,0.059092774987220764,-0.2875930666923523,0.06283408403396606,-0.34363415837287903,0.06888777017593384,-0.39349620044231415,0.01373504102230072,-0.2029968798160553,0.016396626830101013,-0.2811744809150696,0.022681891918182373,-0.3344651460647583,0.029825344681739807,-0.3792145848274231,-0.024733752012252808,-0.18626505136489868,-0.020070910453796387,-0.25225600600242615,-0.014683976769447327,-0.2974904775619507,-0.009773164987564087,-0.3381999135017395,B
0.0,0.0,0.06595857441425323,-0.054336726665496826,0.09823611378669739,-0.1294628381729126,0.05897919833660126,-0.1906091272830963,0.013542607426643372,-0.19783556461334229,0.08083145320415497,-0.1936880350112915,0.08839704096317291,-0.2771747410297394,0.08649444580078125,-0.33365654945373535,0.0841389149427414,-0.38215798139572144,0.04349580407142639,-0.20518803596496582,0.04964606463909149,-0.29620838165283203,0.049020081758499146,-0.360458105802536,0.04882107675075531,-0.41442446410655975,0.008946701884269714,-0.2010040581226349,0.010578706860542297,-0.2893831133842468,0.011358916759490967,-0.3482929468154907,0.010443702340126038,-0.39484570920467377,-0.027624592185020447,-0.1842895746231079,-0.025423072278499603,-0.25220319628715515,-0.022345200181007385,-0.2962150573730469,-0.02117939293384552,-0.3331690728664398,B
0.0,0.0,0.06609870493412018,-0.06055265665054321,0.09713129699230194,-0.13664275407791138,0.06104734539985657,-0.20008578896522522,0.015550568699836731,-0.20688214898109436,0.07309912145137787,-0.19425523281097412,0.08177646994590759,-0.27866044640541077,0.0804518312215805,-0.33288925886154175,0.07796517014503479,-0.38024187088012695,0.03802946209907532,-0.2047293484210968,0.04338380694389343,-0.2976187467575073,0.04235951602458954,-0.3622205853462219,0.04082179069519043,-0.41489461064338684,0.005812525749206543,-0.19980677962303162,0.006136998534202576,-0.2892591059207916,0.006934449076652527,-0.34887775778770447,0.005158379673957825,-0.3943313956260681,-0.029034480452537537,-0.1826362907886505,-0.02940845489501953,-0.25234925746917725,-0.02828700840473175,-0.2991999089717865,-0.030287854373455048,-0.33776068687438965,B
0.0,0.0,0.06496661901473999,-0.06517958641052246,0.09092286229133606,-0.1419939398765564,0.04749734699726105,-0.19667348265647888,-0.0009259581565856934,-0.19279047846794128,0.06416745483875275,-0.19769003987312317,0.06957271695137024,-0.277241051197052,0.0674763023853302,-0.32797354459762573,0.06558056175708771,-0.37340447306632996,0.029699966311454773,-0.20747458934783936,0.03308001160621643,-0.2967003285884857,0.03172042965888977,-0.3583218455314636,0.03178967535495758,-0.40975454449653625,-0.0020394176244735718,-0.2009844183921814,-0.004055842757225037,-0.2900184094905853,-0.005393281579017639,-0.34868577122688293,-0.007437258958816528,-0.39569345116615295,-0.03617366403341293,-0.18092581629753113,-0.03885696083307266,-0.25150012969970703,-0.04085437208414078,-0.2975994348526001,-0.04535462707281113,-0.3381538391113281,B
0.0,0.0,0.06255823373794556,-0.061558306217193604,0.08872725069522858,-0.13958171010017395,0.04561838507652283,-0.18976271152496338,-0.004055202007293701,-0.16915860772132874,0.06203031539916992,-0.19686099886894226,0.06734965741634369,-0.2735874652862549,0.06410139799118042,-0.32385408878326416,0.06051979959011078,-0.3681672215461731,0.027653485536575317,-0.20368283987045288,0.030298039317131042,-0.2903960049152374,0.0281134694814682,-0.3514440655708313,0.026483863592147827,-0.40223634243011475,-0.0036372393369674683,-0.19580477476119995,-0.007644519209861755,-0.2809334993362427,-0.00884854793548584,-0.3411344289779663,-0.011467084288597107,-0.3888273239135742,-0.03775106370449066,-0.17705896496772766,-0.04239514470100403,-0.24727857112884521,-0.04466817528009415,-0.29446572065353394,-0.04883745312690735,-0.3352600336074829,B
0.0,0.0,0.06152792274951935,-0.05937182903289795,0.08685818314552307,-0.14046385884284973,0.042649462819099426,-0.18937331438064575,-0.006450250744819641,-0.16313138604164124,0.057748496532440186,-0.19646844267845154,0.06195342540740967,-0.27338874340057373,0.058356091380119324,-0.32280233502388,0.05487006902694702,-0.365975022315979,0.02268292009830475,-0.20281335711479187,0.024041593074798584,-0.29043832421302795,0.0217839777469635,-0.3518896698951721,0.01985149085521698,-0.4014342427253723,-0.008556634187698364,-0.19456025958061218,-0.01296435296535492,-0.28138238191604614,-0.01452268660068512,-0.34269362688064575,-0.01718255877494812,-0.3897489607334137,-0.04082341492176056,-0.17556530237197876,-0.04621210694313049,-0.24603769183158875,-0.04842936992645264,-0.2930774688720703,-0.052430666983127594,-0.3317769169807434,B
0.0,0.0,0.061206161975860596,-0.058831214904785156,0.08598995208740234,-0.14016464352607727,0.04011133313179016,-0.1845647394657135,-0.009286150336265564,-0.15380099415779114,0.056214168667793274,-0.19561851024627686,0.06102097034454346,-0.27268633246421814,0.05858619511127472,-0.3222336769104004,0.056051403284072876,-0.3655543327331543,0.020547091960906982,-0.20178160071372986,0.02312733232975006,-0.28944075107574463,0.02189883589744568,-0.35174208879470825,0.020426928997039795,-0.4027751237154007,-0.010816425085067749,-0.19328689575195312,-0.014337033033370972,-0.2796871066093445,-0.015530988574028015,-0.3418658375740051,-0.017978519201278687,-0.39017467200756073,-0.042669616639614105,-0.1743689477443695,-0.04806375503540039,-0.2452392280101776,-0.04979925602674484,-0.2930288314819336,-0.05342428386211395,-0.3325985372066498,B
0.0,0.0,0.0600445419549942,-0.06349879503250122,0.08225543797016144,-0.14349842071533203,0.03871430456638336,-0.18624305725097656,-0.00934647023677826,-0.15655028820037842,0.05265358090400696,-0.198491632938385,0.057651177048683167,-0.27305009961128235,0.05493341386318207,-0.3211672902107239,0.05254827439785004,-0.3631412088871002,0.01838456094264984,-0.20509910583496094,0.01994571089744568,-0.2918988764286041,0.018205702304840088,-0.35327619314193726,0.017647847533226013,-0.4033139646053314,-0.011950716376304626,-0.1960785984992981,-0.01814258098602295,-0.2823922336101532,-0.02068255841732025,-0.3429606556892395,-0.02329808473587036,-0.3899097144603729,-0.0427108108997345,-0.17492350935935974,-0.04870375245809555,-0.2448647916316986,-0.05277024209499359,-0.2918124794960022,-0.05809823423624039,-0.3316487669944763,B
0.0,0.0,0.06011959910392761,-0.06194627285003662,0.08378592133522034,-0.1416054666042328,0.039929911494255066,-0.18416529893875122,-0.00907522439956665,-0.15512767434120178,0.05336126685142517,-0.19742295145988464,0.05843369662761688,-0.2736624777317047,0.05560067296028137,-0.3230995535850525,0.052795618772506714,-0.36644840240478516,0.01861332356929779,-0.20428019762039185,0.020907670259475708,-0.2923787832260132,0.019528627395629883,-0.35460251569747925,0.018834680318832397,-0.40544939041137695,-0.012003496289253235,-0.19576618075370789,-0.01751992106437683,-0.2823578715324402,-0.01964545249938965,-0.34396591782569885,-0.02198474109172821,-0.3914922922849655,-0.04288551211357117,-0.17565181851387024,-0.048223331570625305,-0.24501505494117737,-0.05149262398481369,-0.2927132546901703,-0.05622084438800812,-0.3327922821044922,B
0.0,0.0,0.058757081627845764,-0.0643240213394165,0.08010049164295197,-0.14665839076042175,0.034320637583732605,-0.18803885579109192,-0.014096930623054504,-0.15197238326072693,0.04938562214374542,-0.2003488838672638,0.05281031131744385,-0.274488627910614,0.04956537485122681,-0.3225576877593994,0.04660238325595856,-0.36557501554489136,0.014519676566123962,-0.20564687252044678,0.015164732933044434,-0.29058852791786194,0.013053566217422485,-0.35137611627578735,0.012000411748886108,-0.4024096131324768,-0.01579807698726654,-0.19601783156394958,-0.021282032132148743,-0.2797043025493622,-0.02365710586309433,-0.3410520553588867,-0.026874348521232605,-0.3893563449382782,-0.04595246911048889,-0.17543968558311462,-0.05076272785663605,-0.24553188681602478,-0.05382544547319412,-0.29305243492126465,-0.058728158473968506,-0.3333640396595001,B
0.0,0.0,0.058945804834365845,-0.06440025568008423,0.08114650845527649,-0.14470747113227844,0.034705549478530884,-0.18290287256240845,-0.01292775571346283,-0.14755266904830933,0.048685044050216675,-0.19928240776062012,0.05183868110179901,-0.27482855319976807,0.049143269658088684,-0.32377535104751587,0.0467575341463089,-0.3667498826980591,0.01365286111831665,-0.20386642217636108,0.013192057609558105,-0.2898849844932556,0.011033356189727783,-0.35080793499946594,0.009784281253814697,-0.40105636417865753,-0.01626630127429962,-0.19362565875053406,-0.02358013391494751,-0.27853286266326904,-0.02645859867334366,-0.3397378921508789,-0.029505886137485504,-0.38731543719768524,-0.04545735567808151,-0.17209625244140625,-0.05369505286216736,-0.2411397397518158,-0.0580071359872818,-0.2891938388347626,-0.06393052637577057,-0.32977718114852905,B
0.0,0.0,0.059276431798934937,-0.06446003913879395,0.0813102126121521,-0.14428970217704773,0.03440500795841217,-0.18142282962799072,-0.013125002384185791,-0.14717361330986023,0.04863762855529785,-0.19927218556404114,0.05160142481327057,-0.2743490934371948,0.04893562197685242,-0.32332703471183777,0.04670935869216919,-0.3665027618408203,0.013697326183319092,-0.20359984040260315,0.013217166066169739,-0.28894945979118347,0.010913059115409851,-0.3496852517127991,0.009545400738716125,-0.40018078684806824,-0.0161159485578537,-0.19333875179290771,-0.023056715726852417,-0.2773527204990387,-0.026154860854148865,-0.3385523557662964,-0.029552236199378967,-0.3864222466945648,-0.045176632702350616,-0.17186662554740906,-0.053404971957206726,-0.24038684368133545,-0.05788283050060272,-0.28794270753860474,-0.0641467347741127,-0.3281916379928589,B
0.0,0.0,0.057580143213272095,-0.07205873727798462,0.07786740362644196,-0.1508616805076599,0.03244750201702118,-0.1881643533706665,-0.014220863580703735,-0.15529277920722961,0.043845802545547485,-0.19979164004325867,0.04349242150783539,-0.27145886421203613,0.03885062038898468,-0.3189374804496765,0.03523994982242584,-0.36095356941223145,0.008847177028656006,-0.20383712649345398,0.006009146571159363,-0.28541141748428345,0.0016991347074508667,-0.3438671827316284,-0.00025041401386260986,-0.3936060667037964,-0.021772995591163635,-0.19337564706802368,-0.029323264956474304,-0.27549973130226135,-0.032845638692379,-0.3339439630508423,-0.03600069880485535,-0.380421906709671,-0.05327572673559189,-0.1707569658756256,-0.06012647598981857,-0.23916733264923096,-0.06407108157873154,-0.285468190908432,-0.06933547556400299,-0.32498443126678467,B
0.0,0.0,0.04930952191352844,-0.07620686292648315,0.06035888195037842,-0.15689346194267273,0.007444590330123901,-0.1916426718235016,-0.038393303751945496,-0.16584819555282593,0.019935235381126404,-0.20760414004325867,0.009269222617149353,-0.2773192524909973,-0.004524558782577515,-0.321954607963562,-0.019243091344833374,-0.3609887361526489,-0.018297478556632996,-0.19848331809043884,-0.031140044331550598,-0.27226126194000244,-0.04640340805053711,-0.3235294818878174,-0.0611090362071991,-0.3661905378103256,-0.04936039447784424,-0.17730316519737244,-0.06825269758701324,-0.2512194514274597,-0.08100800961256027,-0.30116796493530273,-0.09393519163131714,-0.33913174271583557,-0.07844734936952591,-0.14598873257637024,-0.09379827231168747,-0.21111339330673218,-0.10421603173017502,-0.2546692490577698,-0.11561621725559235,-0.2902631163597107,B
0.0,0.0,0.046928271651268005,-0.07531106472015381,0.05266161262989044,-0.15607118606567383,0.004732891917228699,-0.18913954496383667,-0.034365952014923096,-0.16186630725860596,0.00876423716545105,-0.2072213888168335,-0.011290282011032104,-0.28107938170433044,-0.02990870177745819,-0.3276086449623108,-0.04712080955505371,-0.3660436123609543,-0.025960609316825867,-0.1983400285243988,-0.05258472263813019,-0.279008150100708,-0.07590563595294952,-0.33584052324295044,-0.09567033499479294,-0.3807029575109482,-0.05461147427558899,-0.17726916074752808,-0.08579862117767334,-0.25678765773773193,-0.10668976604938507,-0.31114059686660767,-0.12458428740501404,-0.3507242202758789,-0.08258675783872604,-0.14253145456314087,-0.10694926232099533,-0.20758914947509766,-0.12349500507116318,-0.2504517734050751,-0.13994435966014862,-0.28422820568084717,B
0.0,0.0,0.04612557590007782,-0.0809028148651123,0.04919588565826416,-0.16362422704696655,-0.005094468593597412,-0.1881420612335205,-0.04410181939601898,-0.1571260690689087,0.0017044097185134888,-0.21090167760849,-0.0205564945936203,-0.2821774482727051,-0.042119696736335754,-0.3277764320373535,-0.061888083815574646,-0.36706434190273285,-0.034281060099601746,-0.19958707690238953,-0.06346750259399414,-0.27974259853363037,-0.08700181543827057,-0.33568209409713745,-0.10670997947454453,-0.3820265978574753,-0.06168895214796066,-0.17537808418273926,-0.09481136500835419,-0.25158435106277466,-0.11696624755859375,-0.3073868453502655,-0.13643113523721695,-0.35158830881118774,-0.08601607382297516,-0.13904163241386414,-0.11094699054956436,-0.20260745286941528,-0.12700287252664566,-0.2458721101284027,-0.14312192052602768,-0.28164565563201904,B
0.0,0.0,0.04495164752006531,-0.08215707540512085,0.0479276180267334,-0.16825130581855774,-0.005304306745529175,-0.1952597200870514,-0.04435504972934723,-0.1653098464012146,0.001245945692062378,-0.2122184932231903,-0.02163960039615631,-0.2842711806297302,-0.043936267495155334,-0.3298341631889343,-0.0643799751996994,-0.36937251687049866,-0.03456674516201019,-0.20200687646865845,-0.06475302577018738,-0.2821608781814575,-0.08883954584598541,-0.33743083477020264,-0.10848791897296906,-0.3830484300851822,-0.06161141395568848,-0.17881065607070923,-0.09598693996667862,-0.2547360062599182,-0.11853810399770737,-0.3098382353782654,-0.13751116394996643,-0.35242611169815063,-0.08532993495464325,-0.14335042238235474,-0.11162317544221878,-0.2067369520664215,-0.12869909405708313,-0.2497921586036682,-0.14520511031150818,-0.2843966782093048,B
0.0,0.0,0.04155358672142029,-0.08191800117492676,0.04318836331367493,-0.16444599628448486,-0.008208990097045898,-0.19245383143424988,-0.04542739689350128,-0.16286364197731018,-0.004193469882011414,-0.2102971076965332,-0.028656885027885437,-0.2810157239437103,-0.049905940890312195,-0.32452988624572754,-0.06913366913795471,-0.3620627224445343,-0.03901880979537964,-0.19813576340675354,-0.07032062113285065,-0.27659183740615845,-0.09445145726203918,-0.3299468457698822,-0.11420056223869324,-0.3738560825586319,-0.06519462168216705,-0.1734296679496765,-0.10060469061136246,-0.24879109859466553,-0.12391558289527893,-0.3013397753238678,-0.14387057721614838,-0.34226077795028687,-0.08804453909397125,-0.13570043444633484,-0.1163998618721962,-0.19634166359901428,-0.1342378556728363,-0.23687362670898438,-0.1513150930404663,-0.2711947560310364,B
0.0,0.0,0.04495774209499359,-0.08060824871063232,0.04584634304046631,-0.16594159603118896,-0.008143827319145203,-0.19159796833992004,-0.046285808086395264,-0.15683001279830933,-0.0014941245317459106,-0.2123262882232666,-0.02795279026031494,-0.28274649381637573,-0.0517236590385437,-0.326791375875473,-0.07371377944946289,-0.3641662746667862,-0.03760331869125366,-0.19982260465621948,-0.07082705199718475,-0.277244508266449,-0.09709863364696503,-0.3302061855792999,-0.1194174662232399,-0.37247444689273834,-0.06479154527187347,-0.17488965392112732,-0.10145173966884613,-0.24848130345344543,-0.12575345486402512,-0.30043184757232666,-0.14689035713672638,-0.33999550342559814,-0.0888439416885376,-0.13776108622550964,-0.117945596575737,-0.1976107656955719,-0.13603752106428146,-0.2380658984184265,-0.1534409448504448,-0.2714393436908722,B
0.0,0.0,0.06655658781528473,-0.017869889736175537,0.13323421776294708,-0.06482374668121338,0.18743740022182465,-0.09561467170715332,0.23212121427059174,-0.11748546361923218,0.07570688426494598,-0.21218761801719666,0.12336163222789764,-0.2914857268333435,0.1734207719564438,-0.3020038306713104,0.21325401961803436,-0.2906869649887085,0.04230155050754547,-0.22779184579849243,0.09871368110179901,-0.31504738330841064,0.151334747672081,-0.3265836834907532,0.19249342381954193,-0.3133581876754761,0.006954118609428406,-0.23454806208610535,0.05824057757854462,-0.32301613688468933,0.10778157413005829,-0.33623671531677246,0.1470365971326828,-0.325565904378891,-0.030238047242164612,-0.22714507579803467,0.007521465420722961,-0.2952495217323303,0.04754059016704559,-0.30870741605758667,0.0818125456571579,-0.30284583568573,C
0.0,0.0,0.07994620501995087,-0.006298422813415527,0.15395230054855347,-0.04440218210220337,0.21201440691947937,-0.0826946496963501,0.2653910219669342,-0.10713046789169312,0.11888530850410461,-0.19293639063835144,0.15869572758674622,-0.26227322220802307,0.19530799984931946,-0.27854105830192566,0.22594565153121948,-0.27571558952331543,0.09411069750785828,-0.21817845106124878,0.1383802890777588,-0.30028343200683594,0.17644003033638,-0.3115537762641907,0.20850419998168945,-0.2919827103614807,0.06465962529182434,-0.2348858118057251,0.10490235686302185,-0.3195246160030365,0.14407074451446533,-0.3349907398223877,0.1776030957698822,-0.3200828433036804,0.029970839619636536,-0.24229007959365845,0.06495404243469238,-0.3154936134815216,0.10139960050582886,-0.33409062027931213,0.13642096519470215,-0.3266127109527588,C
0.0,0.0,0.08835741877555847,-0.0054476261138916016,0.1646912693977356,-0.03987681865692139,0.2227064073085785,-0.07995450496673584,0.27982133626937866,-0.10259884595870972,0.129896342754364,-0.19146618247032166,0.1669178605079651,-0.26170188188552856,0.201424241065979,-0.27781742811203003,0.23031103610992432,-0.2747197151184082,0.10364815592765808,-0.2158277928829193,0.14671331644058228,-0.29565396904945374,0.18251019716262817,-0.3074062466621399,0.21427315473556519,-0.2896891236305237,0.07334296405315399,-0.23209285736083984,0.11477455496788025,-0.31699493527412415,0.15107044577598572,-0.3307029604911804,0.18363279104232788,-0.3133196234703064,0.03792555630207062,-0.2402123212814331,0.07713308930397034,-0.312781423330307,0.11283788084983826,-0.3296434283256531,0.1459696888923645,-0.31863778829574585,C
0.0,0.0,0.08816063404083252,-0.0035941004753112793,0.1647358387708664,-0.03754150867462158,0.22293482720851898,-0.0778689980506897,0.28003378212451935,-0.10161441564559937,0.13140158355236053,-0.19099915027618408,0.16847480833530426,-0.26101750135421753,0.20313633978366852,-0.2776048183441162,0.23192794620990753,-0.27600425481796265,0.10516835749149323,-0.2155066430568695,0.14680515229701996,-0.29600614309310913,0.18253786861896515,-0.30849799513816833,0.2141193300485611,-0.2926953136920929,0.0756283551454544,-0.23181793093681335,0.1166505366563797,-0.3171178698539734,0.15346841514110565,-0.33104437589645386,0.18610234558582306,-0.3141414523124695,0.04154123365879059,-0.23990708589553833,0.08148738741874695,-0.3102218210697174,0.11843465268611908,-0.3268280625343323,0.15267600119113922,-0.31618165969848633,C
0.0,0.0,0.08990058302879333,-0.008600592613220215,0.16475528478622437,-0.041841089725494385,0.2208549678325653,-0.0795181393623352,0.2771855592727661,-0.10174739360809326,0.13092517852783203,-0.1970140039920807,0.16983678936958313,-0.2635801434516907,0.20531132817268372,-0.2778133749961853,0.23559978604316711,-0.27459484338760376,0.1035604178905487,-0.22134003043174744,0.14650064706802368,-0.30032259225845337,0.18248653411865234,-0.31168508529663086,0.21434149146080017,-0.2946157455444336,0.07301110029220581,-0.2370888888835907,0.11437773704528809,-0.3211660385131836,0.1503964066505432,-0.3334314823150635,0.18169790506362915,-0.313776433467865,0.03832586109638214,-0.24422875046730042,0.07709485292434692,-0.31517815589904785,0.11237743496894836,-0.33117401599884033,0.1449739933013916,-0.3190336227416992,C
0.0,0.0,0.08987405896186829,-0.006047248840332031,0.1643241047859192,-0.037504613399505615,0.22377493977546692,-0.07376784086227417,0.28107839822769165,-0.09949702024459839,0.13238373398780823,-0.19111976027488708,0.17232868075370789,-0.2587909698486328,0.20856401324272156,-0.2752823829650879,0.23900511860847473,-0.2748895287513733,0.10616987943649292,-0.21681153774261475,0.1490873396396637,-0.29693716764450073,0.18690183758735657,-0.308594286441803,0.2190890610218048,-0.288893461227417,0.07553006708621979,-0.23330533504486084,0.11776107549667358,-0.31938278675079346,0.156320720911026,-0.3336261212825775,0.18921440839767456,-0.3146728277206421,0.040823906660079956,-0.2408655881881714,0.0823400616645813,-0.31111109256744385,0.1204645037651062,-0.3291272222995758,0.1550377905368805,-0.3191661238670349,C
0.0,0.0,0.08982877433300018,-0.004706144332885742,0.16416631639003754,-0.03614240884780884,0.2232883721590042,-0.07395046949386597,0.2799408584833145,-0.1015891432762146,0.13330493867397308,-0.19023025035858154,0.17237205803394318,-0.2575884163379669,0.20707352459430695,-0.27455389499664307,0.23654629290103912,-0.2759783864021301,0.10731621086597443,-0.21622616052627563,0.15026627480983734,-0.29650402069091797,0.18663795292377472,-0.3100380599498749,0.21899278461933136,-0.2944300174713135,0.07726891338825226,-0.2336978018283844,0.12008140981197357,-0.31918472051620483,0.1590396910905838,-0.3322025537490845,0.1930452138185501,-0.31379568576812744,0.04353795945644379,-0.24253731966018677,0.08703012764453888,-0.31286829710006714,0.12565593421459198,-0.3286806344985962,0.1613142341375351,-0.31744709610939026,C
0.0,0.0,0.08689604699611664,-0.003542661666870117,0.16318751871585846,-0.03962224721908569,0.22168298065662384,-0.08025646209716797,0.2781088501214981,-0.10686606168746948,0.1336560696363449,-0.1963476836681366,0.17282666265964508,-0.26640743017196655,0.20801185071468353,-0.27972716093063354,0.2360496073961258,-0.27269938588142395,0.10700269043445587,-0.22131240367889404,0.15151269733905792,-0.30205729603767395,0.1882534772157669,-0.3103751540184021,0.218818798661232,-0.28755950927734375,0.07691322267055511,-0.23825940489768982,0.1197715550661087,-0.3232353925704956,0.15844444930553436,-0.3317139446735382,0.19098220765590668,-0.30735617876052856,0.04211263358592987,-0.24680405855178833,0.08330410718917847,-0.31741440296173096,0.12138010561466217,-0.33177024126052856,0.15655718743801117,-0.3168528079986572,C
0.0,0.0,0.08826683461666107,-0.009939253330230713,0.1604156345129013,-0.04289281368255615,0.21786637604236603,-0.08292323350906372,0.27489955723285675,-0.1068040132522583,0.12987200915813446,-0.19397678971290588,0.16847126185894012,-0.2625211179256439,0.20235709846019745,-0.27856335043907166,0.230746790766716,-0.27848580479621887,0.10312958061695099,-0.21917212009429932,0.1448088139295578,-0.2987273931503296,0.18030114471912384,-0.31018200516700745,0.21139363944530487,-0.2932068109512329,0.07275305688381195,-0.236729234457016,0.11304084956645966,-0.32153189182281494,0.14995573461055756,-0.33535850048065186,0.1824120134115219,-0.317741334438324,0.03831040859222412,-0.24551820755004883,0.07712332904338837,-0.31694677472114563,0.11326535046100616,-0.33484363555908203,0.14744575321674347,-0.32485759258270264,C
0.0,0.0,0.08962291479110718,-0.010482251644134521,0.16137832403182983,-0.041743576526641846,0.21832117438316345,-0.08043098449707031,0.27528050541877747,-0.10452735424041748,0.13022446632385254,-0.19081571698188782,0.16852399706840515,-0.25517722964286804,0.20194795727729797,-0.2718164324760437,0.23150530457496643,-0.2741447985172272,0.10398328304290771,-0.21585562825202942,0.14665672183036804,-0.2908335328102112,0.18020355701446533,-0.30428647994995117,0.2124859094619751,-0.29171156883239746,0.0734490156173706,-0.23292917013168335,0.11509636044502258,-0.31325721740722656,0.15008530020713806,-0.32933980226516724,0.18286871910095215,-0.31533247232437134,0.0385899543762207,-0.24171054363250732,0.07909291982650757,-0.3101540505886078,0.11446025967597961,-0.32776886224746704,0.14851918816566467,-0.3186141848564148,C
0.0,0.0,0.08952417969703674,-0.0074163079261779785,0.1624828577041626,-0.03965181112289429,0.2183627188205719,-0.07896196842193604,0.27445340156555176,-0.10334044694900513,0.13168978691101074,-0.1897120177745819,0.16874131560325623,-0.25553378462791443,0.20214536786079407,-0.271631121635437,0.23089811205863953,-0.2708858251571655,0.1053885817527771,-0.21425968408584595,0.14799943566322327,-0.29084962606430054,0.18184944987297058,-0.3037523031234741,0.2131655216217041,-0.2889741063117981,0.07476335763931274,-0.23078814148902893,0.11605432629585266,-0.311104416847229,0.15108951926231384,-0.3253780007362366,0.18308964371681213,-0.3090582489967346,0.03925707936286926,-0.2392013669013977,0.07989874482154846,-0.30747631192207336,0.1161966323852539,-0.3243871331214905,0.15074223279953003,-0.31427860260009766,C
0.0,0.0,0.08573037385940552,-0.002161264419555664,0.16011673212051392,-0.035140037536621094,0.21670931577682495,-0.07450026273727417,0.2723063826560974,-0.09696036577224731,0.13447371125221252,-0.1884898841381073,0.171465665102005,-0.2560168504714966,0.20373207330703735,-0.2714194655418396,0.2306743562221527,-0.2686596214771271,0.10734924674034119,-0.21402060985565186,0.1487571895122528,-0.292533814907074,0.18243816494941711,-0.303810179233551,0.21187198162078857,-0.2860507667064667,0.0760633647441864,-0.2304936647415161,0.11619776487350464,-0.3130587339401245,0.15111976861953735,-0.3250049948692322,0.18194043636322021,-0.3062819242477417,0.039843082427978516,-0.23840448260307312,0.07925347983837128,-0.30645012855529785,0.11459764838218689,-0.32192540168762207,0.14792761206626892,-0.3108023405075073,C
0.0,0.0,0.08559490740299225,-0.0006897449493408203,0.16015155613422394,-0.034501075744628906,0.21454225480556488,-0.0764772891998291,0.268990233540535,-0.09906277060508728,0.13892553746700287,-0.18512201309204102,0.17539192736148834,-0.25212010741233826,0.20664824545383453,-0.269085168838501,0.23302994668483734,-0.26732468605041504,0.11027906835079193,-0.21132725477218628,0.1512758582830429,-0.2880760431289673,0.18320424854755402,-0.30263763666152954,0.2122306078672409,-0.28843969106674194,0.07733836770057678,-0.22743123769760132,0.11727376282215118,-0.30682557821273804,0.1499924510717392,-0.32370495796203613,0.18029896914958954,-0.3089523911476135,0.039347097277641296,-0.23456710577011108,0.07720746099948883,-0.30015823245048523,0.11157040297985077,-0.320217490196228,0.14498861134052277,-0.31365275382995605,C
0.0,0.0,0.08568072319030762,-0.003195345401763916,0.1596055030822754,-0.034937500953674316,0.2128978967666626,-0.0766744613647461,0.2683766186237335,-0.10127812623977661,0.1364009976387024,-0.18822944164276123,0.17258015275001526,-0.25307348370552063,0.20420172810554504,-0.2692353129386902,0.23207876086235046,-0.26801013946533203,0.10820862650871277,-0.21459734439849854,0.14996281266212463,-0.2881944179534912,0.18177136778831482,-0.30336248874664307,0.21286997199058533,-0.291912317276001,0.07509015500545502,-0.2307354211807251,0.11579367518424988,-0.307431161403656,0.14830142259597778,-0.324448823928833,0.17923957109451294,-0.31015607714653015,0.035903096199035645,-0.23805579543113708,0.07346627116203308,-0.302742063999176,0.10727772116661072,-0.3219885230064392,0.1396019160747528,-0.3136196732521057,C
0.0,0.0,0.08488297462463379,-0.003188788890838623,0.15920737385749817,-0.03518331050872803,0.21178317070007324,-0.0771489143371582,0.2666184604167938,-0.10050341486930847,0.13435009121894836,-0.1883397400379181,0.17214572429656982,-0.2566615343093872,0.20421579480171204,-0.27331191301345825,0.23158517479896545,-0.27021265029907227,0.1056581437587738,-0.21311348676681519,0.14849677681922913,-0.28855079412460327,0.1811908781528473,-0.3018479645252228,0.21229898929595947,-0.28697001934051514,0.07317580282688141,-0.22865724563598633,0.11442232131958008,-0.30613064765930176,0.1479080617427826,-0.3228887617588043,0.17989960312843323,-0.3079710006713867,0.035276859998703,-0.2361636459827423,0.0729694664478302,-0.30208608508110046,0.10746416449546814,-0.32254359126091003,0.14119839668273926,-0.31521743535995483,C
0.0,0.0,0.0874432921409607,-0.0005910992622375488,0.1611064374446869,-0.03317338228225708,0.21488729119300842,-0.07570511102676392,0.2698546051979065,-0.09842154383659363,0.13993802666664124,-0.18630161881446838,0.17576739192008972,-0.25489675998687744,0.20726361870765686,-0.2724553942680359,0.23442646861076355,-0.2693924903869629,0.11050984263420105,-0.2136402130126953,0.15147024393081665,-0.2915855944156647,0.183359295129776,-0.3076028823852539,0.21344968676567078,-0.29363229870796204,0.07633654773235321,-0.22991621494293213,0.116597980260849,-0.3093821108341217,0.14874520897865295,-0.32580024003982544,0.17824766039848328,-0.3087002635002136,0.03628411889076233,-0.23696282505989075,0.07426261901855469,-0.3026617169380188,0.10787954926490784,-0.32164210081100464,0.1401320993900299,-0.3126947283744812,C
0.0,0.0,0.08769172430038452,-0.004288434982299805,0.1613825261592865,-0.03577125072479248,0.2159222960472107,-0.07810324430465698,0.27245423197746277,-0.10083982348442078,0.13924863934516907,-0.18782195448875427,0.176370769739151,-0.2538154423236847,0.2081620991230011,-0.2719511091709137,0.23696857690811157,-0.27241021394729614,0.10968935489654541,-0.2148885726928711,0.1513516902923584,-0.29087185859680176,0.18263208866119385,-0.3090061843395233,0.21441537141799927,-0.2994360327720642,0.07513502240180969,-0.2305116355419159,0.11543327569961548,-0.3093436360359192,0.14683714509010315,-0.32922032475471497,0.17715075612068176,-0.31554776430130005,0.034654080867767334,-0.23706430196762085,0.07246385514736176,-0.3018393814563751,0.10603541135787964,-0.32332468032836914,0.1386951506137848,-0.31671687960624695,C
0.0,0.0,0.08493401110172272,-0.004480540752410889,0.15830129384994507,-0.03693872690200806,0.21200093626976013,-0.07963007688522339,0.26809263229370117,-0.101586252450943,0.13552087545394897,-0.19078576564788818,0.17256665229797363,-0.25815266370773315,0.2040635645389557,-0.2761634588241577,0.2320428192615509,-0.2746785879135132,0.10644876956939697,-0.2177315652370453,0.14778223633766174,-0.29398274421691895,0.17922452092170715,-0.3102874159812927,0.210586279630661,-0.29745399951934814,0.07261386513710022,-0.23307323455810547,0.112092524766922,-0.31228795647621155,0.1426960825920105,-0.33088672161102295,0.17254367470741272,-0.3156698942184448,0.03290075063705444,-0.2397354543209076,0.07015970349311829,-0.30539262294769287,0.10175737738609314,-0.3270637094974518,0.13268238306045532,-0.3202793598175049,C
0.0,0.0,0.085634246468544,-0.004290282726287842,0.15981224179267883,-0.035373151302337646,0.2137344479560852,-0.07654714584350586,0.2696840167045593,-0.0988914966583252,0.13723328709602356,-0.19091570377349854,0.17401796579360962,-0.25815150141716003,0.20523720979690552,-0.2766087055206299,0.23293322324752808,-0.2758677899837494,0.10797590017318726,-0.21769681572914124,0.14897727966308594,-0.2943090796470642,0.18002763390541077,-0.31028544902801514,0.21045836806297302,-0.29653996229171753,0.07419469952583313,-0.23299089074134827,0.11373740434646606,-0.31210917234420776,0.14463776350021362,-0.3301006555557251,0.1743822693824768,-0.3139212131500244,0.03490692377090454,-0.23942625522613525,0.07254049181938171,-0.30540260672569275,0.10502451658248901,-0.32600533962249756,0.13650265336036682,-0.31765949726104736,C
0.0,0.0,0.08504073321819305,-0.004328548908233643,0.15791937708854675,-0.03612363338470459,0.21342697739601135,-0.07702040672302246,0.27048519253730774,-0.09865990281105042,0.1366957724094391,-0.19141283631324768,0.17417079210281372,-0.26219379901885986,0.206447035074234,-0.27878835797309875,0.23449161648750305,-0.2741973102092743,0.10740378499031067,-0.2170085310935974,0.15034976601600647,-0.2954650819301605,0.18263360857963562,-0.30979228019714355,0.21402227878570557,-0.2940511405467987,0.07331100106239319,-0.23264464735984802,0.1147218644618988,-0.3126557469367981,0.14711332321166992,-0.3305436372756958,0.1784910261631012,-0.3142867088317871,0.03339222073554993,-0.23962625861167908,0.07350693643093109,-0.30366986989974976,0.10701894760131836,-0.325111448764801,0.13999387621879578,-0.3188515305519104,C
0.0,0.0,0.08621810376644135,-0.004909157752990723,0.15967869758605957,-0.03256911039352417,0.213767409324646,-0.07332348823547363,0.2698843777179718,-0.09672719240188599,0.1403598189353943,-0.18803638219833374,0.17860978841781616,-0.253657728433609,0.20934191346168518,-0.2725509703159332,0.237358957529068,-0.27445030212402344,0.11088606715202332,-0.21499106287956238,0.15133804082870483,-0.2900148630142212,0.18150660395622253,-0.3059191107749939,0.21197733283042908,-0.2930930256843567,0.07638317346572876,-0.23017114400863647,0.11446797847747803,-0.30970498919487,0.14511045813560486,-0.33034664392471313,0.17530760169029236,-0.31697094440460205,0.036157116293907166,-0.23588913679122925,0.07365620136260986,-0.30033212900161743,0.10606259107589722,-0.32234811782836914,0.13750100135803223,-0.31665557622909546,C
0.0,0.0,0.08552534878253937,5.6684017181396484e-05,0.16066297888755798,-0.030128180980682373,0.21780535578727722,-0.0695885419845581,0.27399858832359314,-0.08983269333839417,0.13756072521209717,-0.1880599558353424,0.17649134993553162,-0.2606273293495178,0.2099844217300415,-0.2756347954273224,0.23795586824417114,-0.26900172233581543,0.1091662347316742,-0.21301773190498352,0.1522284746170044,-0.2944592237472534,0.18690583109855652,-0.305389404296875,0.21741220355033875,-0.284580796957016,0.07731074094772339,-0.22903510928153992,0.1193300187587738,-0.3132851719856262,0.15534543991088867,-0.32505834102630615,0.18680539727210999,-0.30211710929870605,0.0401759147644043,-0.23666566610336304,0.07961532473564148,-0.30338191986083984,0.11554387211799622,-0.3207913935184479,0.14931350946426392,-0.30913788080215454,C
0.0,0.0,0.08751346170902252,-0.003206491470336914,0.16196902096271515,-0.03174722194671631,0.21859414875507355,-0.06895142793655396,0.27593453228473663,-0.09237116575241089,0.1352277547121048,-0.19292578101158142,0.17400406301021576,-0.26338091492652893,0.2088310271501541,-0.27755028009414673,0.23725463449954987,-0.27174776792526245,0.1076117604970932,-0.2178601324558258,0.15029795467853546,-0.29678186774253845,0.1866988092660904,-0.30558425188064575,0.2175719290971756,-0.28340351581573486,0.07627850770950317,-0.23441097140312195,0.11875726282596588,-0.3163534700870514,0.1560719758272171,-0.32807058095932007,0.18807585537433624,-0.3066016435623169,0.04026669263839722,-0.2418796420097351,0.08005125820636749,-0.3094198405742645,0.11604653298854828,-0.32780957221984863,0.14924781024456024,-0.3178589940071106,C
0.0,0.0,0.08797040581703186,-0.0018720626831054688,0.1632886528968811,-0.03246694803237915,0.2215234935283661,-0.06991219520568848,0.2790105640888214,-0.09126433730125427,0.13706383109092712,-0.1924867033958435,0.17574667930603027,-0.2622392177581787,0.210569828748703,-0.27715516090393066,0.2386050820350647,-0.2716863751411438,0.11029821634292603,-0.21737772226333618,0.15411797165870667,-0.29573196172714233,0.19038382172584534,-0.3044319152832031,0.22104209661483765,-0.2817922830581665,0.07939310371875763,-0.23446840047836304,0.12269341945648193,-0.3158981204032898,0.15944883227348328,-0.3266443610191345,0.19071486592292786,-0.304381787776947,0.043221041560173035,-0.24307399988174438,0.08386243879795074,-0.31044474244117737,0.11910316348075867,-0.3277164399623871,0.15123212337493896,-0.31637921929359436,C
0.0,0.0,0.08197274804115295,-0.004517078399658203,0.15481501817703247,-0.038691580295562744,0.2119234800338745,-0.07097834348678589,0.26679474115371704,-0.09202420711517334,0.11933055520057678,-0.20348051190376282,0.15490636229515076,-0.280050665140152,0.1913982629776001,-0.2896261215209961,0.2198472023010254,-0.2763717770576477,0.09347081184387207,-0.22377997636795044,0.13227009773254395,-0.31274309754371643,0.17153826355934143,-0.31649595499038696,0.2019926905632019,-0.2876720428466797,0.0669153481721878,-0.2362958788871765,0.10563734173774719,-0.32916516065597534,0.14739903807640076,-0.3337729275226593,0.18013542890548706,-0.3029705286026001,0.038725852966308594,-0.23986324667930603,0.0766340047121048,-0.31548160314559937,0.11433693766593933,-0.3319379687309265,0.14751186966896057,-0.31669896841049194,C
0.0,0.0,0.08306600153446198,-0.00779348611831665,0.15229618549346924,-0.0426405668258667,0.2105928361415863,-0.07406795024871826,0.2635064423084259,-0.09277397394180298,0.11047506332397461,-0.20402222871780396,0.14539602398872375,-0.2803064286708832,0.18382731080055237,-0.2915860414505005,0.2150026559829712,-0.28056538105010986,0.08734899759292603,-0.22318464517593384,0.12724345922470093,-0.31327006220817566,0.1701851785182953,-0.31637001037597656,0.2039063572883606,-0.28698045015335083,0.06383311748504639,-0.23682260513305664,0.10255137085914612,-0.3314000964164734,0.14915433526039124,-0.3348349928855896,0.18591809272766113,-0.3032698631286621,0.03940276801586151,-0.24331551790237427,0.07713976502418518,-0.32154345512390137,0.11592820286750793,-0.3335842788219452,0.15057909488677979,-0.3141361176967621,C
0.0,0.0,0.0837131142616272,-0.011545121669769287,0.14915025234222412,-0.047199785709381104,0.20521479845046997,-0.07535594701766968,0.25636911392211914,-0.09503668546676636,0.10251551866531372,-0.21196681261062622,0.13686296343803406,-0.28520700335502625,0.1751003861427307,-0.29519665241241455,0.20537588000297546,-0.2819761633872986,0.07992854714393616,-0.23037487268447876,0.12066325545310974,-0.32033470273017883,0.16478875279426575,-0.3210001587867737,0.19752299785614014,-0.2875401973724365,0.0578063428401947,-0.24262437224388123,0.09770810604095459,-0.3372773230075836,0.14564409852027893,-0.3384205102920532,0.18162786960601807,-0.3047814667224884,0.037157267332077026,-0.245832622051239,0.07595649361610413,-0.32392245531082153,0.1158895492553711,-0.3368840217590332,0.15161442756652832,-0.31921255588531494,C
0.0,0.0,0.0858997106552124,-0.013822078704833984,0.15251389145851135,-0.05224364995956421,0.20763474702835083,-0.0801398754119873,0.2572799324989319,-0.09468328952789307,0.10437533259391785,-0.21333059668540955,0.13704341650009155,-0.28857433795928955,0.1746537983417511,-0.2971356213092804,0.2052685022354126,-0.2829999327659607,0.08208873867988586,-0.2306675910949707,0.12120696902275085,-0.32342883944511414,0.16532424092292786,-0.3234125077724457,0.19831687211990356,-0.28956085443496704,0.05951429903507233,-0.24256658554077148,0.09754142165184021,-0.34099239110946655,0.14616209268569946,-0.33998432755470276,0.1833380162715912,-0.3053262233734131,0.037849798798561096,-0.24648332595825195,0.07628422975540161,-0.325965940952301,0.1168021559715271,-0.3366379141807556,0.1529458463191986,-0.31768888235092163,C
0.0,0.0,0.084720179438591,-0.01834338903427124,0.14052169024944305,-0.05167722702026367,0.19475550949573517,-0.07620525360107422,0.24351085722446442,-0.0909382700920105,0.0755261480808258,-0.2144187092781067,0.11618714034557343,-0.2905591130256653,0.16251151263713837,-0.29746681451797485,0.19403891265392303,-0.2808881998062134,0.05560995638370514,-0.23451584577560425,0.10477159917354584,-0.3287334442138672,0.15944375097751617,-0.3240669369697571,0.1933567374944687,-0.2861172556877136,0.0423857718706131,-0.24482709169387817,0.08917887508869171,-0.34632402658462524,0.14865179359912872,-0.3388221263885498,0.18589039146900177,-0.2991473972797394,0.0378275066614151,-0.24278876185417175,0.08621083199977875,-0.3189588189125061,0.13411717116832733,-0.32027286291122437,0.17115609347820282,-0.29708731174468994,C
0.0,0.0,0.0786614865064621,-0.016184985637664795,0.13061164319515228,-0.05444365739822388,0.18465520441532135,-0.08186101913452148,0.2327403873205185,-0.09303003549575806,0.0351773202419281,-0.22069498896598816,0.0929604321718216,-0.2985621392726898,0.14607961475849152,-0.2964913547039032,0.1774817258119583,-0.27348601818084717,0.017990440130233765,-0.24133902788162231,0.08940719068050385,-0.3393150269985199,0.1499008685350418,-0.3253327012062073,0.1851130872964859,-0.28881868720054626,0.018475547432899475,-0.24802514910697937,0.08504314720630646,-0.35394129157066345,0.147486612200737,-0.34066063165664673,0.18170227110385895,-0.2996518015861511,0.03556717932224274,-0.24462151527404785,0.09513594210147858,-0.3255647122859955,0.14460565149784088,-0.3194894790649414,0.1772611290216446,-0.2908799648284912,C
0.0,0.0,0.07679453492164612,-0.025937795639038086,0.12896138429641724,-0.06950896978378296,0.17928707599639893,-0.09330928325653076,0.22357502579689026,-0.10783195495605469,0.02620553970336914,-0.2313230037689209,0.07991081476211548,-0.3132020831108093,0.13469022512435913,-0.3128640353679657,0.16960975527763367,-0.28960856795310974,0.01198454201221466,-0.2472284436225891,0.07985514402389526,-0.34866979718208313,0.14211514592170715,-0.3380441665649414,0.1777494251728058,-0.2973839044570923,0.015079393982887268,-0.25300246477127075,0.07948067784309387,-0.3608638793230057,0.1435404121875763,-0.3490917980670929,0.1778278648853302,-0.30647188425064087,0.03371042013168335,-0.24771684408187866,0.09318152070045471,-0.3315325379371643,0.14256030321121216,-0.32920053601264954,0.17425453662872314,-0.3019427955150604,C
0.0,0.0,0.07286620140075684,-0.031472206115722656,0.11946117877960205,-0.07839852571487427,0.17083236575126648,-0.10050463676452637,0.21513721346855164,-0.10996085405349731,0.012310445308685303,-0.24134159088134766,0.07182194292545319,-0.33018118143081665,0.12813600897789001,-0.3231828212738037,0.16178357601165771,-0.290779709815979,0.0015311837196350098,-0.2521596848964691,0.07274840772151947,-0.3588694930076599,0.13512524962425232,-0.34142541885375977,0.167788565158844,-0.295710027217865,0.010644689202308655,-0.25310781598091125,0.07689905166625977,-0.3687274754047394,0.1393711268901825,-0.3516705632209778,0.1702638566493988,-0.30386316776275635,0.03727337718009949,-0.24348121881484985,0.09586015343666077,-0.33230945467948914,0.1437256634235382,-0.3304917514324188,0.17298799753189087,-0.3018496632575989,C
0.0,0.0,0.07670839130878448,-0.03384804725646973,0.12060889601707458,-0.08614492416381836,0.16915839910507202,-0.11227971315383911,0.21308112144470215,-0.12449786067008972,0.006313443183898926,-0.2440776228904724,0.06899857521057129,-0.3341650366783142,0.12632179260253906,-0.3257068991661072,0.161075621843338,-0.29332882165908813,0.00015746057033538818,-0.2587519884109497,0.07392056286334991,-0.36537422239780426,0.13801798224449158,-0.34611308574676514,0.17166787385940552,-0.29729795455932617,0.014597117900848389,-0.26047876477241516,0.08003763854503632,-0.37979792058467865,0.14396575093269348,-0.3593711853027344,0.17534497380256653,-0.3098050355911255,0.04715314507484436,-0.25198251008987427,0.10127481818199158,-0.34930843114852905,0.14940237998962402,-0.34504199028015137,0.17828017473220825,-0.31220725178718567,C
0.0,0.0,0.07793211936950684,-0.02994680404663086,0.12128479778766632,-0.08085447549819946,0.1678774505853653,-0.10880118608474731,0.21085725724697113,-0.11532223224639893,0.009503573179244995,-0.2463146150112152,0.07077948749065399,-0.34324467182159424,0.12985171377658844,-0.3322218060493469,0.16374073922634125,-0.2936094403266907,0.0005701631307601929,-0.25968489050865173,0.0764831155538559,-0.3680807799100876,0.13931410014629364,-0.344241201877594,0.16825751960277557,-0.29275500774383545,0.013232007622718811,-0.2601304054260254,0.08203382790088654,-0.37523412704467773,0.1432620733976364,-0.3529632091522217,0.17046602070331573,-0.3027554750442505,0.043797001242637634,-0.2500264346599579,0.10043860971927643,-0.34621506929397583,0.14705400168895721,-0.3405476212501526,0.17401666939258575,-0.30692771077156067,C
0.0,0.0,0.0777369886636734,-0.03155761957168579,0.11985978484153748,-0.08515000343322754,0.16604655981063843,-0.1140444278717041,0.20924758911132812,-0.1229979395866394,0.008708953857421875,-0.2491028606891632,0.06935437023639679,-0.33908313512802124,0.12669637799263,-0.3297537863254547,0.1589895784854889,-0.29561030864715576,-6.16312026977539e-05,-0.2632525861263275,0.07387347519397736,-0.3674187809228897,0.13593167066574097,-0.3441476821899414,0.16436254978179932,-0.2956397831439972,0.012205421924591064,-0.26325130462646484,0.07810159027576447,-0.3782205283641815,0.13988012075424194,-0.3566327691078186,0.16689622402191162,-0.3077506422996521,0.04208625853061676,-0.2524344325065613,0.09917894005775452,-0.346688449382782,0.14562764763832092,-0.34096282720565796,0.17126378417015076,-0.30763113498687744,C
0.0,0.0,0.07845059037208557,-0.03518301248550415,0.119845449924469,-0.08656525611877441,0.1657589077949524,-0.11502313613891602,0.20888689160346985,-0.12187668681144714,0.00621950626373291,-0.24739158153533936,0.06573423743247986,-0.3447158634662628,0.12353357672691345,-0.33608478307724,0.15677723288536072,-0.30051106214523315,-0.00218278169631958,-0.26202255487442017,0.07130701839923859,-0.37050022184848785,0.13322502374649048,-0.34983745217323303,0.16277647018432617,-0.29942992329597473,0.01115366816520691,-0.2627600133419037,0.07886071503162384,-0.3768303692340851,0.13969311118125916,-0.35613274574279785,0.16700610518455505,-0.3067547082901001,0.04269896447658539,-0.2526862919330597,0.09881648421287537,-0.3489164113998413,0.14533627033233643,-0.3455468416213989,0.17258816957473755,-0.3137173056602478,C
0.0,0.0,0.07747295498847961,-0.03282010555267334,0.11884939670562744,-0.0846261978149414,0.16478508710861206,-0.11162930727005005,0.20795398950576782,-0.11859509348869324,0.004975706338882446,-0.24774032831192017,0.06680086255073547,-0.34327617287635803,0.12493669986724854,-0.3343939781188965,0.15798339247703552,-0.29765585064888,-0.002957373857498169,-0.2613565921783447,0.07160577178001404,-0.3688806742429733,0.13347449898719788,-0.3472216725349426,0.16249573230743408,-0.2961568534374237,0.010773807764053345,-0.2617422938346863,0.07906895875930786,-0.37550804018974304,0.14003220200538635,-0.35415804386138916,0.16684255003929138,-0.30354613065719604,0.04240292310714722,-0.2517032325267792,0.0990021824836731,-0.3471697270870209,0.14506033062934875,-0.3436317443847656,0.1709989607334137,-0.31117236614227295,C
0.0,0.0,0.0764198899269104,-0.02801644802093506,0.1203533411026001,-0.08071666955947876,0.16740095615386963,-0.10976934432983398,0.2094103991985321,-0.1207779049873352,0.00858519971370697,-0.2455693781375885,0.06867624819278717,-0.33956408500671387,0.1274389922618866,-0.33214718103408813,0.1628505289554596,-0.2982032001018524,-0.0026798248291015625,-0.25965356826782227,0.07226677238941193,-0.3676455318927765,0.13638871908187866,-0.3469330072402954,0.16767200827598572,-0.2974151372909546,0.006603911519050598,-0.2600744664669037,0.07461993396282196,-0.3751075267791748,0.13932719826698303,-0.3556022047996521,0.1698218286037445,-0.30586904287338257,0.03363946080207825,-0.25003573298454285,0.08893254399299622,-0.34930869936943054,0.13740429282188416,-0.3456718623638153,0.16638022661209106,-0.312114953994751,C
0.0,0.0,0.07806375622749329,-0.03190964460372925,0.12273311614990234,-0.08171647787094116,0.17153915762901306,-0.10802751779556274,0.21621587872505188,-0.12185028195381165,0.00966671109199524,-0.2430814504623413,0.06549336016178131,-0.3354562819004059,0.12338986992835999,-0.32961636781692505,0.15858948230743408,-0.29848992824554443,-0.002076059579849243,-0.2558475732803345,0.06846457719802856,-0.36276713013648987,0.133644700050354,-0.34633785486221313,0.16656494140625,-0.2991466522216797,0.004465043544769287,-0.25620827078819275,0.06984676420688629,-0.37244410812854767,0.13602131605148315,-0.35619932413101196,0.16792750358581543,-0.3081498146057129,0.028444111347198486,-0.2468053102493286,0.08619195222854614,-0.3445512354373932,0.13586780428886414,-0.34375718235969543,0.16454994678497314,-0.3136904239654541,C
0.0,0.0,0.08112357556819916,-0.030073225498199463,0.13460324704647064,-0.07144135236740112,0.19379417598247528,-0.0955435037612915,0.24242205917835236,-0.11483725905418396,0.04876117408275604,-0.22685447335243225,0.08557511866092682,-0.29651516675949097,0.13348008692264557,-0.2993866503238678,0.16739650070667267,-0.2778968811035156,0.03430953621864319,-0.2403966188430786,0.07712741196155548,-0.33566761016845703,0.1327536255121231,-0.32868248224258423,0.16917888820171356,-0.29082295298576355,0.027369186282157898,-0.24987083673477173,0.07013590633869171,-0.3521680235862732,0.13121511042118073,-0.3461778461933136,0.1695660799741745,-0.3056964874267578,0.03153650462627411,-0.25149136781692505,0.07909552752971649,-0.33526164293289185,0.12935931980609894,-0.3400893211364746,0.1669289618730545,-0.3144533634185791,C
0.0,0.0,0.07442079484462738,-0.013802289962768555,0.13634073734283447,-0.051016032695770264,0.19401776790618896,-0.07874912023544312,0.2423434555530548,-0.09376972913742065,0.05351679027080536,-0.2147284746170044,0.09574741125106812,-0.29787907004356384,0.14273613691329956,-0.2965069115161896,0.17351752519607544,-0.269454687833786,0.034434109926223755,-0.2339954376220703,0.08455610275268555,-0.3346191942691803,0.139838308095932,-0.32622307538986206,0.1733243465423584,-0.2875393033027649,0.026849135756492615,-0.24247506260871887,0.07496292889118195,-0.34463030099868774,0.13281720876693726,-0.3378504514694214,0.16756093502044678,-0.2997990846633911,0.029783934354782104,-0.2405872344970703,0.08027654886245728,-0.3144908845424652,0.12657645344734192,-0.3178204298019409,0.16032928228378296,-0.2960607707500458,C
0.0,0.0,0.0834195464849472,-0.015441834926605225,0.15323098003864288,-0.05790138244628906,0.2125881463289261,-0.09973126649856567,0.26470570266246796,-0.12087595462799072,0.10707886517047882,-0.1989736258983612,0.14295293390750885,-0.267098993062973,0.17906902730464935,-0.2795639932155609,0.2090221792459488,-0.27490782737731934,0.08537279069423676,-0.22265726327896118,0.12343131005764008,-0.2983420193195343,0.16556338965892792,-0.30414703488349915,0.20084945857524872,-0.2829642593860626,0.05884568393230438,-0.24172645807266235,0.09502054750919342,-0.32327282428741455,0.1414460390806198,-0.3255201578140259,0.17980630695819855,-0.2988584339618683,0.029276758432388306,-0.25626498460769653,0.06394712626934052,-0.32536593079566956,0.10394074022769928,-0.33383941650390625,0.14205850660800934,-0.317213237285614,C
0.0,0.0,0.08375084400177002,-0.006915748119354248,0.15741151571273804,-0.0470961332321167,0.21322089433670044,-0.09166216850280762,0.26906296610832214,-0.11481884121894836,0.12185788154602051,-0.19607317447662354,0.15884828567504883,-0.2593264579772949,0.1926785409450531,-0.27255821228027344,0.2203618586063385,-0.2688570022583008,0.09557822346687317,-0.2190159559249878,0.1365639865398407,-0.2920261323451996,0.17187392711639404,-0.2993314862251282,0.20345443487167358,-0.2805659770965576,0.0657624900341034,-0.23578369617462158,0.10539862513542175,-0.31327351927757263,0.1414971947669983,-0.32368138432502747,0.17372465133666992,-0.3066915273666382,0.030146121978759766,-0.24489164352416992,0.06448331475257874,-0.31549328565597534,0.09912776947021484,-0.32970207929611206,0.1331160068511963,-0.3183833956718445,C
0.0,0.0,0.08420705795288086,-0.0061419010162353516,0.15955746173858643,-0.04473215341567993,0.2152385115623474,-0.08729386329650879,0.26998957991600037,-0.11045753955841064,0.12560808658599854,-0.19447898864746094,0.16274026036262512,-0.25776082277297974,0.19589287042617798,-0.2705625295639038,0.22339364886283875,-0.2660500407218933,0.09824356436729431,-0.21771183609962463,0.13907679915428162,-0.2903001308441162,0.17328903079032898,-0.29688578844070435,0.2042834758758545,-0.27878332138061523,0.06798842549324036,-0.23403698205947876,0.1069205105304718,-0.3119935989379883,0.14334321022033691,-0.32131731510162354,0.17616891860961914,-0.3031045198440552,0.0324685275554657,-0.24343252182006836,0.06767302751541138,-0.312363862991333,0.10389715433120728,-0.3250866234302521,0.13961198925971985,-0.31270986795425415,C
0.0,0.0,0.08986455202102661,-0.0032332539558410645,0.16721868515014648,-0.040893614292144775,0.21950757503509521,-0.09361213445663452,0.2723650634288788,-0.11913600564002991,0.14729735255241394,-0.18616333603858948,0.18216127157211304,-0.249269038438797,0.21064364910125732,-0.27200400829315186,0.2348054051399231,-0.276919960975647,0.11578291654586792,-0.2134557068347931,0.15491244196891785,-0.2849809229373932,0.1817483901977539,-0.30403250455856323,0.20856457948684692,-0.29561349749565125,0.07935497164726257,-0.2293187379837036,0.117150217294693,-0.3036452531814575,0.14342647790908813,-0.32404378056526184,0.16889557242393494,-0.3107679486274719,0.035631775856018066,-0.23794376850128174,0.07096672058105469,-0.301541268825531,0.10051512718200684,-0.3222090005874634,0.13021868467330933,-0.3167196810245514,C
0.0,0.0,0.09084266424179077,-0.005165398120880127,0.16857847571372986,-0.03915119171142578,0.21728873252868652,-0.09794524312019348,0.271589070558548,-0.12099114060401917,0.1487390398979187,-0.1843688189983368,0.18344783782958984,-0.24725744128227234,0.21031400561332703,-0.2701137065887451,0.23446902632713318,-0.275540828704834,0.11576563119888306,-0.21151039004325867,0.15487101674079895,-0.28389012813568115,0.18076884746551514,-0.30691540241241455,0.20841699838638306,-0.3026058077812195,0.07914265990257263,-0.22692826390266418,0.11649322509765625,-0.30191725492477417,0.1424919068813324,-0.325858473777771,0.16715732216835022,-0.3120579123497009,0.0352003276348114,-0.23583632707595825,0.07032519578933716,-0.29868170619010925,0.10038292407989502,-0.3215455114841461,0.12941110134124756,-0.3157806992530823,C
0.0,0.0,0.08792075514793396,-0.0005891919136047363,0.16335684061050415,-0.033348262310028076,0.20799773931503296,-0.09608662128448486,0.25595512986183167,-0.12519752979278564,0.15502509474754333,-0.1792447566986084,0.18937832117080688,-0.24280798435211182,0.211736261844635,-0.26370200514793396,0.23218479752540588,-0.2682049572467804,0.1214769184589386,-0.2061702311038971,0.15942725539207458,-0.28162944316864014,0.1808163821697235,-0.30296018719673157,0.20520421862602234,-0.2978563904762268,0.08318209648132324,-0.21992343664169312,0.11931270360946655,-0.2954614460468292,0.14116314053535461,-0.3192098140716553,0.1613250970840454,-0.3021969795227051,0.03601592779159546,-0.22580412030220032,0.06993883848190308,-0.2893262505531311,0.09670129418373108,-0.3156368136405945,0.12134739756584167,-0.3094390034675598,C
0.0,0.0,0.08254954218864441,0.006217896938323975,0.15263161063194275,-0.025880396366119385,0.191280335187912,-0.09315592050552368,0.23674550652503967,-0.12750914692878723,0.1616068184375763,-0.1654067039489746,0.19862046837806702,-0.2351095974445343,0.21786025166511536,-0.2623635530471802,0.230207622051239,-0.2667146325111389,0.12805324792861938,-0.19616979360580444,0.1672046184539795,-0.277386873960495,0.182531476020813,-0.30227333307266235,0.19542506337165833,-0.29324233531951904,0.08933365345001221,-0.2143283188343048,0.12497338652610779,-0.29184019565582275,0.14246508479118347,-0.318950891494751,0.15212038159370422,-0.29653027653694153,0.04069626331329346,-0.22140061855316162,0.07400143146514893,-0.2861631512641907,0.09945791959762573,-0.3140656352043152,0.11858797073364258,-0.3043749928474426,C
0.0,0.0,0.07820291817188263,0.004963397979736328,0.1467328518629074,-0.022989392280578613,0.18647120893001556,-0.08748334646224976,0.2258760780096054,-0.13277828693389893,0.15968675911426544,-0.15929347276687622,0.1937473565340042,-0.22549694776535034,0.21097658574581146,-0.25683513283729553,0.22244594991207123,-0.268717885017395,0.12844912707805634,-0.19082123041152954,0.16611860692501068,-0.27038121223449707,0.18199612200260162,-0.2987946569919586,0.19467006623744965,-0.29634177684783936,0.09208090603351593,-0.21130749583244324,0.12598736584186554,-0.2866132855415344,0.14368753135204315,-0.3152639865875244,0.1505420058965683,-0.2962072491645813,0.04578486084938049,-0.22207146883010864,0.07757724821567535,-0.2862659990787506,0.10209406912326813,-0.3131774961948395,0.11906181275844574,-0.30530327558517456,C
0.0,0.0,0.0783892273902893,0.005688190460205078,0.1475437879562378,-0.02246534824371338,0.18826138973236084,-0.08767044544219971,0.22812846302986145,-0.1334349513053894,0.16057446599006653,-0.15533486008644104,0.1965034008026123,-0.22058412432670593,0.21431773900985718,-0.25288137793540955,0.22571280598640442,-0.26705849170684814,0.12986522912979126,-0.1882236897945404,0.16869518160820007,-0.26672500371932983,0.18471413850784302,-0.2963171899318695,0.19644436240196228,-0.29597440361976624,0.09380438923835754,-0.2101777195930481,0.12923112511634827,-0.2833428978919983,0.14670979976654053,-0.31285399198532104,0.15107423067092896,-0.2948656976222992,0.047474995255470276,-0.22227582335472107,0.08027714490890503,-0.2851904034614563,0.10508143901824951,-0.31244754791259766,0.12092548608779907,-0.3050844669342041,C
0.0,0.0,0.0783390998840332,0.003519713878631592,0.1436377763748169,-0.020656108856201172,0.17895343899726868,-0.08414077758789062,0.21665680408477783,-0.131375253200531,0.1622595489025116,-0.15571287274360657,0.19690468907356262,-0.2215588092803955,0.2103729248046875,-0.2525895833969116,0.21932774782180786,-0.26753664016723633,0.1304090917110443,-0.18793809413909912,0.16972100734710693,-0.2686741054058075,0.1813688576221466,-0.29569536447525024,0.19110965728759766,-0.29586106538772583,0.09235134720802307,-0.20913147926330566,0.12811937928199768,-0.2847987115383148,0.1422780156135559,-0.31303149461746216,0.14391431212425232,-0.29275691509246826,0.043148383498191833,-0.2198723554611206,0.07642921805381775,-0.28338855504989624,0.10078972578048706,-0.3102690577507019,0.11562091112136841,-0.3012309670448303,C
0.0,0.0,0.07799506187438965,0.007645606994628906,0.1466001272201538,-0.01924842596054077,0.18411239981651306,-0.08333241939544678,0.22283011674880981,-0.127745121717453,0.16333100199699402,-0.15635070204734802,0.19877585768699646,-0.22507789731025696,0.21376952528953552,-0.25542086362838745,0.22151538729667664,-0.2654881179332733,0.13128814101219177,-0.18868407607078552,0.17165201902389526,-0.2716217637062073,0.18381470441818237,-0.2977465093135834,0.19010210037231445,-0.2934443950653076,0.0939074456691742,-0.2095574140548706,0.13111749291419983,-0.28565698862075806,0.14590874314308167,-0.31286585330963135,0.14417576789855957,-0.2892987132072449,0.04605771601200104,-0.22038298845291138,0.08004146814346313,-0.2842363715171814,0.10452878475189209,-0.31035029888153076,0.1177743673324585,-0.2996990978717804,C
0.0,0.0,0.07674753665924072,0.008000075817108154,0.14377161860466003,-0.016378581523895264,0.18017718195915222,-0.07715374231338501,0.21878311038017273,-0.12368112802505493,0.16173717379570007,-0.15541210770606995,0.1960105001926422,-0.22369199991226196,0.21227338910102844,-0.2560937702655792,0.2204837203025818,-0.2653123438358307,0.13041141629219055,-0.18813547492027283,0.17028599977493286,-0.27098745107650757,0.1841835379600525,-0.2994672358036041,0.19244429469108582,-0.29329347610473633,0.0935220718383789,-0.20873188972473145,0.12993931770324707,-0.2867780327796936,0.1469925343990326,-0.3163079023361206,0.1498986780643463,-0.29243040084838867,0.04584774374961853,-0.21840661764144897,0.07984304428100586,-0.28340044617652893,0.10607591271400452,-0.3115187883377075,0.12213709950447083,-0.301195353269577,C
0.0,0.0,0.08188673853874207,0.004061400890350342,0.15055975317955017,-0.024264752864837646,0.1931076943874359,-0.08826297521591187,0.23717829585075378,-0.12243637442588806,0.16727766394615173,-0.15621766448020935,0.20502635836601257,-0.21932542324066162,0.22276410460472107,-0.24896126985549927,0.23537808656692505,-0.26388850808143616,0.13699737191200256,-0.1898881196975708,0.1765631139278412,-0.26598164439201355,0.1920335590839386,-0.29406121373176575,0.20450690388679504,-0.2950252890586853,0.10044988989830017,-0.21271562576293945,0.13753488659858704,-0.28364098072052,0.1540931761264801,-0.31260883808135986,0.15718582272529602,-0.29429638385772705,0.053394973278045654,-0.22522050142288208,0.08691802620887756,-0.28845494985580444,0.11123666167259216,-0.3149000406265259,0.12607166171073914,-0.30616822838783264,C
0.0,0.0,0.08400502800941467,0.004021763801574707,0.15567144751548767,-0.016911685466766357,0.199651837348938,-0.07121133804321289,0.24266061186790466,-0.10631570219993591,0.16528859734535217,-0.1700044870376587,0.19966691732406616,-0.23193591833114624,0.2182045578956604,-0.254023015499115,0.23624426126480103,-0.26090654730796814,0.13241177797317505,-0.19874605536460876,0.16957715153694153,-0.27263954281806946,0.18733972311019897,-0.29350802302360535,0.2106768786907196,-0.28873318433761597,0.09355443716049194,-0.21549081802368164,0.12951228022575378,-0.2893863916397095,0.15013307332992554,-0.3124361038208008,0.168156236410141,-0.29340797662734985,0.04553478956222534,-0.22172537446022034,0.08251813054084778,-0.28209251165390015,0.11063936352729797,-0.30603092908859253,0.1349099576473236,-0.2973827123641968,C
0.0,0.0,0.08337323367595673,0.004460155963897705,0.15672971308231354,-0.018351256847381592,0.20216606557369232,-0.07079273462295532,0.2477870136499405,-0.10369530320167542,0.16425536572933197,-0.17146721482276917,0.19933216273784637,-0.23397111892700195,0.2187115103006363,-0.25523483753204346,0.23608534038066864,-0.2598595917224884,0.1319819539785385,-0.19994956254959106,0.16999275982379913,-0.27403324842453003,0.18893708288669586,-0.2948850393295288,0.2111629694700241,-0.28864234685897827,0.09381599724292755,-0.21618792414665222,0.12997882068157196,-0.2897178530693054,0.15049709379673004,-0.31334078311920166,0.1677882820367813,-0.29530537128448486,0.04695099592208862,-0.22242799401283264,0.0828915685415268,-0.2839021384716034,0.11034788191318512,-0.3091965317726135,0.13400520384311676,-0.3017997145652771,C
0.0,0.0,0.081427201628685,0.004485666751861572,0.16218440234661102,-0.02606379985809326,0.21694792807102203,-0.07138347625732422,0.27290256321430206,-0.08412051200866699,0.1585620790719986,-0.17686080932617188,0.1961514800786972,-0.2415006160736084,0.2249247282743454,-0.25828123092651367,0.2491358369588852,-0.2532595992088318,0.12582217156887054,-0.20584577322006226,0.1674233227968216,-0.2783731520175934,0.19480092823505402,-0.2921382784843445,0.22202663123607635,-0.2749793529510498,0.08890651166439056,-0.22284027934074402,0.1283864825963974,-0.29760950803756714,0.15687330067157745,-0.31376147270202637,0.18262611329555511,-0.29168471693992615,0.04454810917377472,-0.23283320665359497,0.08157618343830109,-0.2958256006240845,0.11195765435695648,-0.312977135181427,0.13969095051288605,-0.30012840032577515,C
0.0,0.0,0.08815081417560577,-0.018170177936553955,0.15235434472560883,-0.062395453453063965,0.21338702738285065,-0.08808279037475586,0.267552986741066,-0.1026027500629425,0.10654132068157196,-0.21907824277877808,0.14165310561656952,-0.29311132431030273,0.18261106312274933,-0.3008514642715454,0.21443642675876617,-0.2868400514125824,0.085445836186409,-0.23882469534873962,0.12761567533016205,-0.32472503185272217,0.17417789995670319,-0.3235064744949341,0.20796220004558563,-0.2912212610244751,0.06273727118968964,-0.25204387307167053,0.10635371506214142,-0.3435850739479065,0.156330868601799,-0.34025394916534424,0.1919170767068863,-0.3024519681930542,0.038990288972854614,-0.2564757466316223,0.07823486626148224,-0.34120938181877136,0.12011627852916718,-0.34970179200172424,0.15535251796245575,-0.3245220482349396,C
0.0,0.0,0.08540280163288116,-0.026115834712982178,0.13910521566867828,-0.06451356410980225,0.19451500475406647,-0.08774012327194214,0.24376191198825836,-0.09795635938644409,0.07020072638988495,-0.22871556878089905,0.11355231702327728,-0.30363762378692627,0.16109780967235565,-0.3062976598739624,0.19279475510120392,-0.2868785262107849,0.051019757986068726,-0.24661299586296082,0.10491497814655304,-0.34027713537216187,0.1606808453798294,-0.3329036235809326,0.19467540085315704,-0.29597312211990356,0.03859567642211914,-0.25449350476264954,0.08892305195331573,-0.3605463206768036,0.15082408487796783,-0.3505055904388428,0.18919910490512848,-0.30985027551651,0.0355733186006546,-0.25021329522132874,0.08781175315380096,-0.33532947301864624,0.13880015909671783,-0.3350328207015991,0.17705680429935455,-0.30906373262405396,C
0.0,0.0,0.08200789988040924,-0.02789151668548584,0.14167334139347076,-0.06595420837402344,0.19929490983486176,-0.08818566799163818,0.2509840577840805,-0.09953868389129639,0.07558593153953552,-0.23385164141654968,0.11931581795215607,-0.3138556480407715,0.16595439612865448,-0.3100593686103821,0.19855542480945587,-0.2874321937561035,0.05523313581943512,-0.25063228607177734,0.10777907073497772,-0.3500182628631592,0.16279171407222748,-0.33849549293518066,0.1970118135213852,-0.2976950407028198,0.0427217036485672,-0.25655457377433777,0.09291763603687286,-0.3640449494123459,0.15290571749210358,-0.35434114933013916,0.19092316925525665,-0.31414687633514404,0.04025404155254364,-0.25108155608177185,0.09219913184642792,-0.33241143822669983,0.14260457456111908,-0.33525198698043823,0.18113462626934052,-0.3120207190513611,C
0.0,0.0,0.07519273459911346,-0.021598756313323975,0.1328146904706955,-0.06167042255401611,0.1916949301958084,-0.08446329832077026,0.2403891235589981,-0.09090942144393921,0.03588409721851349,-0.2383405566215515,0.09986086189746857,-0.3309253454208374,0.15658687055110931,-0.32095247507095337,0.19088642299175262,-0.28922009468078613,0.01871943473815918,-0.25393733382225037,0.09564758837223053,-0.35927343368530273,0.1595001369714737,-0.34036266803741455,0.19550363719463348,-0.3006590008735657,0.022598013281822205,-0.2551996111869812,0.09497810900211334,-0.369783952832222,0.15758945047855377,-0.35465604066848755,0.19233150780200958,-0.31315886974334717,0.043219953775405884,-0.24565339088439941,0.10527856647968292,-0.33016228675842285,0.1551513820886612,-0.32702359557151794,0.18848033249378204,-0.3010593056678772,C
0.0,0.0,0.08053949475288391,-0.03230607509613037,0.12998807430267334,-0.08050930500030518,0.18243616819381714,-0.1038859486579895,0.2288932502269745,-0.11180326342582703,0.0226002037525177,-0.25298529863357544,0.08396640419960022,-0.3440282940864563,0.14224016666412354,-0.33803507685661316,0.17904937267303467,-0.30775246024131775,0.008420735597610474,-0.2630687355995178,0.08606547117233276,-0.3717900514602661,0.15188631415367126,-0.35358983278274536,0.18830600380897522,-0.3100101053714752,0.015320152044296265,-0.26206719875335693,0.08807307481765747,-0.3810136020183563,0.1546175479888916,-0.3646456152200699,0.18929389119148254,-0.3197862207889557,0.041350334882736206,-0.24978363513946533,0.10416164994239807,-0.3427465558052063,0.1552257239818573,-0.34106022119522095,0.18689855933189392,-0.31355342268943787,C
0.0,0.0,0.08225393295288086,-0.036501288414001465,0.12594452500343323,-0.0888567566871643,0.173993319272995,-0.11536040902137756,0.21911337971687317,-0.12255752086639404,0.017470717430114746,-0.2558658719062805,0.08124667406082153,-0.35119178891181946,0.1393948495388031,-0.33896249532699585,0.17391690611839294,-0.301746666431427,0.008892282843589783,-0.26576051115989685,0.08805897831916809,-0.37423230707645416,0.15022194385528564,-0.35076916217803955,0.1802803874015808,-0.30139651894569397,0.021870240569114685,-0.2612147033214569,0.09389394521713257,-0.38056597113609314,0.15589681267738342,-0.36000216007232666,0.18435880541801453,-0.3109593391418457,0.053768619894981384,-0.24671411514282227,0.11368569731712341,-0.3456273674964905,0.1626252830028534,-0.3415428698062897,0.19095173478126526,-0.3090663254261017,C
0.0,0.0,-0.005889996886253357,-0.04197147488594055,0.02108025550842285,-0.0759052038192749,0.07101105153560638,-0.09199368953704834,0.11892296373844147,-0.09635934233665466,-0.03126510977745056,-0.1674957275390625,0.030177906155586243,-0.23615100979804993,0.07495288550853729,-0.2297968864440918,0.10095606744289398,-0.2025151550769806,-0.012429609894752502,-0.17733362317085266,0.04731573164463043,-0.2623031735420227,0.09885184466838837,-0.2439013421535492,0.12598450481891632,-0.2092823088169098,0.01608838140964508,-0.17695030570030212,0.0708632618188858,-0.26798155903816223,0.1216922253370285,-0.24980640411376953,0.14777152240276337,-0.21120846271514893,0.0579422265291214,-0.1672380268573761,0.10325033962726593,-0.23621368408203125,0.13962502777576447,-0.22548437118530273,0.15850843489170074,-0.19712403416633606,C
0.0,0.0,0.06322036683559418,-0.033037781715393066,0.09771040081977844,-0.07840818166732788,0.14187663793563843,-0.10325440764427185,0.18497425317764282,-0.10432490706443787,0.0011059939861297607,-0.2478260099887848,0.06656762957572937,-0.346901535987854,0.1231982409954071,-0.33160868287086487,0.15204817056655884,-0.2892321050167084,-0.00036978721618652344,-0.25622469186782837,0.0730971097946167,-0.3699510991573334,0.132068932056427,-0.34352999925613403,0.1560533046722412,-0.2948762774467468,0.019697189331054688,-0.25226345658302307,0.08453133702278137,-0.3719041347503662,0.1411445438861847,-0.34882768988609314,0.16267025470733643,-0.2996678054332733,0.055683910846710205,-0.23927056789398193,0.10919567942619324,-0.3324684798717499,0.15195465087890625,-0.32526129484176636,0.17287737131118774,-0.29087120294570923,C
0.0,0.0,0.026910781860351562,-0.020776808261871338,0.06575068831443787,-0.050276875495910645,0.12270292639732361,-0.06670352816581726,0.17440351843833923,-0.06711053848266602,-0.0035729706287384033,-0.18558543920516968,0.05799382925033569,-0.2594177722930908,0.10401946306228638,-0.2452971339225769,0.1296173632144928,-0.21028125286102295,0.006691098213195801,-0.2054612636566162,0.06890633702278137,-0.29418615996837616,0.11532202363014221,-0.27389076352119446,0.1390826404094696,-0.2337275743484497,0.02984808385372162,-0.20965871214866638,0.0893944799900055,-0.3046025484800339,0.13726061582565308,-0.27762356400489807,0.159687340259552,-0.2338167130947113,0.06707300245761871,-0.19910559058189392,0.1198640763759613,-0.27137863636016846,0.156852126121521,-0.2565293312072754,0.17533642053604126,-0.22344401478767395,C
0.0,0.0,0.05422672629356384,-0.02688276767730713,0.09115368127822876,-0.07071471214294434,0.13679981231689453,-0.09533411264419556,0.18197929859161377,-0.09771198034286499,-0.002094179391860962,-0.24467742443084717,0.06177143752574921,-0.33680596947669983,0.11330431699752808,-0.3200809955596924,0.13928961753845215,-0.2769497036933899,0.0003073960542678833,-0.2601574659347534,0.07009461522102356,-0.3654019832611084,0.1226503849029541,-0.33868247270584106,0.1446048617362976,-0.2889607548713684,0.021227389574050903,-0.2609434425830841,0.08990877866744995,-0.3696662336587906,0.14153030514717102,-0.3400568962097168,0.1613856554031372,-0.28784000873565674,0.05643734335899353,-0.24900728464126587,0.11367723345756531,-0.33033058047294617,0.15346413850784302,-0.31440338492393494,0.17285242676734924,-0.2746189832687378,C
0.0,0.0,0.05190242826938629,-0.026800453662872314,0.08867335319519043,-0.06965988874435425,0.13449960947036743,-0.09361058473587036,0.17998164892196655,-0.0961577296257019,-0.003901645541191101,-0.24260428547859192,0.05875767767429352,-0.33542582392692566,0.11024433374404907,-0.3197394013404846,0.13789641857147217,-0.2785477340221405,-0.0011703819036483765,-0.25940120220184326,0.0686253011226654,-0.36449557542800903,0.12074825167655945,-0.3376184105873108,0.14359703660011292,-0.2882246971130371,0.02008354663848877,-0.2606392502784729,0.08896094560623169,-0.3684109151363373,0.13983756303787231,-0.33829593658447266,0.16031718254089355,-0.2867061197757721,0.05533021688461304,-0.24859580397605896,0.11168000102043152,-0.3303970992565155,0.15100815892219543,-0.3144451975822449,0.17137369513511658,-0.2751843333244324,C
0.0,0.0,0.05223873257637024,-0.03317528963088989,0.09136134386062622,-0.07646793127059937,0.14140769839286804,-0.09932005405426025,0.19048526883125305,-0.09828662872314453,0.0011792480945587158,-0.24202635884284973,0.06302456557750702,-0.34089210629463196,0.11463004350662231,-0.3261682987213135,0.14311882853507996,-0.2868437170982361,0.005836397409439087,-0.25811487436294556,0.0737977921962738,-0.36719101667404175,0.1260126531124115,-0.34093353152275085,0.14920124411582947,-0.2913382649421692,0.027951717376708984,-0.2577577829360962,0.09337607026100159,-0.36868123710155487,0.1443254053592682,-0.3386363983154297,0.1651846170425415,-0.287239670753479,0.06403842568397522,-0.24532386660575867,0.11543741822242737,-0.3319039046764374,0.15564614534378052,-0.31704461574554443,0.1771748661994934,-0.2775474786758423,C
0.0,0.0,0.06061309576034546,-0.02872985601425171,0.09993940591812134,-0.07362812757492065,0.14725691080093384,-0.09644293785095215,0.19166556000709534,-0.09926038980484009,0.003926753997802734,-0.24791789054870605,0.06945833563804626,-0.3451600670814514,0.1236746609210968,-0.33162230253219604,0.15335088968276978,-0.291371613740921,0.0052703022956848145,-0.2592073082923889,0.07860264182090759,-0.3695906698703766,0.13345155119895935,-0.3427533805370331,0.15770933032035828,-0.29361552000045776,0.025934353470802307,-0.2574220299720764,0.0962415337562561,-0.36895716190338135,0.14959320425987244,-0.3403175473213196,0.17098566889762878,-0.288901686668396,0.06114014983177185,-0.24426671862602234,0.11644461750984192,-0.3284645080566406,0.15762555599212646,-0.31441542506217957,0.17873847484588623,-0.2760307788848877,C
0.0,0.0,0.06343920528888702,-0.02912437915802002,0.10106119513511658,-0.0752522349357605,0.14754274487495422,-0.09825485944747925,0.1913180649280548,-0.09899884462356567,0.002945229411125183,-0.24950242042541504,0.07335546612739563,-0.3480765223503113,0.12884709239006042,-0.3297029137611389,0.1568429172039032,-0.2862057387828827,0.0023589730262756348,-0.25931447744369507,0.0798681378364563,-0.3691908121109009,0.13721895217895508,-0.3383375406265259,0.16057142615318298,-0.28721898794174194,0.0230819433927536,-0.25633156299591064,0.09443920850753784,-0.37171438336372375,0.14990898966789246,-0.3415907025337219,0.17116382718086243,-0.2881389856338501,0.059252768754959106,-0.2425478994846344,0.11417195200920105,-0.3308686912059784,0.15642905235290527,-0.31780847907066345,0.1773371398448944,-0.27922070026397705,C
0.0,0.0,0.07128748297691345,-0.027562439441680908,0.1103925108909607,-0.07276731729507446,0.1550995111465454,-0.09605950117111206,0.1999666690826416,-0.10106861591339111,0.008289799094200134,-0.24736392498016357,0.07423898577690125,-0.3407382369041443,0.12881091237068176,-0.32704663276672363,0.1607784628868103,-0.28721365332603455,0.00434991717338562,-0.26043206453323364,0.07961234450340271,-0.3669193387031555,0.13570010662078857,-0.339754581451416,0.163138747215271,-0.29028570652008057,0.02241957187652588,-0.2594117522239685,0.095339834690094,-0.3698391020298004,0.149541974067688,-0.34120768308639526,0.17317438125610352,-0.2888210117816925,0.05715768039226532,-0.24607279896736145,0.11371272802352905,-0.33039599657058716,0.1559632420539856,-0.3183283805847168,0.1802278459072113,-0.2818039357662201,C
0.0,0.0,0.07556147873401642,-0.02719658613204956,0.12258286774158478,-0.07751214504241943,0.173777773976326,-0.09788793325424194,0.21988411247730255,-0.10482823848724365,0.01741679012775421,-0.2522416114807129,0.0802886039018631,-0.3428553342819214,0.1387980431318283,-0.3272511959075928,0.17269064486026764,-0.2871752977371216,0.00573277473449707,-0.26330801844596863,0.08526010811328888,-0.3634135276079178,0.1480281502008438,-0.3358170688152313,0.1769428700208664,-0.2819996178150177,0.012951672077178955,-0.26115626096725464,0.0878090113401413,-0.37070146203041077,0.1507933884859085,-0.3452550768852234,0.17913000285625458,-0.2919604778289795,0.037295565009117126,-0.2478528618812561,0.09830252826213837,-0.34159916639328003,0.14709509909152985,-0.33656489849090576,0.1751049906015396,-0.30343931913375854,C
0.0,0.0,0.0767035186290741,-0.02618163824081421,0.12827357649803162,-0.0731581449508667,0.1814804971218109,-0.09484618902206421,0.22773268818855286,-0.1051095724105835,0.03344637155532837,-0.24798151850700378,0.09177097678184509,-0.3339385390281677,0.14779165387153625,-0.3243196904659271,0.1815110146999359,-0.2921978235244751,0.02023477852344513,-0.25835052132606506,0.09192320704460144,-0.3601253032684326,0.15416425466537476,-0.3378553092479706,0.18389230966567993,-0.28892651200294495,0.02161431312561035,-0.2583009600639343,0.08986690640449524,-0.36916811764240265,0.15328353643417358,-0.34721121191978455,0.18238863348960876,-0.29701924324035645,0.037802502512931824,-0.24765589833259583,0.0998997688293457,-0.3391542434692383,0.14954981207847595,-0.33379220962524414,0.17691850662231445,-0.301649272441864,C
0.0,0.0,0.07993116974830627,-0.03389382362365723,0.1329336166381836,-0.0785333514213562,0.1860412061214447,-0.09900343418121338,0.2344323992729187,-0.10582894086837769,0.034522175788879395,-0.24942266941070557,0.0934252142906189,-0.3338264524936676,0.14922848343849182,-0.3245192766189575,0.18409082293510437,-0.2922183871269226,0.01981756091117859,-0.2589375972747803,0.0941627025604248,-0.3619353175163269,0.15759053826332092,-0.3426227569580078,0.1900976300239563,-0.2939685583114624,0.02254912257194519,-0.2584313750267029,0.09247773885726929,-0.371499240398407,0.15750882029533386,-0.3522239923477173,0.18931233882904053,-0.3030117154121399,0.0421125590801239,-0.24602201581001282,0.10454109311103821,-0.3387465178966522,0.1544983685016632,-0.33285558223724365,0.18360650539398193,-0.3000257611274719,C
0.0,0.0,0.08212780952453613,-0.032629430294036865,0.13732996582984924,-0.07510441541671753,0.19153240323066711,-0.09785336256027222,0.2398962676525116,-0.10796666145324707,0.05000108480453491,-0.24166712164878845,0.10118287801742554,-0.3190023899078369,0.1537788212299347,-0.3171120285987854,0.1868295669555664,-0.2909981608390808,0.034144848585128784,-0.25516951084136963,0.09631699323654175,-0.35237985849380493,0.15703344345092773,-0.33722376823425293,0.18998447060585022,-0.290884405374527,0.031315311789512634,-0.2605554163455963,0.08957576751708984,-0.3661760985851288,0.15377894043922424,-0.3507697284221649,0.18790823221206665,-0.3030450940132141,0.04139778017997742,-0.25414803624153137,0.09732279181480408,-0.34040549397468567,0.14839497208595276,-0.3378814160823822,0.1816958487033844,-0.307381272315979,C
0.0,0.0,0.08461248874664307,-0.03073441982269287,0.13872063159942627,-0.07126110792160034,0.19149738550186157,-0.09396588802337646,0.24107486009597778,-0.10292667150497437,0.05374038219451904,-0.2375219166278839,0.10442274808883667,-0.31484872102737427,0.15556228160858154,-0.3106745481491089,0.18773159384727478,-0.28323039412498474,0.03624747693538666,-0.25386956334114075,0.097943514585495,-0.3514034152030945,0.15793070197105408,-0.3354370892047882,0.19122716784477234,-0.28792986273765564,0.032280027866363525,-0.26011475920677185,0.08903753757476807,-0.3648189604282379,0.1529700756072998,-0.34840935468673706,0.18802523612976074,-0.30175015330314636,0.04164411127567291,-0.2539449632167816,0.09483602643013,-0.33961814641952515,0.1462951898574829,-0.3344952464103699,0.18197524547576904,-0.3032786548137665,C
0.0,0.0,0.08110079169273376,-0.028721749782562256,0.1399974524974823,-0.0688367486000061,0.1956494152545929,-0.09204655885696411,0.24553599953651428,-0.10337048768997192,0.058606311678886414,-0.2386375367641449,0.10702532529830933,-0.3183879852294922,0.15685021877288818,-0.3142070472240448,0.189605712890625,-0.28893136978149414,0.03966832160949707,-0.25464409589767456,0.09804844856262207,-0.3528498411178589,0.15769794583320618,-0.3389790654182434,0.19238576292991638,-0.2946493625640869,0.032604992389678955,-0.2607094943523407,0.08640676736831665,-0.3663225769996643,0.15007340908050537,-0.3537833094596863,0.18726933002471924,-0.3103477954864502,0.03785461187362671,-0.2565865218639374,0.089882493019104,-0.34129631519317627,0.1411474645137787,-0.34035032987594604,0.17840451002120972,-0.31318679451942444,C
0.0,0.0,0.08249515295028687,-0.026856958866119385,0.14303705096244812,-0.06531018018722534,0.19700530171394348,-0.08868139982223511,0.2472303807735443,-0.09982913732528687,0.07896235585212708,-0.22724300622940063,0.11818194389343262,-0.3070333003997803,0.1632634699344635,-0.3066920340061188,0.194999098777771,-0.28611505031585693,0.060341283679008484,-0.24341726303100586,0.10451197624206543,-0.3463844656944275,0.16002726554870605,-0.3360590934753418,0.1936109960079193,-0.2917349934577942,0.046091437339782715,-0.25218823552131653,0.08552390336990356,-0.3621273934841156,0.14746862649917603,-0.35065966844558716,0.18591579794883728,-0.30709317326545715,0.03829839825630188,-0.250722736120224,0.08317345380783081,-0.3378811180591583,0.1346627175807953,-0.3386157751083374,0.17362967133522034,-0.3125096559524536,C
0.0,0.0,0.09081107378005981,-0.02749311923980713,0.14959320425987244,-0.06621891260147095,0.2052801549434662,-0.09024816751480103,0.2565711438655853,-0.10591864585876465,0.08595460653305054,-0.23401501774787903,0.12816885113716125,-0.3090217411518097,0.17391255497932434,-0.30814000964164734,0.20361945033073425,-0.28230562806129456,0.06506557762622833,-0.25312745571136475,0.1148480772972107,-0.3497559428215027,0.17009404301643372,-0.3409002423286438,0.2030424177646637,-0.2939130663871765,0.04979696869850159,-0.2613024413585663,0.09863755106925964,-0.36376211047172546,0.1611296534538269,-0.35337579250335693,0.19960832595825195,-0.3103921115398407,0.04428713023662567,-0.2545248568058014,0.09677934646606445,-0.3357352316379547,0.14906376600265503,-0.3379788398742676,0.18949246406555176,-0.3132999539375305,C
0.0,0.0,0.08853548765182495,-0.02944481372833252,0.14763572812080383,-0.067230224609375,0.20123282074928284,-0.09062325954437256,0.25131067633628845,-0.1049075722694397,0.08476817607879639,-0.23569416999816895,0.12512058019638062,-0.31253212690353394,0.16984835267066956,-0.31008344888687134,0.199241042137146,-0.2828710079193115,0.06375528872013092,-0.25302547216415405,0.11139377951622009,-0.35196495056152344,0.16552358865737915,-0.3415050804615021,0.19771862030029297,-0.2942362129688263,0.04763580858707428,-0.25997185707092285,0.09472951292991638,-0.365825816988945,0.15663248300552368,-0.3543446362018585,0.19511690735816956,-0.31004059314727783,0.0403432697057724,-0.25274115800857544,0.0916711688041687,-0.3367561101913452,0.14349567890167236,-0.3392922580242157,0.1833142638206482,-0.3139880895614624,C
0.0,0.0,0.08385181427001953,-0.02559196949005127,0.14461979269981384,-0.0625159740447998,0.20003390312194824,-0.08654624223709106,0.2510198950767517,-0.10148459672927856,0.08255192637443542,-0.2324577271938324,0.12290084362030029,-0.3150582015514374,0.16832837462425232,-0.3106130361557007,0.19773787260055542,-0.2800975441932678,0.06059888005256653,-0.24991309642791748,0.10953935980796814,-0.35163456201553345,0.16390636563301086,-0.338907927274704,0.19596755504608154,-0.29139137268066406,0.044658809900283813,-0.2569958567619324,0.09415590763092041,-0.3633591830730438,0.15540191531181335,-0.35188451409339905,0.19308054447174072,-0.30676206946372986,0.03744688630104065,-0.2502664625644684,0.09183701872825623,-0.32782018184661865,0.14428210258483887,-0.33095359802246094,0.18418815732002258,-0.30675363540649414,C
0.0,0.0,0.08606594800949097,-0.024905145168304443,0.14588287472724915,-0.06236898899078369,0.20193812251091003,-0.08709961175918579,0.25340598821640015,-0.10147672891616821,0.07895532250404358,-0.23262953758239746,0.12124842405319214,-0.3144751787185669,0.16771870851516724,-0.3107921779155731,0.19867566227912903,-0.28263354301452637,0.05806824564933777,-0.2499854862689972,0.10852774977684021,-0.3506731688976288,0.16470173001289368,-0.33836084604263306,0.19835326075553894,-0.29290148615837097,0.044436752796173096,-0.25719642639160156,0.09348443150520325,-0.3639291673898697,0.15625593066215515,-0.3521730303764343,0.1942090094089508,-0.3091304898262024,0.040501758456230164,-0.251399427652359,0.09272989630699158,-0.3347804546356201,0.14463788270950317,-0.33559614419937134,0.18315473198890686,-0.3101825416088104,C
0.0,0.0,0.08168832957744598,-0.021524906158447266,0.14265947043895721,-0.057959675788879395,0.19754062592983246,-0.08398163318634033,0.24759285151958466,-0.1001242995262146,0.07584752142429352,-0.2294110357761383,0.1210617870092392,-0.3113173246383667,0.16810955107212067,-0.30634787678718567,0.1981179267168045,-0.2759329080581665,0.05439583957195282,-0.2456863522529602,0.10614810883998871,-0.3484276533126831,0.16276882588863373,-0.3340134620666504,0.19546808302402496,-0.28630027174949646,0.040653958916664124,-0.2528674304485321,0.09202240407466888,-0.3610146939754486,0.15454764664173126,-0.348100870847702,0.19136662781238556,-0.30313706398010254,0.036830440163612366,-0.24858209490776062,0.09076549112796783,-0.3309682607650757,0.14242185652256012,-0.33105674386024475,0.17973549664020538,-0.30410540103912354,C
0.0,0.0,0.08512859046459198,-0.024930298328399658,0.14378540217876434,-0.0622251033782959,0.19711576402187347,-0.08733546733856201,0.24646227061748505,-0.10152238607406616,0.0770568996667862,-0.2293994426727295,0.11890678107738495,-0.3119569420814514,0.16408081352710724,-0.30727818608283997,0.19371144473552704,-0.2789772152900696,0.05607651174068451,-0.24515455961227417,0.10422320663928986,-0.3484833240509033,0.15922020375728607,-0.33468225598335266,0.19131352007389069,-0.2866169214248657,0.04147043824195862,-0.25242674350738525,0.08879844844341278,-0.3612488657236099,0.15094716846942902,-0.34852421283721924,0.18841563165187836,-0.30393970012664795,0.03629717230796814,-0.2482064664363861,0.08880902826786041,-0.3324941396713257,0.1405169814825058,-0.3326299786567688,0.17847470939159393,-0.3058200478553772,C
0.0,0.0,0.08042031526565552,-0.024954259395599365,0.1420394480228424,-0.06268036365509033,0.1984952688217163,-0.08668243885040283,0.2501015067100525,-0.101906418800354,0.07265271246433258,-0.23101189732551575,0.11609119176864624,-0.31077539920806885,0.163099467754364,-0.30673035979270935,0.19493132829666138,-0.27998095750808716,0.051264598965644836,-0.24777749180793762,0.10263329744338989,-0.3488670885562897,0.15882748365402222,-0.33670005202293396,0.1926901638507843,-0.2915356755256653,0.036555275321006775,-0.25469547510147095,0.08807313442230225,-0.36167487502098083,0.14957189559936523,-0.3509652316570282,0.18718764185905457,-0.3090856671333313,0.030927211046218872,-0.24978673458099365,0.08395856618881226,-0.33120235800743103,0.13442298769950867,-0.3346042037010193,0.17191514372825623,-0.31285393238067627,C
0.0,0.0,0.0865308940410614,-0.027591705322265625,0.14493250846862793,-0.06551855802536011,0.19979125261306763,-0.09030002355575562,0.2483465075492859,-0.10471850633621216,0.07942056655883789,-0.23041337728500366,0.12087026238441467,-0.3064157962799072,0.16532903909683228,-0.30220234394073486,0.19463562965393066,-0.27583062648773193,0.05848991870880127,-0.24777895212173462,0.10790511965751648,-0.3462789058685303,0.1622375249862671,-0.33293384313583374,0.19297128915786743,-0.2850869596004486,0.04333177208900452,-0.2555093467235565,0.09216052293777466,-0.3594348877668381,0.15299570560455322,-0.3464043587446213,0.18789717555046082,-0.3020291328430176,0.0368666797876358,-0.25012245774269104,0.08683383464813232,-0.33472397923469543,0.13730919361114502,-0.3373168706893921,0.17451447248458862,-0.3126734495162964,C
0.0,0.0,0.08712010085582733,-0.02186793088912964,0.14825432002544403,-0.05865246057510376,0.2060881108045578,-0.08525454998016357,0.2577623277902603,-0.10013502836227417,0.0812719315290451,-0.22558486461639404,0.12336240708827972,-0.3041958510875702,0.16891463100910187,-0.30089402198791504,0.19798921048641205,-0.27075332403182983,0.0602312833070755,-0.24596422910690308,0.10932664573192596,-0.3436247408390045,0.16395790874958038,-0.3319552540779114,0.19547350704669952,-0.2842460572719574,0.04644139111042023,-0.2566148042678833,0.09534306824207306,-0.3578778952360153,0.1557486206293106,-0.34549666941165924,0.1901608258485794,-0.2999646067619324,0.04173915088176727,-0.25448906421661377,0.09284023940563202,-0.3339637517929077,0.14214102923870087,-0.3329257071018219,0.17737679183483124,-0.30406486988067627,C
0.0,0.0,0.08731362223625183,-0.022385120391845703,0.14832991361618042,-0.05966883897781372,0.20582926273345947,-0.086495041847229,0.2575611472129822,-0.10194113850593567,0.08443009853363037,-0.22751504182815552,0.12478452920913696,-0.3063184320926666,0.16886195540428162,-0.3022245466709137,0.19680264592170715,-0.2721576392650604,0.06345871090888977,-0.24752601981163025,0.11105728149414062,-0.34469446539878845,0.16414883732795715,-0.3324597477912903,0.19466948509216309,-0.2843426764011383,0.048474907875061035,-0.2578240931034088,0.096029132604599,-0.3592981994152069,0.15511974692344666,-0.34730060398578644,0.189549058675766,-0.3019598722457886,0.04190506041049957,-0.25524044036865234,0.09231510758399963,-0.3326374292373657,0.1415470540523529,-0.3331594467163086,0.17788010835647583,-0.30605044960975647,C
0.0,0.0,0.08912456035614014,-0.020959436893463135,0.14745351672172546,-0.05745649337768555,0.20155158638954163,-0.08523339033126831,0.2526019811630249,-0.10011434555053711,0.08962008357048035,-0.21908128261566162,0.12720942497253418,-0.29571664333343506,0.16916874051094055,-0.2952653169631958,0.1965523362159729,-0.26970726251602173,0.06960710883140564,-0.23953324556350708,0.11220359802246094,-0.33780597150325775,0.1641179919242859,-0.32641705870628357,0.1947556436061859,-0.2783990502357483,0.051482439041137695,-0.2535039186477661,0.09556257724761963,-0.35464397072792053,0.15458187460899353,-0.3412565290927887,0.19021311402320862,-0.2955830693244934,0.03859966993331909,-0.25697100162506104,0.08483558893203735,-0.337955117225647,0.13549914956092834,-0.33733151853084564,0.1748504936695099,-0.3078569769859314,C
0.0,0.0,0.08487069606781006,-0.023168504238128662,0.1440260410308838,-0.0620729923248291,0.19915586709976196,-0.09074074029922485,0.2522871196269989,-0.1055598258972168,0.08588841557502747,-0.2226332426071167,0.12183272838592529,-0.3035516142845154,0.16373851895332336,-0.29932451248168945,0.1916520893573761,-0.2694445252418518,0.06527799367904663,-0.2411925494670868,0.10718303918838501,-0.34059374034404755,0.15776470303535461,-0.3293191194534302,0.18874043226242065,-0.28431078791618347,0.04573112726211548,-0.2533190846443176,0.0874321460723877,-0.3587948679924011,0.14477887749671936,-0.34756606817245483,0.18213054537773132,-0.3037607669830322,0.03000183403491974,-0.25491616129875183,0.07244133949279785,-0.3389326333999634,0.12148398160934448,-0.34398505091667175,0.16167888045310974,-0.31966859102249146,C
0.0,0.0,0.08657371997833252,-0.022310256958007812,0.14687058329582214,-0.06152534484863281,0.20285752415657043,-0.09086078405380249,0.2560736835002899,-0.10505679249763489,0.0865371823310852,-0.22101065516471863,0.12393328547477722,-0.29983821511268616,0.16642215847969055,-0.29867273569107056,0.19563332200050354,-0.27310460805892944,0.06598109006881714,-0.24087899923324585,0.10856157541275024,-0.33990292251110077,0.16057375073432922,-0.33035629987716675,0.19317501783370972,-0.2862393260002136,0.047282785177230835,-0.2540987432003021,0.09072116017341614,-0.35853439569473267,0.14923200011253357,-0.347350150346756,0.18685531616210938,-0.30357420444488525,0.033490657806396484,-0.2572082579135895,0.07937180995941162,-0.33894023299217224,0.12880274653434753,-0.34117886424064636,0.1680128574371338,-0.3151513934135437,C
0.0,0.0,0.0843188464641571,-0.02001732587814331,0.14559271931648254,-0.06015270948410034,0.20259544253349304,-0.08791714906692505,0.2557312250137329,-0.10182571411132812,0.08543547987937927,-0.2240685224533081,0.1253218650817871,-0.29833412170410156,0.16881605982780457,-0.29790812730789185,0.1979236900806427,-0.2725161910057068,0.06534822285175323,-0.2442672848701477,0.10956573486328125,-0.34018680453300476,0.1625852882862091,-0.3306707739830017,0.19579240679740906,-0.2860264480113983,0.04777945578098297,-0.25749969482421875,0.0919782817363739,-0.35858912765979767,0.15245458483695984,-0.34670521318912506,0.19120699167251587,-0.3024253845214844,0.03610922396183014,-0.26086458563804626,0.08361843228340149,-0.34149736166000366,0.1342180371284485,-0.34064674377441406,0.17396309971809387,-0.3112165629863739,C
0.0,0.0,0.08323732018470764,-0.018954753875732422,0.14413464069366455,-0.05417168140411377,0.198573499917984,-0.08048254251480103,0.25025346875190735,-0.09429210424423218,0.0936150848865509,-0.21495401859283447,0.12965968251228333,-0.28832077980041504,0.16987991333007812,-0.2884818911552429,0.19732582569122314,-0.2649894952774048,0.07373282313346863,-0.2362438440322876,0.11219865083694458,-0.3306071162223816,0.1610196828842163,-0.32093727588653564,0.19122415781021118,-0.2749652862548828,0.054078757762908936,-0.2513104975223541,0.09172821044921875,-0.34979744255542755,0.14709270000457764,-0.3383447825908661,0.18288657069206238,-0.2936364710330963,0.037559449672698975,-0.2570590674877167,0.0779055655002594,-0.33581312000751495,0.12444034218788147,-0.33677220344543457,0.16221225261688232,-0.30806371569633484,C
0.0,0.0,0.08476242423057556,-0.01865994930267334,0.14410972595214844,-0.05713045597076416,0.1993301808834076,-0.08354592323303223,0.2506297528743744,-0.09591972827911377,0.08996108174324036,-0.2165202498435974,0.12502562999725342,-0.29097017645835876,0.1656484603881836,-0.2900012135505676,0.19282346963882446,-0.2640264332294464,0.06968522071838379,-0.2353127896785736,0.11010843515396118,-0.32942378520965576,0.1587686836719513,-0.3210829198360443,0.18785160779953003,-0.27765172719955444,0.04946301877498627,-0.24901649355888367,0.08911404013633728,-0.3482857495546341,0.14409232139587402,-0.3377074599266052,0.17898264527320862,-0.29475563764572144,0.032199978828430176,-0.2538957893848419,0.07094642519950867,-0.3359968513250351,0.11692443490028381,-0.338350847363472,0.15477600693702698,-0.31154659390449524,C
0.0,0.0,0.08721774816513062,-0.020197629928588867,0.14643287658691406,-0.05768388509750366,0.2009732723236084,-0.08397048711776733,0.2519442141056061,-0.09448939561843872,0.09266498684883118,-0.21302002668380737,0.12803915143013,-0.2843194305896759,0.16809624433517456,-0.28460365533828735,0.1958235502243042,-0.26265931129455566,0.07265952229499817,-0.2327692210674286,0.11311304569244385,-0.3255540728569031,0.1615058183670044,-0.3167332112789154,0.1914958357810974,-0.27537745237350464,0.05257447063922882,-0.24606376886367798,0.09116491675376892,-0.34844645857810974,0.14730936288833618,-0.3356541693210602,0.18401962518692017,-0.2924271523952484,0.035604506731033325,-0.24961039423942566,0.07738703489303589,-0.333910271525383,0.12534883618354797,-0.33428528904914856,0.1645098328590393,-0.30674034357070923,C
0.0,0.0,0.08327625691890717,-0.018575549125671387,0.1428840309381485,-0.05673009157180786,0.1963246613740921,-0.08228933811187744,0.24688498675823212,-0.09466314315795898,0.09085126221179962,-0.22155341506004333,0.12825332581996918,-0.2972956597805023,0.16877169907093048,-0.2919151782989502,0.19626517593860626,-0.2633671760559082,0.07037679851055145,-0.2387441098690033,0.11368079483509064,-0.3326370418071747,0.16231079399585724,-0.32016152143478394,0.19050396978855133,-0.27491819858551025,0.05016659200191498,-0.2490101158618927,0.09164731204509735,-0.3508247435092926,0.14612062275409698,-0.337435707449913,0.18031169474124908,-0.293326199054718,0.03300796449184418,-0.24890190362930298,0.07190246880054474,-0.33408498764038086,0.11696071922779083,-0.3392096757888794,0.15327982604503632,-0.31517115235328674,C
0.0,0.0,0.08415770530700684,-0.018399834632873535,0.14343848824501038,-0.05593883991241455,0.19684109091758728,-0.08291316032409668,0.24741455912590027,-0.09598910808563232,0.08964481949806213,-0.2166709303855896,0.12743905186653137,-0.2904355823993683,0.16894769668579102,-0.28831613063812256,0.19692835211753845,-0.2628406584262848,0.0704014003276825,-0.23486334085464478,0.11286365985870361,-0.32869040966033936,0.16259795427322388,-0.3187374770641327,0.1918644905090332,-0.27400457859039307,0.05085119605064392,-0.24781817197799683,0.09223860502243042,-0.34756429493427277,0.14789247512817383,-0.3367283344268799,0.18269982933998108,-0.2937423288822174,0.033963292837142944,-0.25160497426986694,0.07306796312332153,-0.3351794481277466,0.11950430274009705,-0.3395194262266159,0.15733206272125244,-0.31381773948669434,C
0.0,0.0,0.08675318956375122,-0.01808387041091919,0.14620119333267212,-0.05864131450653076,0.2007572054862976,-0.08449280261993408,0.25202620029449463,-0.09830459952354431,0.09194013476371765,-0.22110918164253235,0.1311105489730835,-0.29903221130371094,0.1737983226776123,-0.29427242279052734,0.2022603154182434,-0.2630767226219177,0.07199928164482117,-0.23953646421432495,0.1161453127861023,-0.3348347544670105,0.16842785477638245,-0.3223230242729187,0.198774516582489,-0.27251341938972473,0.052086442708969116,-0.2506319582462311,0.09654292464256287,-0.35094545781612396,0.15471285581588745,-0.3375915288925171,0.19052556157112122,-0.29210028052330017,0.03586246073246002,-0.2504889667034149,0.0772467851638794,-0.33585125207901,0.1258988082408905,-0.3400349020957947,0.16479870676994324,-0.31317198276519775,C
0.0,0.0,0.08525389432907104,-0.02107793092727661,0.14554160833358765,-0.05962646007537842,0.19943684339523315,-0.08602303266525269,0.2519471347332001,-0.09857460856437683,0.08852311968803406,-0.21996164321899414,0.12596717476844788,-0.29808399081230164,0.1683717668056488,-0.29654550552368164,0.19754275679588318,-0.27029329538345337,0.06929910182952881,-0.23933246731758118,0.11242148280143738,-0.3343748450279236,0.1630624234676361,-0.32574132084846497,0.19383198022842407,-0.2820875942707062,0.05061796307563782,-0.2531232535839081,0.09315010905265808,-0.35398900508880615,0.14996474981307983,-0.34334351122379303,0.18658596277236938,-0.3009406328201294,0.035415858030319214,-0.2575187087059021,0.07615986466407776,-0.3414366692304611,0.12308740615844727,-0.3447241634130478,0.16162759065628052,-0.3190338611602783,C
0.0,0.0,0.07612541317939758,-0.032928466796875,0.12480127811431885,-0.08451306819915771,0.14337533712387085,-0.15193867683410645,0.15612798929214478,-0.21966713666915894,0.050099343061447144,-0.18186691403388977,0.07718470692634583,-0.23909145593643188,0.10542246699333191,-0.2432575523853302,0.13091763854026794,-0.22385457158088684,0.01747828722000122,-0.20940443873405457,0.03583633899688721,-0.3125283718109131,0.06027129292488098,-0.37069907784461975,0.08726382255554199,-0.4179098606109619,-0.015776753425598145,-0.21902823448181152,-0.009404927492141724,-0.31900131702423096,0.008082479238510132,-0.3813989460468292,0.030127227306365967,-0.4303372651338577,-0.05036386847496033,-0.21066802740097046,-0.054664671421051025,-0.2895267903804779,-0.04970353841781616,-0.34244784712791443,-0.04000468552112579,-0.38558992743492126,OK
0.0,0.0,0.07480305433273315,-0.041934192180633545,0.12008470296859741,-0.09222674369812012,0.13993272185325623,-0.15833932161331177,0.15199902653694153,-0.22639721632003784,0.041772812604904175,-0.1827361285686493,0.07060819864273071,-0.24068686366081238,0.09928792715072632,-0.24691200256347656,0.12333545088768005,-0.2308565080165863,0.009999394416809082,-0.20993420481681824,0.0279293954372406,-0.3101673126220703,0.05315735936164856,-0.37109994888305664,0.07974743843078613,-0.42291682958602905,-0.02342933416366577,-0.21851161122322083,-0.018470704555511475,-0.3197110593318939,-0.00260239839553833,-0.38864320516586304,0.017476379871368408,-0.44359952211380005,-0.057683736085891724,-0.21168926358222961,-0.0635676383972168,-0.292062371969223,-0.05972817540168762,-0.34961628913879395,-0.05050720274448395,-0.39759165048599243,OK
0.0,0.0,0.07118800282478333,-0.05168414115905762,0.10729315876960754,-0.1062731146812439,0.12822985649108887,-0.16538208723068237,0.14396139979362488,-0.22507494688034058,0.024669021368026733,-0.18992331624031067,0.04917186498641968,-0.24516448378562927,0.08022695779800415,-0.24636101722717285,0.10544538497924805,-0.22850307822227478,-0.0052103400230407715,-0.21351546049118042,0.010137408971786499,-0.30985820293426514,0.035075604915618896,-0.37199151515960693,0.06099414825439453,-0.4239567369222641,-0.0370326042175293,-0.2187245786190033,-0.035233527421951294,-0.316853404045105,-0.02017498016357422,-0.38806653022766113,-0.0005879104137420654,-0.44554051756858826,-0.06837084889411926,-0.20870304107666016,-0.0802338719367981,-0.29009777307510376,-0.07745543122291565,-0.3496914505958557,-0.06694662570953369,-0.3983517289161682,OK
0.0,0.0,0.06137484312057495,-0.05872368812561035,0.09375882148742676,-0.11819994449615479,0.11536747217178345,-0.17837423086166382,0.13366371393203735,-0.24085626006126404,-0.00038620829582214355,-0.20048481225967407,0.032262593507766724,-0.26561954617500305,0.06905773282051086,-0.2640509605407715,0.09684565663337708,-0.241672545671463,-0.02312329411506653,-0.22504842281341553,-0.009431421756744385,-0.32253944873809814,0.017517954111099243,-0.38755500316619873,0.044176071882247925,-0.436124712228775,-0.04813629388809204,-0.22839584946632385,-0.04963850975036621,-0.3275205194950104,-0.03359001874923706,-0.4004228711128235,-0.013665258884429932,-0.4574248194694519,-0.0722123384475708,-0.21682047843933105,-0.08819881081581116,-0.2993485927581787,-0.08714653551578522,-0.36253225803375244,-0.07756191492080688,-0.4141799807548523,OK
0.0,0.0,0.06278228759765625,-0.06468850374221802,0.09078168869018555,-0.12225228548049927,0.11119267344474792,-0.17994678020477295,0.1295889914035797,-0.24143174290657043,-0.006382286548614502,-0.20745262503623962,0.02529767155647278,-0.2689480781555176,0.06141212582588196,-0.2668485641479492,0.08848699927330017,-0.24437588453292847,-0.02861371636390686,-0.23011532425880432,-0.013501226902008057,-0.3310012221336365,0.014563947916030884,-0.39723891019821167,0.0430983304977417,-0.4449896812438965,-0.05286216735839844,-0.23145508766174316,-0.05305802822113037,-0.33530354499816895,-0.036989837884902954,-0.40767043828964233,-0.01714351773262024,-0.46396559476852417,-0.07507112622261047,-0.21667787432670593,-0.09083078801631927,-0.30085426568984985,-0.08915916085243225,-0.36436280608177185,-0.07865092158317566,-0.41784143447875977,OK
0.0,0.0,0.05977916717529297,-0.0657128095626831,0.08747026324272156,-0.12373232841491699,0.10828721523284912,-0.1794215440750122,0.12294891476631165,-0.24030286073684692,-0.004013717174530029,-0.21041584014892578,0.026020139455795288,-0.2687664330005646,0.06053799390792847,-0.26621443033218384,0.08596926927566528,-0.24498945474624634,-0.027596384286880493,-0.2326802909374237,-0.01354178786277771,-0.3318178057670593,0.012419581413269043,-0.39565330743789673,0.03809818625450134,-0.4430247098207474,-0.05375809967517853,-0.23404696583747864,-0.05273440480232239,-0.33698564767837524,-0.0362991988658905,-0.40512779355049133,-0.01740819215774536,-0.4586145728826523,-0.0778634250164032,-0.2196383774280548,-0.09508034586906433,-0.3024575710296631,-0.09393170475959778,-0.3642319142818451,-0.08478608727455139,-0.41580334305763245,OK
0.0,0.0,0.058388203382492065,-0.06414651870727539,0.08659753203392029,-0.1224554181098938,0.10682529211044312,-0.17919659614562988,0.1231684684753418,-0.24148225784301758,-0.00334814190864563,-0.21314352750778198,0.026499032974243164,-0.2709703743457794,0.06111496686935425,-0.26682406663894653,0.08624324202537537,-0.24412447214126587,-0.027105480432510376,-0.2345619797706604,-0.013947367668151855,-0.3337167501449585,0.011679857969284058,-0.3963821530342102,0.037125349044799805,-0.4430282264947891,-0.053735047578811646,-0.23451438546180725,-0.053876519203186035,-0.33781370520591736,-0.037218570709228516,-0.4056936204433441,-0.017871320247650146,-0.4593210071325302,-0.07785353064537048,-0.21794593334197998,-0.09358559548854828,-0.299611896276474,-0.09391321241855621,-0.36167165637016296,-0.08759865164756775,-0.41450750827789307,OK
0.0,0.0,0.05813026428222656,-0.06456780433654785,0.08573353290557861,-0.12291300296783447,0.10674530267715454,-0.17811590433120728,0.12155362963676453,-0.23956835269927979,-0.008423268795013428,-0.21307450532913208,0.025081515312194824,-0.2723567485809326,0.06150376796722412,-0.26610249280929565,0.08713561296463013,-0.24128791689872742,-0.03074944019317627,-0.23476862907409668,-0.014628559350967407,-0.3347586989402771,0.011977195739746094,-0.39715102314949036,0.03755161166191101,-0.4438469409942627,-0.05561155080795288,-0.23510530591011047,-0.05396220088005066,-0.3400394320487976,-0.03763300180435181,-0.40785014629364014,-0.01917320489883423,-0.46128392219543457,-0.0780797004699707,-0.21816417574882507,-0.09421119093894958,-0.301274836063385,-0.09503385424613953,-0.3648861050605774,-0.08852222561836243,-0.41916221380233765,OK
0.0,0.0,0.05599895119667053,-0.06332886219024658,0.08286073803901672,-0.12257903814315796,0.10412397980690002,-0.17733734846115112,0.11838173866271973,-0.23743289709091187,-0.007544606924057007,-0.21153199672698975,0.020498961210250854,-0.2698676586151123,0.05617499351501465,-0.2653735876083374,0.08138802647590637,-0.24272197484970093,-0.030180364847183228,-0.23257756233215332,-0.016856461763381958,-0.3308820128440857,0.009815186262130737,-0.3936709761619568,0.03548267483711243,-0.44059644639492035,-0.05587548017501831,-0.23288309574127197,-0.057212650775909424,-0.33573728799819946,-0.041173070669174194,-0.4045214056968689,-0.022903472185134888,-0.4598190635442734,-0.07949426770210266,-0.21687692403793335,-0.09587489068508148,-0.29732969403266907,-0.09686794877052307,-0.35955166816711426,-0.09139105677604675,-0.41331085562705994,OK
0.0,0.0,0.06197249889373779,-0.05875152349472046,0.09385806322097778,-0.11891859769821167,0.11476695537567139,-0.1793309450149536,0.12773901224136353,-0.24251699447631836,0.006235271692276001,-0.2054206132888794,0.02930089831352234,-0.2601689100265503,0.06151208281517029,-0.26357027888298035,0.08694067597389221,-0.24925154447555542,-0.02163839340209961,-0.22898131608963013,-0.011917263269424438,-0.3263937830924988,0.013016164302825928,-0.39122578501701355,0.03864264488220215,-0.44186484813690186,-0.05225473642349243,-0.23208850622177124,-0.055429160594940186,-0.3323172330856323,-0.040766000747680664,-0.4032168984413147,-0.021876871585845947,-0.45999646186828613,-0.08119633793830872,-0.2207060158252716,-0.09659665822982788,-0.30000174045562744,-0.09702794253826141,-0.36099788546562195,-0.09062427282333374,-0.4125288128852844,OK
0.0,0.0,0.06344777345657349,-0.05794447660446167,0.09569558501243591,-0.1166350245475769,0.11642640829086304,-0.17732489109039307,0.13105764985084534,-0.24020671844482422,0.00816461443901062,-0.20596113801002502,0.034001827239990234,-0.2615703046321869,0.06562179327011108,-0.26292842626571655,0.0902140736579895,-0.24556538462638855,-0.019457459449768066,-0.22976046800613403,-0.008005976676940918,-0.32744652032852173,0.017276793718338013,-0.39243265986442566,0.043179214000701904,-0.4444870054721832,-0.04965484142303467,-0.23319679498672485,-0.051245927810668945,-0.3334507346153259,-0.03648972511291504,-0.4048018455505371,-0.01707524061203003,-0.4620284140110016,-0.07850971817970276,-0.22191965579986572,-0.09396505355834961,-0.3021763563156128,-0.09285706281661987,-0.3623044192790985,-0.08379840850830078,-0.4132922887802124,OK
0.0,0.0,0.06815800070762634,-0.05478787422180176,0.10429871082305908,-0.11538499593734741,0.1273685097694397,-0.17924648523330688,0.13989394903182983,-0.24265992641448975,0.017873793840408325,-0.20165592432022095,0.04034498333930969,-0.2588520348072052,0.07232469320297241,-0.262421190738678,0.09912633895874023,-0.24845755100250244,-0.012946218252182007,-0.2254941165447235,-0.0034565627574920654,-0.3207104504108429,0.02159455418586731,-0.3842267096042633,0.047062307596206665,-0.4364172965288162,-0.04579567909240723,-0.2281104326248169,-0.048504650592803955,-0.3264666497707367,-0.0343339741230011,-0.3966594636440277,-0.015446513891220093,-0.45447005331516266,-0.07736527919769287,-0.21609827876091003,-0.09093727171421051,-0.2965644896030426,-0.08976830542087555,-0.3561488389968872,-0.08124607801437378,-0.40759924054145813,OK
0.0,0.0,0.07220575213432312,-0.04657936096191406,0.11830297112464905,-0.10327684879302979,0.13708767294883728,-0.17494577169418335,0.14286315441131592,-0.24753445386886597,0.034368425607681274,-0.18960300087928772,0.06401145458221436,-0.25653666257858276,0.09441402554512024,-0.26611417531967163,0.12144938111305237,-0.2522178590297699,-9.360909461975098e-05,-0.21736684441566467,0.014365434646606445,-0.3171258270740509,0.03834912180900574,-0.3821396827697754,0.06270688772201538,-0.4366791099309921,-0.03543978929519653,-0.2220720648765564,-0.035826653242111206,-0.3219437003135681,-0.023547083139419556,-0.3922593593597412,-0.006817817687988281,-0.45036759972572327,-0.07102802395820618,-0.21032732725143433,-0.08209288120269775,-0.28764885663986206,-0.07981884479522705,-0.3457210659980774,-0.07045504450798035,-0.3959308862686157,OK
0.0,0.0,0.07389569282531738,-0.04535919427871704,0.12215468287467957,-0.10156673192977905,0.13947400450706482,-0.17573881149291992,0.144005686044693,-0.2480100393295288,0.04271507263183594,-0.18807238340377808,0.07050484418869019,-0.25156328082084656,0.09969916939735413,-0.2651612162590027,0.12681961059570312,-0.25734347105026245,0.00715366005897522,-0.21576493978500366,0.02169916033744812,-0.31578561663627625,0.044528812170028687,-0.3782799243927002,0.06957617402076721,-0.431732639670372,-0.028759300708770752,-0.22148722410202026,-0.02949461340904236,-0.3207770586013794,-0.018420755863189697,-0.3901236355304718,-0.0013985037803649902,-0.44765186309814453,-0.065024733543396,-0.2094067633152008,-0.07536014914512634,-0.2856166362762451,-0.0733535885810852,-0.3418831527233124,-0.06421816349029541,-0.3913135826587677,OK
0.0,0.0,0.07709202170372009,-0.04372912645339966,0.12596362829208374,-0.09974157810211182,0.14283442497253418,-0.17420971393585205,0.14592498540878296,-0.24646222591400146,0.046308428049087524,-0.18797391653060913,0.07367470860481262,-0.24671494960784912,0.10087591409683228,-0.2609601318836212,0.12534016370773315,-0.2521771490573883,0.009402543306350708,-0.2147274911403656,0.024055451154708862,-0.31661105155944824,0.0462704598903656,-0.3782787621021271,0.07086467742919922,-0.4304071366786957,-0.027217715978622437,-0.2203449308872223,-0.027781009674072266,-0.322731614112854,-0.014709055423736572,-0.39237672090530396,0.003794461488723755,-0.44864946603775024,-0.0641392171382904,-0.20781683921813965,-0.07457360625267029,-0.28559747338294983,-0.07134386897087097,-0.34112027287483215,-0.06135442852973938,-0.38910895586013794,OK
0.0,0.0,0.07657015323638916,-0.03963500261306763,0.12710675597190857,-0.0964658260345459,0.14589092135429382,-0.170853853225708,0.14617422223091125,-0.24202832579612732,0.053997546434402466,-0.18508535623550415,0.08133447170257568,-0.2501309812068939,0.10838839411735535,-0.261256605386734,0.13166478276252747,-0.24935144186019897,0.017666280269622803,-0.21271046996116638,0.0343184769153595,-0.3139517903327942,0.05593597888946533,-0.3775121569633484,0.07854411005973816,-0.43199872970581055,-0.019532620906829834,-0.21935346722602844,-0.018732786178588867,-0.3212505280971527,-0.007381349802017212,-0.3907974362373352,0.008493155241012573,-0.4468294382095337,-0.05751180648803711,-0.20906397700309753,-0.06442701816558838,-0.28654956817626953,-0.06110471487045288,-0.3413776457309723,-0.052701160311698914,-0.38767480850219727,OK
0.0,0.0,0.07742035388946533,-0.038292765617370605,0.12837347388267517,-0.09406304359436035,0.14690768718719482,-0.17031043767929077,0.1487395465373993,-0.24381375312805176,0.062889963388443,-0.18086791038513184,0.08738008141517639,-0.24179717898368835,0.10996845364570618,-0.2581283450126648,0.12960657477378845,-0.25593453645706177,0.02472776174545288,-0.20744001865386963,0.04474073648452759,-0.30921101570129395,0.06513121724128723,-0.3743164539337158,0.08680325746536255,-0.43171800673007965,-0.013947069644927979,-0.21292144060134888,-0.009559959173202515,-0.3146125078201294,0.002150237560272217,-0.3828584551811218,0.018214702606201172,-0.438141793012619,-0.053225576877593994,-0.20192879438400269,-0.0558382123708725,-0.2797397971153259,-0.05090436339378357,-0.3323439657688141,-0.04176431894302368,-0.3777386248111725,OK
0.0,0.0,0.0803540050983429,-0.03309255838394165,0.130487322807312,-0.08569514751434326,0.14656230807304382,-0.16485047340393066,0.14979076385498047,-0.23808935284614563,0.06537607312202454,-0.17742618918418884,0.08974727988243103,-0.24292615056037903,0.11337167024612427,-0.2585037350654602,0.1342352330684662,-0.25106653571128845,0.025824636220932007,-0.20312508940696716,0.045358091592788696,-0.30879002809524536,0.066077321767807,-0.37320879101753235,0.08813637495040894,-0.4280696511268616,-0.012928098440170288,-0.20842033624649048,-0.009278953075408936,-0.31015703082084656,0.0021858513355255127,-0.37748420238494873,0.017781108617782593,-0.4305499196052551,-0.05219554901123047,-0.19697853922843933,-0.05564314126968384,-0.27565744519233704,-0.0508149117231369,-0.3264399468898773,-0.04136662185192108,-0.36956706643104553,OK
0.0,0.0,0.08093762397766113,-0.03494971990585327,0.13036492466926575,-0.08774620294570923,0.14716032147407532,-0.1676253080368042,0.15016761422157288,-0.24289247393608093,0.0650472342967987,-0.17799365520477295,0.08994555473327637,-0.24266213178634644,0.1138617992401123,-0.25976356863975525,0.13503801822662354,-0.2545251250267029,0.02616003155708313,-0.20458734035491943,0.046295881271362305,-0.31011074781417847,0.06643372774124146,-0.3746066689491272,0.08838638663291931,-0.4313378781080246,-0.012570053339004517,-0.21093621850013733,-0.007842570543289185,-0.3123500347137451,0.004319489002227783,-0.3795256018638611,0.020563393831253052,-0.4332048296928406,-0.05235481262207031,-0.20086517930030823,-0.05430060625076294,-0.28028154373168945,-0.04861769080162048,-0.3317340016365051,-0.03876510262489319,-0.3753264844417572,OK
0.0,0.0,0.07984921336174011,-0.036798298358917236,0.1291230320930481,-0.08871257305145264,0.14607352018356323,-0.16562491655349731,0.14878839254379272,-0.23935580253601074,0.062447935342788696,-0.18089449405670166,0.08654755353927612,-0.24327042698860168,0.10918766260147095,-0.25771498680114746,0.1290888786315918,-0.24895983934402466,0.023845762014389038,-0.20661363005638123,0.042397528886795044,-0.3119700253009796,0.06188008189201355,-0.3752099275588989,0.08323866128921509,-0.4287988692522049,-0.014262288808822632,-0.211667001247406,-0.012033671140670776,-0.3136932849884033,-0.0006007552146911621,-0.38094276189804077,0.015279412269592285,-0.4338623285293579,-0.05287981033325195,-0.199853777885437,-0.0568372905254364,-0.278327614068985,-0.05223454535007477,-0.33060765266418457,-0.04337844252586365,-0.3742579519748688,OK
0.0,0.0,0.03327861428260803,-0.0559118390083313,0.04186078906059265,-0.11815369129180908,0.04734504222869873,-0.15021389722824097,0.06199866533279419,-0.16271448135375977,-0.002286285161972046,-0.14266568422317505,0.022938579320907593,-0.20588672161102295,0.05228102207183838,-0.23422107100486755,0.0805223286151886,-0.2504701018333435,-0.020877480506896973,-0.15207254886627197,-0.0023203790187835693,-0.23703593015670776,0.01748177409172058,-0.2981165647506714,0.03822481632232666,-0.3499656468629837,-0.04185307025909424,-0.14860078692436218,-0.04251806437969208,-0.23932039737701416,-0.030302107334136963,-0.30892547965049744,-0.017324939370155334,-0.36767856776714325,-0.06254032254219055,-0.13630464673042297,-0.08103631436824799,-0.2064928412437439,-0.08407175540924072,-0.2640998065471649,-0.08092230558395386,-0.3142528533935547,OK
0.0,0.0,0.0535275936126709,-0.08778345584869385,0.07893630862236023,-0.1489659547805786,0.10560157895088196,-0.1933368444442749,0.12150058150291443,-0.24297580122947693,-0.02626502513885498,-0.22464391589164734,0.014109194278717041,-0.2846681773662567,0.055641353130340576,-0.2748369574546814,0.08331635594367981,-0.24735838174819946,-0.040551796555519104,-0.2401764988899231,-0.02679350972175598,-0.3443106412887573,0.005491405725479126,-0.41068321466445923,0.03461897373199463,-0.4571196734905243,-0.05448189377784729,-0.2412348985671997,-0.05934515595436096,-0.349211186170578,-0.041545167565345764,-0.4223511219024658,-0.02279438078403473,-0.47605693340301514,-0.0638788640499115,-0.22931599617004395,-0.08592425286769867,-0.3153131306171417,-0.08797025680541992,-0.3752807676792145,-0.08216384053230286,-0.42446061968803406,OK
0.0,0.0,0.04933041334152222,-0.04031407833099365,0.07232147455215454,-0.09525442123413086,0.09049057960510254,-0.13358795642852783,0.10807102918624878,-0.1735157072544098,-0.018033534288406372,-0.16334408521652222,0.007787168025970459,-0.21849623322486877,0.041312575340270996,-0.21397164463996887,0.06648766994476318,-0.19150742888450623,-0.04218891263008118,-0.1790643036365509,-0.028675630688667297,-0.26990607380867004,-0.0055103302001953125,-0.3333054780960083,0.01816388964653015,-0.38405999541282654,-0.0656624585390091,-0.17709419131278992,-0.06903328001499176,-0.272432804107666,-0.056891486048698425,-0.34506988525390625,-0.0426979660987854,-0.4051896631717682,-0.08223298192024231,-0.162298321723938,-0.1018700897693634,-0.2418821156024933,-0.10486896336078644,-0.3056941628456116,-0.09912344813346863,-0.35927629470825195,OK
0.0,0.0,0.050850898027420044,-0.08366566896438599,0.07599171996116638,-0.14463472366333008,0.10370263457298279,-0.18590405583381653,0.1174614429473877,-0.22812724113464355,-0.025475263595581055,-0.22188732028007507,0.01163029670715332,-0.2849521040916443,0.054202497005462646,-0.2704092264175415,0.08229878544807434,-0.23857718706130981,-0.0422259122133255,-0.23562002182006836,-0.025733083486557007,-0.34224826097488403,0.0037426352500915527,-0.4030056893825531,0.03336817026138306,-0.44275547564029694,-0.059586942195892334,-0.23180803656578064,-0.05678710341453552,-0.34444496035575867,-0.04004719853401184,-0.4136629104614258,-0.020700186491012573,-0.4640166759490967,-0.07296432554721832,-0.21574494242668152,-0.08786526322364807,-0.30304911732673645,-0.09164190292358398,-0.36904895305633545,-0.08726295828819275,-0.4240059107542038,OK
0.0,0.0,0.05153074860572815,-0.06442892551422119,0.07430216670036316,-0.11859357357025146,0.10131746530532837,-0.16502076387405396,0.12477481365203857,-0.21071597933769226,-0.01888859272003174,-0.21391251683235168,0.02138879895210266,-0.26939713954925537,0.06412315368652344,-0.25688838958740234,0.09324753284454346,-0.23097804188728333,-0.037028878927230835,-0.23026639223098755,-0.012868165969848633,-0.33742061257362366,0.02062895894050598,-0.3934561014175415,0.05367434024810791,-0.43106791377067566,-0.05293920636177063,-0.22996214032173157,-0.03891044855117798,-0.3439962565898895,-0.012543141841888428,-0.4131389856338501,0.013398319482803345,-0.46539901196956635,-0.06308352947235107,-0.21794995665550232,-0.07180629670619965,-0.31260740756988525,-0.07139097154140472,-0.3793244957923889,-0.06492705643177032,-0.43586163222789764,OK
0.0,0.0,0.05477118492126465,-0.06426960229873657,0.07898896932601929,-0.11476927995681763,0.10300347208976746,-0.15915584564208984,0.12390422821044922,-0.20688989758491516,-0.014567971229553223,-0.20970728993415833,0.017487436532974243,-0.2696719467639923,0.05861091613769531,-0.2572980225086212,0.08799517154693604,-0.22721129655838013,-0.0304584801197052,-0.2303943634033203,-0.008354097604751587,-0.3313581943511963,0.023028254508972168,-0.3910914957523346,0.053742408752441406,-0.4315009266138077,-0.047581493854522705,-0.2339659333229065,-0.036152154207229614,-0.3408736288547516,-0.012609601020812988,-0.40746229887008667,0.010197848081588745,-0.45719993114471436,-0.062023937702178955,-0.2247154414653778,-0.07072415947914124,-0.3160012364387512,-0.07069498300552368,-0.38081037998199463,-0.06493481993675232,-0.43560120463371277,OK
0.0,0.0,0.0545390248298645,-0.06555396318435669,0.0786530077457428,-0.1159433126449585,0.10329949855804443,-0.16004592180252075,0.12416982650756836,-0.20855006575584412,-0.016260802745819092,-0.20972201228141785,0.018105745315551758,-0.2709311842918396,0.059358805418014526,-0.2588288187980652,0.08852127194404602,-0.2290067970752716,-0.0319707989692688,-0.23008769750595093,-0.008834898471832275,-0.3316476345062256,0.022643089294433594,-0.3905174434185028,0.05282759666442871,-0.43009886145591736,-0.04873991012573242,-0.23340052366256714,-0.03619292378425598,-0.34026026725769043,-0.013198167085647583,-0.40692517161369324,0.00860491394996643,-0.45654718577861786,-0.06267455220222473,-0.2243024706840515,-0.0718066543340683,-0.31557726860046387,-0.07165315747261047,-0.38133591413497925,-0.06519743800163269,-0.4365536719560623,OK
0.0,0.0,0.0567832887172699,-0.06893450021743774,0.0816226601600647,-0.11941152811050415,0.1067112386226654,-0.1630697250366211,0.1280578076839447,-0.21388012170791626,-0.019452452659606934,-0.2072443664073944,0.017951399087905884,-0.2692975401878357,0.059959203004837036,-0.260318398475647,0.08968594670295715,-0.2327091097831726,-0.03431898355484009,-0.22903934121131897,-0.010541856288909912,-0.33546364307403564,0.022591054439544678,-0.3958243131637573,0.05494460463523865,-0.4326838403940201,-0.04924890398979187,-0.2338975965976715,-0.03892481327056885,-0.3442398011684418,-0.015365034341812134,-0.41223782300949097,0.0075470805168151855,-0.46017996966838837,-0.06051170825958252,-0.22730520367622375,-0.07229214906692505,-0.31860876083374023,-0.07120180130004883,-0.3847658336162567,-0.06325183808803558,-0.4386783242225647,OK
0.0,0.0,0.05549222230911255,-0.0639849305152893,0.08141511678695679,-0.11238384246826172,0.10534194111824036,-0.15645092725753784,0.12682682275772095,-0.20493748784065247,-0.01706346869468689,-0.20655405521392822,0.018720239400863647,-0.26725447177886963,0.0608830451965332,-0.25597697496414185,0.09072110056877136,-0.22539862990379333,-0.031908631324768066,-0.22779113054275513,-0.008894860744476318,-0.32946690917015076,0.023453176021575928,-0.3883209526538849,0.05469134449958801,-0.4258106052875519,-0.04783174395561218,-0.23219597339630127,-0.03845438361167908,-0.340399831533432,-0.014823168516159058,-0.4063567817211151,0.008136004209518433,-0.4536794573068619,-0.06119707226753235,-0.2240050733089447,-0.07078808546066284,-0.3137897551059723,-0.07067146897315979,-0.3786296248435974,-0.06487208604812622,-0.4324229210615158,OK
0.0,0.0,0.05608290433883667,-0.06644630432128906,0.0798804759979248,-0.11627548933029175,0.10335725545883179,-0.1594511866569519,0.12519273161888123,-0.2078590989112854,-0.017595291137695312,-0.206106036901474,0.01854988932609558,-0.26748406887054443,0.06073680520057678,-0.257291316986084,0.09035098552703857,-0.22785404324531555,-0.03305456042289734,-0.22742041945457458,-0.00963681936264038,-0.3306224048137665,0.022871077060699463,-0.3905895948410034,0.05409082770347595,-0.4290613383054733,-0.048995405435562134,-0.23180663585662842,-0.03851112723350525,-0.3406773805618286,-0.015210241079330444,-0.40747642517089844,0.007127434015274048,-0.45573896169662476,-0.06180697679519653,-0.22381511330604553,-0.0717102587223053,-0.31505781412124634,-0.07122883200645447,-0.38068827986717224,-0.06461387872695923,-0.43501825630664825,OK
0.0,0.0,0.054987430572509766,-0.06784158945083618,0.0782342255115509,-0.11855858564376831,0.10239160060882568,-0.16156959533691406,0.12390601634979248,-0.209625244140625,-0.016656309366226196,-0.21097546815872192,0.01758524775505066,-0.27056819200515747,0.058297961950302124,-0.2598753273487091,0.08688431978225708,-0.2295333445072174,-0.032642364501953125,-0.23201334476470947,-0.009596467018127441,-0.33278754353523254,0.022680729627609253,-0.3931584060192108,0.05372348427772522,-0.4317723512649536,-0.04946669936180115,-0.23590773344039917,-0.0398133248090744,-0.3442016839981079,-0.014993160963058472,-0.41088545322418213,0.009082287549972534,-0.4586709290742874,-0.06296813488006592,-0.2266930341720581,-0.07267215847969055,-0.3176310360431671,-0.07232910394668579,-0.38279712200164795,-0.06645199656486511,-0.4371906667947769,OK
0.0,0.0,0.05359750986099243,-0.06466907262802124,0.0774163007736206,-0.11461621522903442,0.10190853476524353,-0.157476544380188,0.12190747261047363,-0.20542466640472412,-0.018691450357437134,-0.20568692684173584,0.017059922218322754,-0.2649562656879425,0.058216482400894165,-0.25357308983802795,0.08714336156845093,-0.22415730357170105,-0.0340690016746521,-0.22592130303382874,-0.011589199304580688,-0.32773226499557495,0.020049691200256348,-0.38701823353767395,0.05057278275489807,-0.4264662265777588,-0.050388216972351074,-0.2295527160167694,-0.03962370753288269,-0.33840012550354004,-0.016283541917800903,-0.40512287616729736,0.006017237901687622,-0.45433270931243896,-0.06401440501213074,-0.22094696760177612,-0.0722227394580841,-0.3121464252471924,-0.07236811518669128,-0.37671706080436707,-0.06698243319988251,-0.4308975338935852,OK
0.0,0.0,0.054446518421173096,-0.06205344200134277,0.0780724287033081,-0.11147606372833252,0.10086649656295776,-0.15527969598770142,0.1214001476764679,-0.20361652970314026,-0.01609930396080017,-0.20301321148872375,0.01873287558555603,-0.2622135579586029,0.059404224157333374,-0.24984580278396606,0.08781307935714722,-0.21879184246063232,-0.03202095627784729,-0.22542253136634827,-0.009315520524978638,-0.3250187933444977,0.02324908971786499,-0.3848270773887634,0.05488252639770508,-0.42336975038051605,-0.04905614256858826,-0.2306579351425171,-0.0394112765789032,-0.33824941515922546,-0.014501005411148071,-0.4036550521850586,0.010073482990264893,-0.4501633793115616,-0.06329721212387085,-0.22314798831939697,-0.07336176931858063,-0.31413161754608154,-0.0721430629491806,-0.37905946373939514,-0.0641961395740509,-0.4318934977054596,OK
0.0,0.0,0.056070476770401,-0.06294363737106323,0.08037719130516052,-0.11295855045318604,0.10366582870483398,-0.15703749656677246,0.12473714351654053,-0.20483458042144775,-0.01374855637550354,-0.2061222791671753,0.02118527889251709,-0.2642054259777069,0.06219443678855896,-0.251596599817276,0.09053894877433777,-0.22015482187271118,-0.029934823513031006,-0.2274067997932434,-0.00787121057510376,-0.32819172739982605,0.024913787841796875,-0.38811683654785156,0.056643933057785034,-0.4262930899858475,-0.04712800681591034,-0.23153087496757507,-0.03780543804168701,-0.3400496542453766,-0.012985467910766602,-0.4064710736274719,0.011279791593551636,-0.4540273994207382,-0.06108903884887695,-0.22315660119056702,-0.07027971744537354,-0.3153250813484192,-0.06889909505844116,-0.3809775710105896,-0.06121242046356201,-0.4345811456441879,OK
0.0,0.0,0.05623757839202881,-0.06583648920059204,0.0807313323020935,-0.11836659908294678,0.10524830222129822,-0.16239893436431885,0.12669536471366882,-0.2077428698539734,-0.01686638593673706,-0.20801568031311035,0.021367281675338745,-0.26736217737197876,0.06297120451927185,-0.2560473680496216,0.09163770079612732,-0.2261011302471161,-0.03369837999343872,-0.227778822183609,-0.007953405380249023,-0.3333401381969452,0.02490505576133728,-0.39302074909210205,0.05633598566055298,-0.42969684302806854,-0.049243152141571045,-0.23108094930648804,-0.03720769286155701,-0.3419492840766907,-0.012677043676376343,-0.40951088070869446,0.010652720928192139,-0.4579944610595703,-0.060056835412979126,-0.2230684459209442,-0.06768044829368591,-0.31402069330215454,-0.06766985356807709,-0.3801373243331909,-0.06230470538139343,-0.4357334226369858,OK
0.0,0.0,0.05553290247917175,-0.06690704822540283,0.07990455627441406,-0.11797136068344116,0.10504251718521118,-0.1600019335746765,0.12455403804779053,-0.2061990201473236,-0.016885608434677124,-0.21008655428886414,0.019984811544418335,-0.26944154500961304,0.06204336881637573,-0.2562062740325928,0.09073343873023987,-0.22383618354797363,-0.03176414966583252,-0.22920066118240356,-0.007226377725601196,-0.33203086256980896,0.0253751277923584,-0.39216816425323486,0.05630826950073242,-0.42962172627449036,-0.0466923713684082,-0.23219075798988342,-0.033508121967315674,-0.3413257598876953,-0.008939653635025024,-0.4081651568412781,0.013757050037384033,-0.45576252043247223,-0.05735962092876434,-0.22357726097106934,-0.06387066841125488,-0.3154752850532532,-0.06473438441753387,-0.3800763189792633,-0.06124958395957947,-0.43340834975242615,OK
0.0,0.0,0.05388811230659485,-0.06615054607391357,0.0770438015460968,-0.1199115514755249,0.10313484072685242,-0.16226965188980103,0.12367302179336548,-0.2080325484275818,-0.027313917875289917,-0.20954030752182007,0.01587626338005066,-0.27094873785972595,0.06113937497138977,-0.2584473192691803,0.0909636914730072,-0.22715219855308533,-0.040157243609428406,-0.22785818576812744,-0.009487718343734741,-0.3319954574108124,0.025597363710403442,-0.38965144753456116,0.056937187910079956,-0.42543573677539825,-0.05031698942184448,-0.2315257489681244,-0.03194507956504822,-0.34363770484924316,-0.004924356937408447,-0.41038376092910767,0.01892179250717163,-0.4563717395067215,-0.055054664611816406,-0.22599375247955322,-0.06217946112155914,-0.31850069761276245,-0.06271195411682129,-0.3856991231441498,-0.05841723084449768,-0.44036103785037994,OK
0.0,0.0,0.05403575301170349,-0.060313642024993896,0.07823631167411804,-0.11769682168960571,0.10882893204689026,-0.1636873483657837,0.13842028379440308,-0.20669865608215332,-0.03617320954799652,-0.21382206678390503,0.020861834287643433,-0.2843506336212158,0.06930005550384521,-0.2632268965244293,0.09575971961021423,-0.2262100875377655,-0.050842687487602234,-0.2274736762046814,-0.008060276508331299,-0.34323906898498535,0.030957579612731934,-0.40378159284591675,0.06267404556274414,-0.44340433180332184,-0.05372251570224762,-0.22803911566734314,-0.022855043411254883,-0.3465012311935425,0.007284879684448242,-0.4172259569168091,0.03027161955833435,-0.46867844462394714,-0.044227778911590576,-0.2233024537563324,-0.04473569989204407,-0.3177810609340668,-0.046219855546951294,-0.38461458683013916,-0.044903382658958435,-0.44076280295848846,OK
0.0,0.0,0.05203413963317871,-0.06090676784515381,0.07519069314002991,-0.11926746368408203,0.10384270548820496,-0.1632242202758789,0.1319417953491211,-0.20305445790290833,-0.03656017780303955,-0.2155233919620514,0.01376846432685852,-0.28506791591644287,0.06218591332435608,-0.26710402965545654,0.0886889398097992,-0.22927066683769226,-0.051002562046051025,-0.22565197944641113,-0.010674476623535156,-0.3382751941680908,0.029742658138275146,-0.3988686203956604,0.061946094036102295,-0.4365879148244858,-0.05451031029224396,-0.2255854606628418,-0.02394324541091919,-0.34489989280700684,0.009427756071090698,-0.4135531187057495,0.03465321660041809,-0.459547683596611,-0.04681801795959473,-0.21981316804885864,-0.04866626858711243,-0.3171897232532501,-0.04718053340911865,-0.3855184316635132,-0.043002188205718994,-0.4400326609611511,OK
0.0,0.0,0.05361202359199524,-0.0553928017616272,0.07655927538871765,-0.11599278450012207,0.10657158493995667,-0.16414421796798706,0.13602671027183533,-0.2062189280986786,-0.03737008571624756,-0.2144773304462433,0.018502622842788696,-0.2887692153453827,0.06921237707138062,-0.26874840259552,0.09585762023925781,-0.22719481587409973,-0.05181238055229187,-0.22531533241271973,-0.007245659828186035,-0.34253451228141785,0.03587460517883301,-0.4034949541091919,0.0696817934513092,-0.43976663053035736,-0.052316367626190186,-0.22633618116378784,-0.021662220358848572,-0.3497684895992279,0.012851864099502563,-0.41970694065093994,0.03919684886932373,-0.4652005732059479,-0.040403544902801514,-0.22291743755340576,-0.04141271114349365,-0.32299160957336426,-0.039709627628326416,-0.3923763036727905,-0.03544236719608307,-0.4470757097005844,OK
0.0,0.0,0.05157795548439026,-0.06999129056930542,0.07115548849105835,-0.1272439956665039,0.10032221674919128,-0.17028409242630005,0.13223937153816223,-0.20719462633132935,-0.039946332573890686,-0.22247380018234253,0.0030600428581237793,-0.306710422039032,0.049899518489837646,-0.30990785360336304,0.0795082151889801,-0.2935224771499634,-0.05342857539653778,-0.23329606652259827,-0.01177436113357544,-0.34829509258270264,0.029228776693344116,-0.407063364982605,0.06101140379905701,-0.44166336953639984,-0.053762227296829224,-0.23262980580329895,-0.01981581747531891,-0.3511343002319336,0.015051186084747314,-0.4165443181991577,0.040385276079177856,-0.4584056884050369,-0.0415743887424469,-0.22750720381736755,-0.041375190019607544,-0.3244187831878662,-0.04101903736591339,-0.39284205436706543,-0.0382205992937088,-0.4480762928724289,OK
0.0,0.0,0.04905471205711365,-0.06777900457382202,0.06676104664802551,-0.12171024084091187,0.09496158361434937,-0.16083967685699463,0.12611576914787292,-0.19566881656646729,-0.04459591209888458,-0.2061671018600464,0.008612722158432007,-0.2747330665588379,0.058763355016708374,-0.25929272174835205,0.08754077553749084,-0.22652950882911682,-0.05658698081970215,-0.22092580795288086,-0.013595044612884521,-0.33382648229599,0.02513548731803894,-0.39311376214027405,0.056569904088974,-0.4297545850276947,-0.05719350278377533,-0.22393101453781128,-0.023600339889526367,-0.3442300260066986,0.00838327407836914,-0.4087599515914917,0.031762897968292236,-0.4506741911172867,-0.04570049047470093,-0.22292658686637878,-0.04637487232685089,-0.31757980585098267,-0.04608680307865143,-0.3827490210533142,-0.042623668909072876,-0.4361328184604645,OK
0.0,0.0,0.05221351981163025,-0.07116395235061646,0.06834596395492554,-0.1265547275543213,0.0953223705291748,-0.16670411825180054,0.1261102855205536,-0.2008805274963379,-0.04975789785385132,-0.20807334780693054,0.002716660499572754,-0.28104209899902344,0.05388495326042175,-0.26827922463417053,0.08455303311347961,-0.23528870940208435,-0.06172320246696472,-0.22079992294311523,-0.016529977321624756,-0.34032079577445984,0.024398982524871826,-0.40175455808639526,0.057670146226882935,-0.4380795657634735,-0.05987873673439026,-0.2219577431678772,-0.023964181542396545,-0.3469506800174713,0.009657561779022217,-0.41651666164398193,0.03397005796432495,-0.4614945352077484,-0.04406321048736572,-0.22026914358139038,-0.0445486456155777,-0.3186284005641937,-0.04419749975204468,-0.3849487006664276,-0.04101592302322388,-0.43900781869888306,OK
0.0,0.0,0.05172714591026306,-0.07017439603805542,0.07008805871009827,-0.12506502866744995,0.09703108668327332,-0.16349297761917114,0.12539249658584595,-0.20208662748336792,-0.040067970752716064,-0.2056279182434082,0.00980791449546814,-0.2689070701599121,0.05703195929527283,-0.2565271258354187,0.08606752753257751,-0.2260003387928009,-0.05406017601490021,-0.21913805603981018,-0.015116184949874878,-0.333193302154541,0.020900577306747437,-0.39526790380477905,0.05209055542945862,-0.43459099531173706,-0.05795162916183472,-0.22141700983047485,-0.02535998821258545,-0.3438183665275574,0.0055370032787323,-0.4130346179008484,0.029671132564544678,-0.4582172781229019,-0.050523072481155396,-0.2188938558101654,-0.05084499716758728,-0.3139096200466156,-0.050613269209861755,-0.378953754901886,-0.04791468381881714,-0.43228597939014435,OK
0.0,0.0,0.053627967834472656,-0.06769013404846191,0.0712064802646637,-0.1254379153251648,0.09943640232086182,-0.16554850339889526,0.1309155523777008,-0.2039104402065277,-0.04276461899280548,-0.21496516466140747,0.013597071170806885,-0.2797219157218933,0.062429845333099365,-0.26120617985725403,0.08979496359825134,-0.22214773297309875,-0.05549013614654541,-0.2241760492324829,-0.013450473546981812,-0.33962786197662354,0.026722073554992676,-0.4020836651325226,0.06059056520462036,-0.4409182071685791,-0.05618515610694885,-0.22315040230751038,-0.024406254291534424,-0.34621676802635193,0.007416069507598877,-0.41573768854141235,0.03224301338195801,-0.4614635854959488,-0.0434248149394989,-0.21957910060882568,-0.04433244466781616,-0.316489040851593,-0.04447105526924133,-0.3837403655052185,-0.04230046272277832,-0.4377555251121521,OK
0.0,0.0,0.050882965326309204,-0.05915790796279907,0.07737484574317932,-0.11751437187194824,0.1018582284450531,-0.1614794135093689,0.1174020767211914,-0.2007770538330078,-0.002340942621231079,-0.2041369080543518,0.02399250864982605,-0.25267013907432556,0.05973702669143677,-0.2464596927165985,0.08521232008934021,-0.22646820545196533,-0.023259639739990234,-0.22314050793647766,-0.007607102394104004,-0.3205699920654297,0.020834237337112427,-0.3747748136520386,0.04990115761756897,-0.41044509410858154,-0.04747575521469116,-0.22535952925682068,-0.04306754469871521,-0.33141499757766724,-0.021057814359664917,-0.39749717712402344,0.002252250909805298,-0.44758428633213043,-0.0706154853105545,-0.21322718262672424,-0.08295664191246033,-0.30263006687164307,-0.08370652794837952,-0.36743026971817017,-0.0775236189365387,-0.4221963435411453,OK
0.0,0.0,0.06218993663787842,-0.05548524856567383,0.09019032120704651,-0.11653697490692139,0.11285805702209473,-0.16706067323684692,0.12931999564170837,-0.21472156047821045,0.013989001512527466,-0.2065722644329071,0.03129848837852478,-0.2594485580921173,0.061545491218566895,-0.25273191928863525,0.0839979350566864,-0.23161917924880981,-0.01309475302696228,-0.22787940502166748,-0.0024459362030029297,-0.31843626499176025,0.024715393781661987,-0.3761390447616577,0.052190184593200684,-0.42011234164237976,-0.04503759741783142,-0.2312239110469818,-0.047442883253097534,-0.32826533913612366,-0.030193090438842773,-0.3939396142959595,-0.00951850414276123,-0.44645994901657104,-0.07622316479682922,-0.2208147943019867,-0.09198224544525146,-0.30168575048446655,-0.09208875894546509,-0.3615184426307678,-0.08459252119064331,-0.41267159581184387,OK
0.0,0.0,0.06381627917289734,-0.05569368600845337,0.09278756380081177,-0.11464548110961914,0.11604166030883789,-0.16640543937683105,0.13338685035705566,-0.21700212359428406,0.011060267686843872,-0.2069641649723053,0.03377208113670349,-0.2606651782989502,0.06468081474304199,-0.25409606099128723,0.08584409952163696,-0.2299567461013794,-0.014683783054351807,-0.23044320940971375,-0.001828521490097046,-0.32166117429733276,0.026371270418167114,-0.3814235329627991,0.05435529351234436,-0.42608503997325897,-0.04529276490211487,-0.23471704125404358,-0.045955270528793335,-0.3333863317966461,-0.028000295162200928,-0.40113565325737,-0.0061415135860443115,-0.45318157970905304,-0.07468697428703308,-0.22370144724845886,-0.08891336619853973,-0.3063732981681824,-0.08762678503990173,-0.3684120774269104,-0.07805535197257996,-0.4189993739128113,OK
0.0,0.0,0.06401115655899048,-0.04844403266906738,0.0994156002998352,-0.10370153188705444,0.12416130304336548,-0.16131341457366943,0.14159747958183289,-0.21802088618278503,0.021502166986465454,-0.1995391845703125,0.043539345264434814,-0.2553485631942749,0.07433217763900757,-0.25022679567337036,0.0995626151561737,-0.22835206985473633,-0.007208436727523804,-0.22591635584831238,0.005140125751495361,-0.3176139295101166,0.03284326195716858,-0.3759896755218506,0.061476320028305054,-0.42340028285980225,-0.0400998592376709,-0.23211407661437988,-0.038956254720687866,-0.3271973133087158,-0.021530449390411377,-0.39264219999313354,0.0007871389389038086,-0.446077436208725,-0.07300946116447449,-0.22386085987091064,-0.08569243550300598,-0.30171746015548706,-0.08359551429748535,-0.3592733144760132,-0.07370102405548096,-0.4085293710231781,OK
0.0,0.0,0.07112538814544678,-0.04136240482330322,0.11400094628334045,-0.08946418762207031,0.13735085725784302,-0.15292435884475708,0.1485835313796997,-0.2214198112487793,0.03702226281166077,-0.1812877655029297,0.0673171877861023,-0.24132195115089417,0.09643355011940002,-0.24635133147239685,0.12225443124771118,-0.22657927870750427,0.004609137773513794,-0.2130667269229889,0.020211517810821533,-0.3102545142173767,0.048876553773880005,-0.368902325630188,0.0792962908744812,-0.41517627239227295,-0.029318898916244507,-0.22270166873931885,-0.02680349349975586,-0.31906038522720337,-0.007532715797424316,-0.3824707269668579,0.016655385494232178,-0.43230125308036804,-0.06352320313453674,-0.2177613079547882,-0.07275807857513428,-0.29335883259773254,-0.06830751895904541,-0.348743736743927,-0.05694228410720825,-0.39487287402153015,OK
0.0,0.0,0.07541972398757935,-0.036119043827056885,0.12028104066848755,-0.08172911405563354,0.14394181966781616,-0.14830052852630615,0.15836283564567566,-0.2167740762233734,0.03998884558677673,-0.17611148953437805,0.07307416200637817,-0.23783007264137268,0.10342967510223389,-0.24165374040603638,0.12879204750061035,-0.21989765763282776,0.0091477632522583,-0.20776879787445068,0.029059290885925293,-0.3036746382713318,0.05819353461265564,-0.3634856939315796,0.08841696381568909,-0.4118267297744751,-0.024083346128463745,-0.21855470538139343,-0.018630921840667725,-0.3139217495918274,-0.0007408857345581055,-0.3794354498386383,0.021416276693344116,-0.4326482117176056,-0.05856747925281525,-0.2142619490623474,-0.06716543436050415,-0.2896820902824402,-0.06308001279830933,-0.3448548913002014,-0.051363542675971985,-0.3909047245979309,OK
0.0,0.0,0.07708951830863953,-0.039379239082336426,0.12054949998855591,-0.08378720283508301,0.1383538544178009,-0.14883840084075928,0.15348878502845764,-0.21579623222351074,0.03972512483596802,-0.17532911896705627,0.07076746225357056,-0.23471644520759583,0.10027632117271423,-0.23808085918426514,0.12558123469352722,-0.2162657380104065,0.008754163980484009,-0.20617321133613586,0.02793198823928833,-0.30156049132347107,0.056491732597351074,-0.3595084547996521,0.08700674772262573,-0.40783149003982544,-0.024209588766098022,-0.2168341875076294,-0.01800355315208435,-0.31122469902038574,0.00023162364959716797,-0.3774193823337555,0.02294868230819702,-0.43241432309150696,-0.05836859345436096,-0.2121785283088684,-0.06809860467910767,-0.28869548439979553,-0.06266212463378906,-0.34318986535072327,-0.04909816384315491,-0.3894326090812683,OK
0.0,0.0,0.07764846086502075,-0.038059890270233154,0.12006869912147522,-0.0816156268119812,0.13856452703475952,-0.14698386192321777,0.15369144082069397,-0.21390223503112793,0.0393405556678772,-0.17358437180519104,0.06872785091400146,-0.23375645279884338,0.09800741076469421,-0.2389281988143921,0.12361365556716919,-0.21922925114631653,0.008271992206573486,-0.20504766702651978,0.027500450611114502,-0.29916077852249146,0.05599850416183472,-0.35723060369491577,0.08635765314102173,-0.40454697608947754,-0.024940431118011475,-0.2162853181362152,-0.0176527202129364,-0.3113618493080139,0.0002383589744567871,-0.3768755793571472,0.022296041250228882,-0.4311373680830002,-0.059444427490234375,-0.21145230531692505,-0.0675516426563263,-0.2884936034679413,-0.0626908540725708,-0.34360480308532715,-0.04998096823692322,-0.3903992772102356,OK
0.0,0.0,0.0791146457195282,-0.04040592908859253,0.1214996874332428,-0.08471482992172241,0.14217010140419006,-0.14982527494430542,0.155836820602417,-0.21803393959999084,0.04043322801589966,-0.17592960596084595,0.07292583584785461,-0.23858648538589478,0.10333001613616943,-0.2416502833366394,0.12798172235488892,-0.2194153070449829,0.009471893310546875,-0.20747417211532593,0.02833881974220276,-0.3031598627567291,0.05822020769119263,-0.36254987120628357,0.08894091844558716,-0.40833064913749695,-0.02354845404624939,-0.21780052781105042,-0.01847320795059204,-0.31313902139663696,0.00035816431045532227,-0.3795229196548462,0.022924423217773438,-0.4333176910877228,-0.057316482067108154,-0.21231991052627563,-0.06567959487438202,-0.2897435128688812,-0.061006903648376465,-0.345658540725708,-0.04865391552448273,-0.3919692039489746,OK
0.0,0.0,0.07527479529380798,-0.03668147325515747,0.1187700629234314,-0.08063435554504395,0.13975751399993896,-0.14515268802642822,0.1552046835422516,-0.211829274892807,0.03779330849647522,-0.1760033369064331,0.06830558180809021,-0.23387208580970764,0.09858351945877075,-0.23714277148246765,0.12403690814971924,-0.2189563810825348,0.0077013373374938965,-0.20691755414009094,0.027048051357269287,-0.3009760081768036,0.05624520778656006,-0.35815373063087463,0.08668172359466553,-0.40581586956977844,-0.025165677070617676,-0.21759822964668274,-0.018689602613449097,-0.3124202787876129,-0.0001855790615081787,-0.3773157596588135,0.022371500730514526,-0.43140311539173126,-0.0589265376329422,-0.212774395942688,-0.06717628240585327,-0.289093554019928,-0.06287083029747009,-0.3442152738571167,-0.051446110010147095,-0.3916255235671997,OK
0.0,0.0,0.07034984230995178,-0.04385858774185181,0.10817065834999084,-0.09342479705810547,0.1311449110507965,-0.15149354934692383,0.14948195219039917,-0.20972231030464172,0.03152060508728027,-0.18340972065925598,0.05894815921783447,-0.23752519488334656,0.08893820643424988,-0.23551616072654724,0.11265459656715393,-0.21407803893089294,0.0019831061363220215,-0.21130836009979248,0.01801207661628723,-0.30373018980026245,0.04613193869590759,-0.36012181639671326,0.07575789093971252,-0.40629684925079346,-0.03136986494064331,-0.21945986151695251,-0.026330411434173584,-0.3142886757850647,-0.008577108383178711,-0.3804173469543457,0.014402776956558228,-0.43419891595840454,-0.06466469168663025,-0.21206584572792053,-0.07458660006523132,-0.2908143997192383,-0.07048940658569336,-0.34714698791503906,-0.057414501905441284,-0.3927101492881775,OK
0.0,0.0,0.07090258598327637,-0.04525655508041382,0.10884541273117065,-0.09483200311660767,0.132892906665802,-0.15355825424194336,0.1500871479511261,-0.21462929248809814,0.030927926301956177,-0.1873210072517395,0.058758556842803955,-0.240240216255188,0.08886131644248962,-0.23982656002044678,0.11292508244514465,-0.21856865286827087,0.0010305941104888916,-0.2151103913784027,0.01750585436820984,-0.3071487843990326,0.04601606726646423,-0.3642042875289917,0.07646843791007996,-0.41012775897979736,-0.03253293037414551,-0.22268900275230408,-0.026901423931121826,-0.31821393966674805,-0.008680284023284912,-0.38395407795906067,0.014882892370223999,-0.43671727180480957,-0.06606316566467285,-0.21439772844314575,-0.07561537623405457,-0.29591622948646545,-0.07045787572860718,-0.3537496328353882,-0.05578838288784027,-0.39968204498291016,OK
0.0,0.0,0.060355424880981445,-0.05415862798690796,0.0929185152053833,-0.10952216386795044,0.11856076121330261,-0.16174519062042236,0.13824066519737244,-0.21348446607589722,0.013839811086654663,-0.194045752286911,0.04317581653594971,-0.24637916684150696,0.07551649212837219,-0.24202582240104675,0.0992414653301239,-0.2189471423625946,-0.010034382343292236,-0.21957778930664062,0.009084880352020264,-0.30973196029663086,0.03872755169868469,-0.36761853098869324,0.06782501935958862,-0.4114338457584381,-0.03832891583442688,-0.22682002186775208,-0.03154394030570984,-0.32461655139923096,-0.011926651000976562,-0.39169976115226746,0.010906189680099487,-0.44239500164985657,-0.06672340631484985,-0.219333678483963,-0.07862065732479095,-0.30069392919540405,-0.07458660006523132,-0.3605607748031616,-0.06200118362903595,-0.4064748287200928,OK
0.0,0.0,0.056052982807159424,-0.06438308954238892,0.08311587572097778,-0.12446796894073486,0.10966789722442627,-0.16699087619781494,0.12590497732162476,-0.20714980363845825,-0.007436960935592651,-0.2093687355518341,0.031865060329437256,-0.26047396659851074,0.06789836287498474,-0.24411457777023315,0.08923429250717163,-0.21368157863616943,-0.025728046894073486,-0.22817477583885193,-0.003937482833862305,-0.32025304436683655,0.0252549946308136,-0.37690430879592896,0.05256927013397217,-0.4161338806152344,-0.046231165528297424,-0.22916626930236816,-0.038933008909225464,-0.3310767412185669,-0.018432557582855225,-0.39703136682510376,0.003460019826889038,-0.44485244154930115,-0.06378054618835449,-0.2149885594844818,-0.07429799437522888,-0.30001387000083923,-0.07404769957065582,-0.36432546377182007,-0.06618648767471313,-0.41501185297966003,OK
0.0,0.0,0.053182005882263184,-0.06678050756454468,0.07791465520858765,-0.12385469675064087,0.10459354519844055,-0.16620606184005737,0.12283959984779358,-0.20880761742591858,-0.014793694019317627,-0.2078920304775238,0.020712554454803467,-0.2652406096458435,0.06026068329811096,-0.2509484887123108,0.08420401811599731,-0.22092223167419434,-0.03150373697280884,-0.22588446736335754,-0.013229459524154663,-0.32402777671813965,0.016367286443710327,-0.3790804147720337,0.043393999338150024,-0.41350214183330536,-0.05046886205673218,-0.22696956992149353,-0.04437747597694397,-0.33220505714416504,-0.023783832788467407,-0.39711958169937134,-0.003397226333618164,-0.44335217773914337,-0.06672623753547668,-0.21398857235908508,-0.0781058669090271,-0.29777899384498596,-0.07817067205905914,-0.3609423041343689,-0.07244150340557098,-0.41229385137557983,OK
0.0,0.0,0.05218276381492615,-0.06772661209106445,0.07644009590148926,-0.12155956029891968,0.10107579827308655,-0.16189223527908325,0.11737218499183655,-0.20429259538650513,-0.010875850915908813,-0.20651036500930786,0.018225491046905518,-0.259225457906723,0.05593022704124451,-0.24750372767448425,0.08095154166221619,-0.22288769483566284,-0.029252946376800537,-0.22401773929595947,-0.013287901878356934,-0.3225499093532562,0.014889746904373169,-0.37619131803512573,0.042378395795822144,-0.4087822735309601,-0.05021566152572632,-0.2247658669948578,-0.04559418559074402,-0.32994192838668823,-0.02521491050720215,-0.39377152919769287,-0.004287153482437134,-0.4387764632701874,-0.06884518265724182,-0.21148288249969482,-0.08238904178142548,-0.2972981929779053,-0.08250084519386292,-0.35990822315216064,-0.0754578709602356,-0.4104877710342407,OK
0.0,0.0,0.05511561036109924,-0.07300406694412231,0.08027991652488708,-0.12824445962905884,0.10625872015953064,-0.1752052903175354,0.1230526864528656,-0.22716379165649414,-0.0214444100856781,-0.20570403337478638,0.016727745532989502,-0.26997825503349304,0.057427555322647095,-0.26021865010261536,0.08354979753494263,-0.23255044221878052,-0.0378400981426239,-0.22451332211494446,-0.01859140396118164,-0.32961055636405945,0.01131504774093628,-0.39126622676849365,0.03898954391479492,-0.4314848482608795,-0.055541157722473145,-0.22577625513076782,-0.0494227409362793,-0.33450013399124146,-0.030087321996688843,-0.40347930788993835,-0.01106223464012146,-0.454280361533165,-0.07046189904212952,-0.21387121081352234,-0.08443231880664825,-0.29872649908065796,-0.0863598883152008,-0.36455267667770386,-0.08191382884979248,-0.42021411657333374,OK
0.0,0.0,0.05052083730697632,-0.07236909866333008,0.07526195049285889,-0.13191258907318115,0.1003824770450592,-0.18082210421562195,0.11429467797279358,-0.23119226098060608,-0.02180495858192444,-0.21331378817558289,0.01032942533493042,-0.2753373384475708,0.04998162388801575,-0.2674655318260193,0.07768449187278748,-0.24216654896736145,-0.04063349962234497,-0.2297760546207428,-0.026769042015075684,-0.33412298560142517,0.0017168521881103516,-0.3949585556983948,0.030137479305267334,-0.43490006029605865,-0.061060309410095215,-0.22697412967681885,-0.05899783968925476,-0.3328617215156555,-0.04041635990142822,-0.4011429250240326,-0.020282387733459473,-0.4506237953901291,-0.07865329086780548,-0.20983567833900452,-0.09578719735145569,-0.29687416553497314,-0.09754057228565216,-0.3620663583278656,-0.0909801721572876,-0.4155876636505127,OK
0.0,0.0,0.0496537983417511,-0.07344549894332886,0.07463902235031128,-0.1337708830833435,0.10001993179321289,-0.18119242787361145,0.112647145986557,-0.22979137301445007,-0.02276325225830078,-0.21489942073822021,0.009544581174850464,-0.27650123834609985,0.049681127071380615,-0.26583540439605713,0.07824140787124634,-0.2389826476573944,-0.04144379496574402,-0.23048943281173706,-0.028341829776763916,-0.33473479747772217,-0.00015869736671447754,-0.3934229612350464,0.028964191675186157,-0.43115924298763275,-0.06174458563327789,-0.22639134526252747,-0.06078079342842102,-0.3338572382926941,-0.042251914739608765,-0.401372492313385,-0.021326333284378052,-0.44986891746520996,-0.07895669341087341,-0.20760676264762878,-0.09685014188289642,-0.2949046790599823,-0.099617600440979,-0.360895574092865,-0.09345141053199768,-0.4146808981895447,OK
0.0,0.0,0.050016194581985474,-0.07055747509002686,0.07214009761810303,-0.13756918907165527,0.09084400534629822,-0.19611552357673645,0.10282793641090393,-0.2544991970062256,-0.025933116674423218,-0.2137683928012848,-0.0004988312721252441,-0.2839866876602173,0.03719264268875122,-0.2820785641670227,0.06542471051216125,-0.26006537675857544,-0.05101442337036133,-0.2312362790107727,-0.044824063777923584,-0.3296371102333069,-0.021588921546936035,-0.3980606496334076,0.002151697874069214,-0.4516082853078842,-0.07642212510108948,-0.22611764073371887,-0.08789387345314026,-0.3247385323047638,-0.08013978600502014,-0.39793404936790466,-0.06682676076889038,-0.4572596400976181,-0.0987347960472107,-0.20378035306930542,-0.1247788816690445,-0.2792842388153076,-0.13393796980381012,-0.34093350172042847,-0.1332852840423584,-0.39497581124305725,OK
0.0,0.0,0.04904377460479736,-0.06686949729919434,0.07267865538597107,-0.13133931159973145,0.09085816144943237,-0.19350704550743103,0.10172620415687561,-0.25570428371429443,-0.027870476245880127,-0.20721471309661865,-0.0029675960540771484,-0.28064122796058655,0.03290128707885742,-0.28246545791625977,0.061042457818984985,-0.26278120279312134,-0.05605047941207886,-0.22500866651535034,-0.051431238651275635,-0.32599782943725586,-0.02955111861228943,-0.3941088616847992,-0.007486671209335327,-0.44980235397815704,-0.08383837342262268,-0.2185930609703064,-0.09892240166664124,-0.31920310854911804,-0.0929555594921112,-0.3916647732257843,-0.08138380944728851,-0.4528016448020935,-0.10763765871524811,-0.1940421760082245,-0.13505975902080536,-0.27014127373695374,-0.14594344794750214,-0.3310948610305786,-0.14833420515060425,-0.38591939210891724,OK
0.0,0.0,0.04719310998916626,-0.06684225797653198,0.0709448754787445,-0.13132202625274658,0.0897420346736908,-0.192796528339386,0.0986553430557251,-0.2535402476787567,-0.028226882219314575,-0.20579734444618225,-0.003738880157470703,-0.2757420241832733,0.0316312313079834,-0.2769664525985718,0.05877673625946045,-0.257937490940094,-0.056934893131256104,-0.2226678431034088,-0.05347931385040283,-0.3226555287837982,-0.03227287530899048,-0.3910541534423828,-0.010720252990722656,-0.4467983841896057,-0.08522723615169525,-0.21550145745277405,-0.10078024864196777,-0.3159857392311096,-0.09424358606338501,-0.3870672285556793,-0.08219829201698303,-0.44628241658210754,-0.10959714651107788,-0.19061943888664246,-0.1372072696685791,-0.2670276165008545,-0.14741632342338562,-0.32816600799560547,-0.14902044832706451,-0.3827916383743286,OK
0.0,0.0,0.049072325229644775,-0.06700760126113892,0.0740753710269928,-0.13461631536483765,0.092801034450531,-0.19835659861564636,0.09913820028305054,-0.258674681186676,-0.02601572871208191,-0.20754459500312805,-0.0022324323654174805,-0.2778093218803406,0.032627999782562256,-0.28181546926498413,0.05989193916320801,-0.26552990078926086,-0.05542603135108948,-0.22246158123016357,-0.0537601113319397,-0.32389914989471436,-0.034225642681121826,-0.3940328359603882,-0.014332503080368042,-0.45118604600429535,-0.08367347717285156,-0.21306023001670837,-0.10212486982345581,-0.3120754361152649,-0.09891301393508911,-0.38531070947647095,-0.09026853740215302,-0.44776101410388947,-0.10744635760784149,-0.18635129928588867,-0.1362987756729126,-0.2617036700248718,-0.14896191656589508,-0.3225224018096924,-0.15355843305587769,-0.3776279091835022,OK
0.0,0.0,0.047731250524520874,-0.06680035591125488,0.07239639759063721,-0.13409066200256348,0.0910024642944336,-0.19702723622322083,0.09856891632080078,-0.25914835929870605,-0.028907716274261475,-0.20416969060897827,-0.005233258008956909,-0.2781527042388916,0.030192196369171143,-0.2809445261955261,0.05732831358909607,-0.26250994205474854,-0.057572126388549805,-0.2198968529701233,-0.05424952507019043,-0.32197311520576477,-0.034578919410705566,-0.39222171902656555,-0.015307486057281494,-0.45061391592025757,-0.08548864722251892,-0.21159347891807556,-0.10351219773292542,-0.3121826648712158,-0.1006508320569992,-0.38636714220046997,-0.09211048483848572,-0.44925110042095184,-0.1095811128616333,-0.18584707379341125,-0.14010915160179138,-0.26174789667129517,-0.15332794189453125,-0.323547899723053,-0.15742133557796478,-0.37858474254608154,OK
0.0,0.0,0.048155397176742554,-0.07052254676818848,0.07096859812736511,-0.13955414295196533,0.08556407690048218,-0.20440641045570374,0.09324488043785095,-0.26639509201049805,-0.03154769539833069,-0.2076776623725891,-0.009527891874313354,-0.2808839678764343,0.02623078227043152,-0.2853550910949707,0.05453798174858093,-0.2673662602901459,-0.06263965368270874,-0.22135582566261292,-0.06593340635299683,-0.3199707269668579,-0.04846110939979553,-0.3903542160987854,-0.03049015998840332,-0.4491474777460098,-0.09141489863395691,-0.2100229263305664,-0.11431765556335449,-0.30465859174728394,-0.1148415207862854,-0.37832579016685486,-0.10831700265407562,-0.442290797829628,-0.11569666862487793,-0.18020352721214294,-0.1485128402709961,-0.25099095702171326,-0.16477787494659424,-0.30961090326309204,-0.17209593951702118,-0.3629189133644104,OK
0.0,0.0,0.04819336533546448,-0.07222580909729004,0.07075676321983337,-0.14030027389526367,0.08687415719032288,-0.20554974675178528,0.0949871838092804,-0.2679528594017029,-0.031957417726516724,-0.2076576054096222,-0.011040598154067993,-0.28471580147743225,0.024164706468582153,-0.2875264286994934,0.052053093910217285,-0.2663741707801819,-0.06296196579933167,-0.22049975395202637,-0.06502664089202881,-0.3190714120864868,-0.047317445278167725,-0.39017295837402344,-0.02939268946647644,-0.449659988284111,-0.09190252423286438,-0.20797893404960632,-0.11544853448867798,-0.30436480045318604,-0.11603045463562012,-0.3774563670158386,-0.1097293496131897,-0.44131749868392944,-0.11597371101379395,-0.17738988995552063,-0.14834299683570862,-0.24827510118484497,-0.16443182528018951,-0.3072630763053894,-0.1719263345003128,-0.3618994951248169,OK
0.0,0.0,0.04765748977661133,-0.07326000928878784,0.07058355212211609,-0.13901394605636597,0.08668884634971619,-0.2034318447113037,0.09286382794380188,-0.266510009765625,-0.03152960538864136,-0.20397883653640747,-0.010918229818344116,-0.28012651205062866,0.02469027042388916,-0.2849224805831909,0.05295857787132263,-0.26701000332832336,-0.062418729066848755,-0.21681749820709229,-0.064415842294693,-0.3169967532157898,-0.045997411012649536,-0.3886779844760895,-0.028029561042785645,-0.4484419971704483,-0.09125056862831116,-0.20419636368751526,-0.11479388177394867,-0.3012041747570038,-0.11493344604969025,-0.3765617609024048,-0.10897225141525269,-0.44179190695285797,-0.11515837907791138,-0.1744777262210846,-0.149825319647789,-0.2482549250125885,-0.1668783575296402,-0.30955126881599426,-0.17457056045532227,-0.36531394720077515,OK
0.0,0.0,0.0478668212890625,-0.07358807325363159,0.07073307037353516,-0.13922417163848877,0.0873744785785675,-0.20361965894699097,0.09428137540817261,-0.2658901810646057,-0.03178608417510986,-0.20258638262748718,-0.01076596975326538,-0.2779618203639984,0.024737685918807983,-0.2834622859954834,0.05300530791282654,-0.2664344310760498,-0.06270822882652283,-0.2153501808643341,-0.06466341018676758,-0.3151610493659973,-0.04616212844848633,-0.38791611790657043,-0.028072655200958252,-0.4485161304473877,-0.0913497656583786,-0.20305007696151733,-0.11443416774272919,-0.30070436000823975,-0.1146138608455658,-0.37675753235816956,-0.10894590616226196,-0.4422772228717804,-0.11489090323448181,-0.17394939064979553,-0.14894509315490723,-0.24837210774421692,-0.16544455289840698,-0.31014013290405273,-0.17272455990314484,-0.36645272374153137,OK
0.0,0.0,0.04505249857902527,-0.06953942775726318,0.06814166903495789,-0.13750755786895752,0.08693653345108032,-0.20123136043548584,0.09361520409584045,-0.2614836096763611,-0.034878700971603394,-0.2048206925392151,-0.01017850637435913,-0.2806389331817627,0.02606409788131714,-0.2837022840976715,0.053902655839920044,-0.26381251215934753,-0.064246267080307,-0.219087153673172,-0.06441128253936768,-0.31956079602241516,-0.0465853214263916,-0.39103204011917114,-0.028322607278823853,-0.4485576003789902,-0.09145843982696533,-0.2089507281780243,-0.11217471957206726,-0.30658605694770813,-0.11047166585922241,-0.3797331750392914,-0.10231760144233704,-0.4404659569263458,-0.1139238178730011,-0.1821436583995819,-0.14516085386276245,-0.2548403739929199,-0.1589243859052658,-0.3144361078739166,-0.1631205677986145,-0.36769044399261475,OK
0.0,0.0,0.044817835092544556,-0.07291239500045776,0.0676712691783905,-0.1401851773262024,0.08769893646240234,-0.1949600875377655,0.0949106514453888,-0.24791491031646729,-0.027744919061660767,-0.20797282457351685,-0.0019483864307403564,-0.2739749252796173,0.03324487805366516,-0.274456262588501,0.060820072889328,-0.2558647096157074,-0.05449414253234863,-0.22162532806396484,-0.04972228407859802,-0.32118338346481323,-0.03089851140975952,-0.38737058639526367,-0.009832769632339478,-0.43901054561138153,-0.08170947432518005,-0.21308624744415283,-0.0942726731300354,-0.3123846650123596,-0.08743292093276978,-0.37991875410079956,-0.07514038681983948,-0.43425336480140686,-0.10567547380924225,-0.18786489963531494,-0.13171157240867615,-0.26062294840812683,-0.14398622512817383,-0.31709277629852295,-0.14805026352405548,-0.3664822578430176,OK
0.0,0.0,0.04446527361869812,-0.07110565900802612,0.0668070912361145,-0.13803237676620483,0.08746188879013062,-0.19153732061386108,0.09575080871582031,-0.2446955442428589,-0.031144320964813232,-0.20516729354858398,-0.005189806222915649,-0.2744055688381195,0.03238937258720398,-0.27285248041152954,0.06056293845176697,-0.25203052163124084,-0.05634433031082153,-0.21957188844680786,-0.05155697464942932,-0.3195521831512451,-0.0314406156539917,-0.3867548108100891,-0.01044657826423645,-0.43890300393104553,-0.08203789591789246,-0.21148830652236938,-0.09524336457252502,-0.31028667092323303,-0.08932091295719147,-0.37971365451812744,-0.07844318449497223,-0.4357762336730957,-0.10407766699790955,-0.18621826171875,-0.12983042001724243,-0.2587825059890747,-0.14156468212604523,-0.3163253664970398,-0.1452624499797821,-0.3665812611579895,OK
0.0,0.0,0.041225969791412354,-0.03780698776245117,0.059793680906295776,-0.09785550832748413,0.07126709818840027,-0.13838854432106018,0.08493655920028687,-0.1686142086982727,-0.016615569591522217,-0.16034767031669617,0.00871574878692627,-0.20920774340629578,0.04498356580734253,-0.21121996641159058,0.07456672191619873,-0.19850406050682068,-0.04016202688217163,-0.1718122363090515,-0.025953948497772217,-0.25530678033828735,-0.001401662826538086,-0.3143985867500305,0.022097885608673096,-0.36395977437496185,-0.06425140798091888,-0.16463440656661987,-0.06613112986087799,-0.25696009397506714,-0.05240492522716522,-0.3240378499031067,-0.038251638412475586,-0.3789474815130234,-0.08363449573516846,-0.1438063085079193,-0.10170595347881317,-0.21699681878089905,-0.10514000058174133,-0.2739311456680298,-0.10226227343082428,-0.31905269622802734,OK
0.0,0.0,0.04364153742790222,-0.08024495840072632,0.06672027707099915,-0.1466960906982422,0.09390401840209961,-0.1899261176586151,0.10905784368515015,-0.22872549295425415,-0.026795148849487305,-0.22242775559425354,0.0021359920501708984,-0.2833697497844696,0.04241618514060974,-0.2735517919063568,0.07149803638458252,-0.24767464399337769,-0.04714757204055786,-0.22977712750434875,-0.03887718915939331,-0.33105576038360596,-0.013328403234481812,-0.38833099603652954,0.014810293912887573,-0.4261503517627716,-0.067999929189682,-0.21811485290527344,-0.07364025712013245,-0.32423222064971924,-0.0591532438993454,-0.3904965817928314,-0.040362149477005005,-0.43965740501880646,-0.08278994262218475,-0.19209325313568115,-0.10394817590713501,-0.27331051230430603,-0.11175404489040375,-0.3345869779586792,-0.11010108888149261,-0.38567090034484863,OK
0.0,0.0,0.04444238543510437,-0.08197492361068726,0.054480135440826416,-0.14494627714157104,0.08265137672424316,-0.18578189611434937,0.11402717232704163,-0.21872979402542114,-0.06330382823944092,-0.22614043951034546,-0.036094844341278076,-0.3209660053253174,-0.0025845766067504883,-0.3730093836784363,0.02719232439994812,-0.4053443670272827,-0.07277433574199677,-0.22806766629219055,-0.038305431604385376,-0.34220245480537415,-0.0006351768970489502,-0.40462565422058105,0.03076004981994629,-0.4469491243362427,-0.06649239361286163,-0.22448283433914185,-0.043877750635147095,-0.3402862548828125,-0.014433220028877258,-0.40671679377555847,0.008710741996765137,-0.45095115900039673,-0.048277437686920166,-0.21940186619758606,-0.055449098348617554,-0.30840757489204407,-0.05913513898849487,-0.3690814971923828,-0.05919194221496582,-0.41725993156433105,OK
0.0,0.0,0.04293037950992584,-0.08170020580291748,0.05538390576839447,-0.14443612098693848,0.084571972489357,-0.18509668111801147,0.12167488038539886,-0.21517905592918396,-0.06559188663959503,-0.21938928961753845,-0.023415952920913696,-0.31772980093955994,0.022683903574943542,-0.3430294692516327,0.05853717029094696,-0.35286766290664673,-0.0708797425031662,-0.22541067004203796,-0.03059285879135132,-0.34481513500213623,0.007612898945808411,-0.40992647409439087,0.039061084389686584,-0.4547717422246933,-0.058319225907325745,-0.22485831379890442,-0.03264416754245758,-0.34572744369506836,-0.002975866198539734,-0.4175926446914673,0.020160630345344543,-0.4670167416334152,-0.031696245074272156,-0.2271844446659088,-0.03261679410934448,-0.3181462287902832,-0.03405830264091492,-0.37963348627090454,-0.03270600736141205,-0.4305599331855774,OK
0.0,0.0,0.04209780693054199,-0.07848763465881348,0.05430218577384949,-0.13746106624603271,0.0838477611541748,-0.17824703454971313,0.12208083271980286,-0.2127974033355713,-0.06557515263557434,-0.21103987097740173,-0.011584728956222534,-0.2984761893749237,0.0429764986038208,-0.2990318238735199,0.08242005109786987,-0.28266653418540955,-0.07239744067192078,-0.2195892035961151,-0.02731543779373169,-0.3378196060657501,0.015441745519638062,-0.39908748865127563,0.05304798483848572,-0.4348604083061218,-0.06133647263050079,-0.22005614638328552,-0.030978471040725708,-0.3469204306602478,0.0038502663373947144,-0.4177907109260559,0.030865609645843506,-0.46364177763462067,-0.03356395661830902,-0.22475332021713257,-0.032627612352371216,-0.3249952793121338,-0.032579243183135986,-0.38785505294799805,-0.030754148960113525,-0.43883736431598663,OK
0.0,0.0,0.03650061786174774,-0.08246523141860962,0.04822544753551483,-0.14088833332061768,0.07795993983745575,-0.18146878480911255,0.11232374608516693,-0.2111523151397705,-0.06914021074771881,-0.21964281797409058,-0.035677164793014526,-0.3251637816429138,-0.0014392882585525513,-0.3786313533782959,0.030181363224983215,-0.41217443346977234,-0.07258374989032745,-0.2248108983039856,-0.03368252515792847,-0.3464576005935669,0.007903411984443665,-0.4105898141860962,0.04594646394252777,-0.45114098489284515,-0.05601498484611511,-0.22413355112075806,-0.03010435402393341,-0.3482503592967987,0.005392700433731079,-0.4136839509010315,0.03239719569683075,-0.4577929973602295,-0.024122461676597595,-0.2223549783229828,-0.023086905479431152,-0.32419443130493164,-0.020842090249061584,-0.38445770740509033,-0.01815102994441986,-0.4332130551338196,OK
0.0,0.0,0.03846465051174164,-0.07423794269561768,0.05681551992893219,-0.1323276162147522,0.08700387179851532,-0.1724218726158142,0.1189759224653244,-0.19936174154281616,-0.05566823482513428,-0.21365690231323242,-0.024747103452682495,-0.3177218735218048,0.00491766631603241,-0.36799561977386475,0.029609933495521545,-0.40090084075927734,-0.06297120451927185,-0.21976137161254883,-0.027443289756774902,-0.3422608971595764,0.008796393871307373,-0.4073435068130493,0.04000185430049896,-0.4495302736759186,-0.05091111361980438,-0.22037822008132935,-0.02225576341152191,-0.3437826633453369,0.011234089732170105,-0.408754825592041,0.03697763383388519,-0.45131562650203705,-0.025046825408935547,-0.22195175290107727,-0.01986388862133026,-0.3219195604324341,-0.015004962682723999,-0.38512122631073,-0.008871093392372131,-0.4355636239051819,OK
0.0,0.0,0.03503228724002838,-0.07349187135696411,0.05211438238620758,-0.1305760145187378,0.08333905041217804,-0.17024093866348267,0.11616648733615875,-0.19774064421653748,-0.060775235295295715,-0.21175342798233032,-0.029243960976600647,-0.3148531913757324,-0.0013766288757324219,-0.37029126286506653,0.021474182605743408,-0.40726304054260254,-0.06735832989215851,-0.21879735589027405,-0.02946370840072632,-0.336933434009552,0.0078090280294418335,-0.4025878310203552,0.03994651138782501,-0.4452160447835922,-0.05469179153442383,-0.21960648894309998,-0.026807531714439392,-0.33891060948371887,0.005826428532600403,-0.404244065284729,0.030984118580818176,-0.4491478353738785,-0.027578413486480713,-0.2211827039718628,-0.024032890796661377,-0.31804198026657104,-0.01922282576560974,-0.37980133295059204,-0.012452691793441772,-0.4301339387893677,OK
0.0,0.0,0.046250104904174805,-0.0782659649848938,0.06292623281478882,-0.1320067048072815,0.08962568640708923,-0.16949516534805298,0.12399300932884216,-0.2018439769744873,-0.056373536586761475,-0.21245059370994568,-0.008536458015441895,-0.302620530128479,0.038110584020614624,-0.31739291548728943,0.07263404130935669,-0.3157079219818115,-0.06289634108543396,-0.22103309631347656,-0.019648700952529907,-0.34099653363227844,0.01965436339378357,-0.40586018562316895,0.05308675765991211,-0.4463288486003876,-0.05023062229156494,-0.21915841102600098,-0.02551276981830597,-0.344290554523468,0.003966689109802246,-0.4147745370864868,0.02610611915588379,-0.46222709119319916,-0.020609617233276367,-0.21829408407211304,-0.02256856858730316,-0.3152368366718292,-0.021751761436462402,-0.3779175877571106,-0.018521875143051147,-0.4300181269645691,OK
0.0,0.0,0.04954896867275238,-0.08115756511688232,0.06574256718158722,-0.13460105657577515,0.09495832026004791,-0.17327672243118286,0.1314248889684677,-0.20401224493980408,-0.05032287538051605,-0.21560359001159668,0.010048776865005493,-0.2891446352005005,0.06370462477207184,-0.2751231789588928,0.09591381251811981,-0.2436445653438568,-0.05836103856563568,-0.22575101256370544,-0.010687068104743958,-0.3424001634120941,0.032061293721199036,-0.4038674235343933,0.06683437526226044,-0.4370216429233551,-0.05053393542766571,-0.22265025973320007,-0.021411284804344177,-0.34688782691955566,0.012858971953392029,-0.4164891242980957,0.037972643971443176,-0.4605732411146164,-0.0257561057806015,-0.21925926208496094,-0.027905523777008057,-0.3198213577270508,-0.025932475924491882,-0.38554877042770386,-0.02120228111743927,-0.4382132291793823,OK
0.0,0.0,0.051261648535728455,-0.07887572050094604,0.06702195107936859,-0.1304619312286377,0.09697891771793365,-0.1631602644920349,0.13084293901920319,-0.1947365403175354,-0.051501139998435974,-0.20734867453575134,0.0121077299118042,-0.27611663937568665,0.06168513000011444,-0.2561420798301697,0.09053166210651398,-0.21503672003746033,-0.06127887964248657,-0.21906286478042603,-0.011316195130348206,-0.3345106244087219,0.03083290159702301,-0.3936846852302551,0.06716428697109222,-0.42534807324409485,-0.05503028631210327,-0.2197284996509552,-0.0208749920129776,-0.34433937072753906,0.01218995451927185,-0.4132322072982788,0.03767107427120209,-0.45727701485157013,-0.03215719759464264,-0.22110453248023987,-0.032777488231658936,-0.31810563802719116,-0.03027375042438507,-0.3830040991306305,-0.02422119677066803,-0.435330331325531,OK
0.0,0.0,0.05078399181365967,-0.07642275094985962,0.06670260429382324,-0.128778874874115,0.09651041030883789,-0.16439282894134521,0.1318049132823944,-0.19653937220573425,-0.04999956488609314,-0.20382511615753174,0.014426946640014648,-0.2687548100948334,0.06332841515541077,-0.2505092918872833,0.09074079990386963,-0.21074435114860535,-0.06071701645851135,-0.21855321526527405,-0.009972870349884033,-0.3351251780986786,0.03091171383857727,-0.3963117003440857,0.06548282504081726,-0.4303661584854126,-0.05523225665092468,-0.22072094678878784,-0.019820570945739746,-0.34453877806663513,0.012934237718582153,-0.41343486309051514,0.037662118673324585,-0.4576777517795563,-0.0341176837682724,-0.2228878140449524,-0.03418469429016113,-0.32089173793792725,-0.031120315194129944,-0.3864670991897583,-0.024745821952819824,-0.43893197178840637,OK
0.0,0.0,0.051748111844062805,-0.07053357362747192,0.06889228522777557,-0.12484997510910034,0.09636752307415009,-0.15971964597702026,0.12988580763339996,-0.19325608015060425,-0.04337027668952942,-0.20592570304870605,0.017602965235710144,-0.26578304171562195,0.0642465204000473,-0.24883046746253967,0.09087799489498138,-0.2103261947631836,-0.0574350506067276,-0.21931451559066772,-0.007354870438575745,-0.33006173372268677,0.03347940742969513,-0.390727698802948,0.06777255237102509,-0.4255971908569336,-0.05701883137226105,-0.2208934724330902,-0.018432915210723877,-0.3416132926940918,0.015511229634284973,-0.41112715005874634,0.04096399247646332,-0.45488591492176056,-0.04353220760822296,-0.21996170282363892,-0.03922349214553833,-0.31726762652397156,-0.03449849784374237,-0.38462239503860474,-0.02832372486591339,-0.43715184926986694,OK
0.0,0.0,0.050675585865974426,-0.06869208812713623,0.0696822851896286,-0.12366992235183716,0.09786258637905121,-0.16098183393478394,0.13100479543209076,-0.19635945558547974,-0.042556747794151306,-0.20641928911209106,0.014934763312339783,-0.2693156599998474,0.061782106757164,-0.2504521906375885,0.08864797651767731,-0.21190446615219116,-0.05566811561584473,-0.22144043445587158,-0.009721368551254272,-0.3341268002986908,0.02875564992427826,-0.39521968364715576,0.06106291711330414,-0.4306449890136719,-0.05464698374271393,-0.222872793674469,-0.01738932728767395,-0.34284231066703796,0.01588691771030426,-0.4115879237651825,0.040964141488075256,-0.4550706297159195,-0.0409775972366333,-0.22085043787956238,-0.040805235505104065,-0.3173540234565735,-0.03782607614994049,-0.38329076766967773,-0.03130447864532471,-0.4359918236732483,OK
0.0,0.0,0.05071347951889038,-0.06728225946426392,0.07115957140922546,-0.12000298500061035,0.09941765666007996,-0.15716665983200073,0.1319555938243866,-0.19236332178115845,-0.040465712547302246,-0.20270073413848877,0.018319934606552124,-0.2635190486907959,0.06778156757354736,-0.24553024768829346,0.09589740633964539,-0.20909219980239868,-0.05302071571350098,-0.2205905020236969,-0.006624296307563782,-0.3317500054836273,0.03287842869758606,-0.391664057970047,0.06501176953315735,-0.4260706901550293,-0.05277441442012787,-0.22482287883758545,-0.014827355742454529,-0.3431841731071472,0.019497543573379517,-0.4090171456336975,0.04429638385772705,-0.4507089704275131,-0.04068998992443085,-0.22450610995292664,-0.041302695870399475,-0.3201717138290405,-0.03926427662372589,-0.38644859194755554,-0.03336063027381897,-0.4393925666809082,OK
0.0,0.0,0.0511360764503479,-0.059110820293426514,0.07434365153312683,-0.11337178945541382,0.10294538736343384,-0.1542278528213501,0.13334670662879944,-0.1915903389453888,-0.03678452968597412,-0.20096725225448608,0.016464173793792725,-0.26509594917297363,0.06575718522071838,-0.24828559160232544,0.09291097521781921,-0.21179145574569702,-0.05020254850387573,-0.2170877456665039,-0.0076675862073898315,-0.3274228274822235,0.03310015797615051,-0.38477227091789246,0.06542918086051941,-0.4205051064491272,-0.05287560820579529,-0.22235721349716187,-0.021505340933799744,-0.3382766544818878,0.012072354555130005,-0.403189480304718,0.037119537591934204,-0.4467346519231796,-0.045512259006500244,-0.22090044617652893,-0.04480019211769104,-0.31286102533340454,-0.04268486797809601,-0.37598177790641785,-0.03855307400226593,-0.4273988604545593,OK
0.0,0.0,0.05349862575531006,-0.05720001459121704,0.07777538895606995,-0.11309593915939331,0.10695409774780273,-0.1566426157951355,0.1342870593070984,-0.19626858830451965,-0.02794891595840454,-0.20498207211494446,0.022050142288208008,-0.2671266198158264,0.06702151894569397,-0.25265467166900635,0.09400534629821777,-0.2150927186012268,-0.044074565172195435,-0.21943062543869019,-0.004546061158180237,-0.3320122957229614,0.0374375581741333,-0.39107340574264526,0.0742899477481842,-0.4229111075401306,-0.04931876063346863,-0.22206178307533264,-0.023026347160339355,-0.3417438864707947,0.010851114988327026,-0.40914541482925415,0.038949042558670044,-0.4532943218946457,-0.044037654995918274,-0.21765607595443726,-0.04686760902404785,-0.3129520118236542,-0.04342958331108093,-0.37977004051208496,-0.035744428634643555,-0.43251267075538635,OK
0.0,0.0,0.05145236849784851,-0.06394553184509277,0.07274061441421509,-0.11785662174224854,0.10049980878829956,-0.15847158432006836,0.12543153762817383,-0.20035752654075623,-0.038227930665016174,-0.20733660459518433,0.015766799449920654,-0.2710866630077362,0.06251683831214905,-0.2535400390625,0.0893145501613617,-0.2160661518573761,-0.05197665095329285,-0.22177118062973022,-0.012296900153160095,-0.3351520597934723,0.027360588312149048,-0.39281392097473145,0.061620116233825684,-0.4259558618068695,-0.05621570348739624,-0.22385218739509583,-0.026474803686141968,-0.34211215376853943,0.005168050527572632,-0.41087377071380615,0.03043985366821289,-0.4569537490606308,-0.049438223242759705,-0.21895644068717957,-0.05024164915084839,-0.3143318295478821,-0.04858291149139404,-0.3809540271759033,-0.04361356794834137,-0.4344947338104248,OK
0.0,0.0,0.05111916363239288,-0.0622706413269043,0.07389779388904572,-0.11880099773406982,0.10287518799304962,-0.16058844327926636,0.13034959137439728,-0.2012784779071808,-0.03763417899608612,-0.20826736092567444,0.015648558735847473,-0.27379974722862244,0.064054474234581,-0.25764739513397217,0.0920855849981308,-0.2204611897468567,-0.05149829387664795,-0.22060227394104004,-0.0098935067653656,-0.3345281779766083,0.031916216015815735,-0.39136219024658203,0.06733797490596771,-0.4232305884361267,-0.055827751755714417,-0.22254160046577454,-0.024206876754760742,-0.3423145115375519,0.010565057396888733,-0.40920448303222656,0.03816653788089752,-0.4528380483388901,-0.049028486013412476,-0.21873348951339722,-0.049323201179504395,-0.3153243064880371,-0.046551212668418884,-0.3816264569759369,-0.04062262177467346,-0.4343579411506653,OK
0.0,0.0,0.05170142650604248,-0.0642508864402771,0.07509183883666992,-0.12044531106948853,0.1029849648475647,-0.16256898641586304,0.12842941284179688,-0.2053048312664032,-0.03330950438976288,-0.2183772325515747,0.011085450649261475,-0.2872557044029236,0.059983521699905396,-0.27284643054008484,0.08893561363220215,-0.23710379004478455,-0.04709574580192566,-0.2301587164402008,-0.01116819679737091,-0.33737581968307495,0.029834777116775513,-0.39242905378341675,0.06344684958457947,-0.42326951026916504,-0.053024083375930786,-0.22921130061149597,-0.026354745030403137,-0.3443526029586792,0.006534218788146973,-0.4101318418979645,0.03193804621696472,-0.45298174023628235,-0.049527257680892944,-0.2199019193649292,-0.05180734395980835,-0.3153952360153198,-0.049162447452545166,-0.38216841220855713,-0.04362832009792328,-0.436079204082489,OK
0.0,0.0,0.05303162336349487,-0.06389087438583374,0.07462570071220398,-0.12089288234710693,0.10278847813606262,-0.16397202014923096,0.12812823057174683,-0.20678523182868958,-0.036051154136657715,-0.21584132313728333,0.014585107564926147,-0.2832953929901123,0.06407549977302551,-0.2660582959651947,0.09237387776374817,-0.22846853733062744,-0.04893136024475098,-0.22756418585777283,-0.011295214295387268,-0.3380201458930969,0.028043746948242188,-0.3953579068183899,0.06082776188850403,-0.42902764678001404,-0.053801923990249634,-0.2265307605266571,-0.026249319314956665,-0.3423101305961609,0.006085097789764404,-0.4112941026687622,0.0314197838306427,-0.45765793323516846,-0.04863199591636658,-0.21835818886756897,-0.04981124401092529,-0.31368589401245117,-0.04770061373710632,-0.3810534179210663,-0.04295271635055542,-0.43671947717666626,OK
0.0,0.0,0.05106821656227112,-0.059202730655670166,0.07551318407058716,-0.1137276291847229,0.10177785158157349,-0.15663433074951172,0.1277032494544983,-0.20162856578826904,-0.0208883136510849,-0.2114969789981842,0.01913994550704956,-0.2722366452217102,0.06208926439285278,-0.2552938759326935,0.09021198749542236,-0.22019106149673462,-0.03601574897766113,-0.22924572229385376,-0.009020596742630005,-0.33029621839523315,0.02559518814086914,-0.38733381032943726,0.05775526165962219,-0.4222337305545807,-0.04772622883319855,-0.23176679015159607,-0.03357893228530884,-0.3408723473548889,-0.009165555238723755,-0.40780937671661377,0.013427823781967163,-0.45504139363765717,-0.05365097522735596,-0.223089337348938,-0.059786200523376465,-0.3121914863586426,-0.05899903178215027,-0.376822292804718,-0.053712502121925354,-0.4301684498786926,OK
0.0,0.0,0.052089571952819824,-0.07128399610519409,0.07490801811218262,-0.12194359302520752,0.10088881850242615,-0.16320228576660156,0.12348055839538574,-0.20968034863471985,-0.03240115940570831,-0.21026423573493958,0.015847355127334595,-0.27531594038009644,0.06075146794319153,-0.26233765482902527,0.0906522274017334,-0.23036015033721924,-0.04726436734199524,-0.2260953187942505,-0.0142182856798172,-0.3344043493270874,0.02127629518508911,-0.3921700417995453,0.05467262864112854,-0.4274877905845642,-0.05622464418411255,-0.22588759660720825,-0.03727403283119202,-0.3411044180393219,-0.012750700116157532,-0.41020768880844116,0.010013461112976074,-0.4589270353317261,-0.05696788430213928,-0.21647045016288757,-0.06322377920150757,-0.3096033036708832,-0.06490331888198853,-0.37708503007888794,-0.06091828644275665,-0.43229830265045166,OK
0.0,0.0,0.05141240358352661,-0.06561499834060669,0.07509467005729675,-0.1184391975402832,0.10052531957626343,-0.16226869821548462,0.12136679887771606,-0.2100144326686859,-0.032643139362335205,-0.20757412910461426,0.00880652666091919,-0.2720617353916168,0.05471733212471008,-0.26075559854507446,0.084994375705719,-0.23102152347564697,-0.0476183146238327,-0.22341009974479675,-0.019609704613685608,-0.33229589462280273,0.01577216386795044,-0.3903399705886841,0.049393028020858765,-0.4257030189037323,-0.05834111571311951,-0.22382119297981262,-0.04009203612804413,-0.33734890818595886,-0.013307899236679077,-0.4062919318675995,0.01067894697189331,-0.45482540130615234,-0.06250771880149841,-0.21403226256370544,-0.06754438579082489,-0.3071973919868469,-0.06864660978317261,-0.37371811270713806,-0.06530293822288513,-0.4283052980899811,OK
0.0,0.0,0.07069897651672363,-0.02443981170654297,0.12702366709709167,-0.08350878953933716,0.14595302939414978,-0.15431749820709229,0.15761417150497437,-0.20969274640083313,0.07282489538192749,-0.1577376127243042,0.07892608642578125,-0.2380884885787964,0.08362773060798645,-0.2912364602088928,0.08631649613380432,-0.3358309268951416,0.030675023794174194,-0.15975844860076904,0.03264336287975311,-0.22471100091934204,0.03680148720741272,-0.15761232376098633,0.03825502097606659,-0.10063803195953369,-0.009192198514938354,-0.1543932557106018,-0.010880082845687866,-0.211175799369812,-0.0013854652643203735,-0.1462497115135193,0.005806341767311096,-0.09453022480010986,-0.051633358001708984,-0.14423328638076782,-0.05749565362930298,-0.21610504388809204,-0.05669586360454559,-0.2578218877315521,-0.05535349249839783,-0.30149757862091064,i_love_you
0.0,0.0,0.07219308614730835,-0.0297432541847229,0.13204461336135864,-0.08968329429626465,0.15023282170295715,-0.16634488105773926,0.1529902219772339,-0.22905367612838745,0.08172607421875,-0.16996991634368896,0.09191152453422546,-0.2503725290298462,0.0980277955532074,-0.3041950464248657,0.10292914509773254,-0.3497762382030487,0.039187148213386536,-0.17312783002853394,0.040186718106269836,-0.2366275191307068,0.04177410900592804,-0.1708923578262329,0.043095722794532776,-0.11219024658203125,-0.0010526329278945923,-0.16835927963256836,-0.0026724636554718018,-0.22070837020874023,0.0036346614360809326,-0.15618860721588135,0.010561361908912659,-0.1073874831199646,-0.04419080913066864,-0.15892362594604492,-0.046481966972351074,-0.22846606373786926,-0.0428750216960907,-0.26802366971969604,-0.03717245161533356,-0.31004196405410767,i_love_you
0.0,0.0,0.07038071751594543,-0.02559792995452881,0.1299324929714203,-0.08182752132415771,0.14452433586120605,-0.16147738695144653,0.14507600665092468,-0.22621625661849976,0.08199846744537354,-0.15471094846725464,0.0958530604839325,-0.23261308670043945,0.10467514395713806,-0.2858508229255676,0.11146125197410583,-0.33204618096351624,0.039505213499069214,-0.16292619705200195,0.04440440237522125,-0.2212529182434082,0.03984707593917847,-0.15739989280700684,0.03523547947406769,-0.1016588807106018,-0.000438496470451355,-0.1615096926689148,0.0005657672882080078,-0.21122971177101135,0.0016588419675827026,-0.1469746232032776,0.004121214151382446,-0.10184162855148315,-0.042725980281829834,-0.15514320135116577,-0.04334424436092377,-0.22187963128089905,-0.037616610527038574,-0.25650832056999207,-0.029163673520088196,-0.29411906003952026,i_love_you
0.0,0.0,0.07024811208248138,-0.021408379077911377,0.13126136362552643,-0.07847106456756592,0.14806847274303436,-0.1588881015777588,0.14850951731204987,-0.22283488512039185,0.08751074969768524,-0.15001606941223145,0.10235227644443512,-0.22787392139434814,0.11162953078746796,-0.2788698673248291,0.1195123940706253,-0.32243916392326355,0.04697243869304657,-0.15876537561416626,0.051666781306266785,-0.21527957916259766,0.04512067139148712,-0.15287166833877563,0.04127855598926544,-0.09859681129455566,0.008251234889030457,-0.15792405605316162,0.0104542076587677,-0.20628663897514343,0.008575305342674255,-0.14373260736465454,0.01023063063621521,-0.0988200306892395,-0.03297629952430725,-0.15133929252624512,-0.031099751591682434,-0.21456322073936462,-0.02547106146812439,-0.24945011734962463,-0.016597136855125427,-0.286499559879303,i_love_you
0.0,0.0,0.06935419142246246,-0.017735064029693604,0.13109524548053741,-0.0719912052154541,0.14994926750659943,-0.15304166078567505,0.15793640911579132,-0.21755409240722656,0.0922478586435318,-0.14873218536376953,0.10928620398044586,-0.224899023771286,0.1181149035692215,-0.2762184739112854,0.12640134990215302,-0.31896477937698364,0.051984384655952454,-0.15696042776107788,0.056445732712745667,-0.21184808015823364,0.04508306086063385,-0.15194827318191528,0.03785884380340576,-0.09762322902679443,0.013605713844299316,-0.1576516032218933,0.015389025211334229,-0.2021028697490692,0.010393157601356506,-0.14139825105667114,0.010676339268684387,-0.09619390964508057,-0.02765427529811859,-0.15465158224105835,-0.022590547800064087,-0.21796852350234985,-0.017370596528053284,-0.25090909004211426,-0.008978724479675293,-0.28467705845832825,i_love_you
0.0,0.0,0.07121288776397705,-0.020072638988494873,0.13235899806022644,-0.07253509759902954,0.1514998972415924,-0.1521623730659485,0.15912967920303345,-0.21566200256347656,0.09450477361679077,-0.14687073230743408,0.11073911190032959,-0.22437143325805664,0.11967170238494873,-0.27715176343917847,0.12852340936660767,-0.3192266821861267,0.05303648114204407,-0.15668803453445435,0.05831456184387207,-0.21462354063987732,0.04818814992904663,-0.1545720100402832,0.042714282870292664,-0.09765881299972534,0.014439627528190613,-0.15875118970870972,0.01596847176551819,-0.2036953866481781,0.01225811243057251,-0.14644664525985718,0.01411166787147522,-0.09980225563049316,-0.026725560426712036,-0.15676510334014893,-0.02165825664997101,-0.22001522779464722,-0.014799967408180237,-0.255219042301178,-0.004546761512756348,-0.2886902689933777,i_love_you
0.0,0.0,0.07072511315345764,-0.019023418426513672,0.134993314743042,-0.07004475593566895,0.15995481610298157,-0.14734530448913574,0.17022252082824707,-0.2097265124320984,0.09528177976608276,-0.14122378826141357,0.11469709873199463,-0.21848994493484497,0.12428596615791321,-0.2717949450016022,0.13265523314476013,-0.3164203464984894,0.05407556891441345,-0.15131878852844238,0.058428287506103516,-0.20964324474334717,0.0481799840927124,-0.15205079317092896,0.04256999492645264,-0.0968511700630188,0.016196444630622864,-0.15341120958328247,0.01698380708694458,-0.2012607753276825,0.013396486639976501,-0.14386850595474243,0.015613377094268799,-0.09776300191879272,-0.023157119750976562,-0.1518527865409851,-0.0176333487033844,-0.21336814761161804,-0.010932862758636475,-0.24813324213027954,-0.00036710500717163086,-0.28332090377807617,i_love_you
0.0,0.0,0.06909658014774323,-0.01824820041656494,0.13253732025623322,-0.06607019901275635,0.16394253075122833,-0.1355738639831543,0.1859474927186966,-0.19076478481292725,0.09608964622020721,-0.13518309593200684,0.1154213398694992,-0.2148643434047699,0.12403227388858795,-0.268862247467041,0.13086996972560883,-0.3143458962440491,0.055160924792289734,-0.14625024795532227,0.05649171769618988,-0.2052956521511078,0.045534536242485046,-0.1471010446548462,0.040190547704696655,-0.09389722347259521,0.017727717757225037,-0.1483418345451355,0.01668618619441986,-0.1962326467037201,0.012244313955307007,-0.13886553049087524,0.013932108879089355,-0.09434467554092407,-0.020410805940628052,-0.1462365984916687,-0.016034379601478577,-0.2079770565032959,-0.010542526841163635,-0.2427791953086853,-0.0019389241933822632,-0.2779637575149536,i_love_you
0.0,0.0,0.07039931416511536,-0.030317485332489014,0.1307588815689087,-0.07617241144180298,0.16122132539749146,-0.14381921291351318,0.18667465448379517,-0.19667917490005493,0.09612143039703369,-0.14489996433258057,0.11355587840080261,-0.2287997007369995,0.12194350361824036,-0.2832644581794739,0.12717536091804504,-0.32897719740867615,0.05453327298164368,-0.15594184398651123,0.05399507284164429,-0.21189135313034058,0.04542398452758789,-0.1520349383354187,0.04243004322052002,-0.10040843486785889,0.017259374260902405,-0.15675359964370728,0.01566736400127411,-0.20150434970855713,0.012718051671981812,-0.1419200301170349,0.015122532844543457,-0.10032576322555542,-0.021624773740768433,-0.15372896194458008,-0.019049718976020813,-0.21613651514053345,-0.01608698070049286,-0.24786007404327393,-0.008594632148742676,-0.2827243506908417,i_love_you
0.0,0.0,0.07182344794273376,-0.028639614582061768,0.1325143277645111,-0.07571285963058472,0.16263532638549805,-0.14369016885757446,0.18714302778244019,-0.19586467742919922,0.09877118468284607,-0.14520138502120972,0.11614817380905151,-0.22765624523162842,0.12418696284294128,-0.2819591760635376,0.13052430748939514,-0.32705551385879517,0.0571194589138031,-0.15573638677597046,0.05639323592185974,-0.2144041359424591,0.04574960470199585,-0.1564188003540039,0.040495216846466064,-0.10279691219329834,0.019047945737838745,-0.1580897569656372,0.01664416491985321,-0.20390677452087402,0.012874364852905273,-0.14676177501678467,0.015275254845619202,-0.10258334875106812,-0.02027939260005951,-0.15677857398986816,-0.01592634618282318,-0.2171800136566162,-0.011119097471237183,-0.2505219578742981,-0.0025300532579421997,-0.2854452133178711,i_love_you
0.0,0.0,0.06802012026309967,-0.026720821857452393,0.12696699798107147,-0.07978945970535278,0.15566127002239227,-0.14714360237121582,0.18102578818798065,-0.19853472709655762,0.08937694132328033,-0.15497761964797974,0.10352127254009247,-0.23648378252983093,0.1110498458147049,-0.2893862724304199,0.11626596748828888,-0.3331168293952942,0.04802785813808441,-0.16052168607711792,0.04771389067173004,-0.21791118383407593,0.04252009093761444,-0.1560778021812439,0.03951622545719147,-0.1007656455039978,0.009389340877532959,-0.15762710571289062,0.007164895534515381,-0.2040400505065918,0.009606137871742249,-0.14427036046981812,0.0147036612033844,-0.09917926788330078,-0.029965847730636597,-0.15193229913711548,-0.031020209193229675,-0.2136724889278412,-0.02785651385784149,-0.24717581272125244,-0.021363452076911926,-0.28446775674819946,i_love_you
0.0,0.0,0.06752170622348785,-0.028000950813293457,0.12648405134677887,-0.08281910419464111,0.1536768227815628,-0.1543331742286682,0.17804498970508575,-0.20780658721923828,0.08779402077198029,-0.15906840562820435,0.10182641446590424,-0.2405736744403839,0.10967157781124115,-0.294251948595047,0.11568845808506012,-0.3388076424598694,0.045206472277641296,-0.1666795015335083,0.04719759523868561,-0.22485926747322083,0.041054800152778625,-0.16106373071670532,0.038136884570121765,-0.10506945848464966,0.006134107708930969,-0.1646849513053894,0.005241498351097107,-0.21236774325370789,0.00444580614566803,-0.15084916353225708,0.008371487259864807,-0.10477423667907715,-0.03380651772022247,-0.15819990634918213,-0.03399558365345001,-0.2214016318321228,-0.03029341995716095,-0.2552175521850586,-0.02264486253261566,-0.2905723452568054,i_love_you
0.0,0.0,0.06779345870018005,-0.03314077854156494,0.1244790256023407,-0.09339803457260132,0.14975175261497498,-0.16286176443099976,0.17096823453903198,-0.21482130885124207,0.08186554908752441,-0.16529536247253418,0.09265100955963135,-0.24733057618141174,0.09945568442344666,-0.2992980182170868,0.10503938794136047,-0.34410715103149414,0.04011574387550354,-0.1700425148010254,0.042897194623947144,-0.23040983080863953,0.040017902851104736,-0.16499286890029907,0.03793230652809143,-0.10870379209518433,0.0005933642387390137,-0.16510623693466187,-0.0005787312984466553,-0.21825233101844788,0.0034210681915283203,-0.15631407499313354,0.009363502264022827,-0.10860449075698853,-0.04022076725959778,-0.1553160548210144,-0.04174533486366272,-0.2212546467781067,-0.037822604179382324,-0.25747358798980713,-0.0315212607383728,-0.29621756076812744,i_love_you
0.0,0.0,0.06811684370040894,-0.034247398376464844,0.12425428628921509,-0.09523743391036987,0.14915192127227783,-0.16408771276474,0.1700044572353363,-0.21537572145462036,0.08143523335456848,-0.16711759567260742,0.09134498238563538,-0.24997928738594055,0.09809556603431702,-0.3014734387397766,0.10468316078186035,-0.3450969457626343,0.03940922021865845,-0.17096561193466187,0.04181179404258728,-0.23233157396316528,0.03927314281463623,-0.16688936948776245,0.03856736421585083,-0.10941320657730103,-0.00044211745262145996,-0.16564607620239258,-0.001892685890197754,-0.2198631763458252,0.002247437834739685,-0.158699631690979,0.009471908211708069,-0.11006635427474976,-0.04143410921096802,-0.15535610914230347,-0.042561352252960205,-0.22299110889434814,-0.03922629356384277,-0.26092812418937683,-0.033394813537597656,-0.29899078607559204,i_love_you
0.0,0.0,0.059537991881370544,-0.04471468925476074,0.10038067400455475,-0.11481410264968872,0.11832641065120697,-0.17905056476593018,0.13271377980709076,-0.22811686992645264,0.04838995635509491,-0.18342941999435425,0.05086015164852142,-0.26532089710235596,0.054340049624443054,-0.3146999478340149,0.05545221269130707,-0.3583967983722687,0.011406734585762024,-0.17899703979492188,0.01759326457977295,-0.2416497766971588,0.02686256170272827,-0.17249834537506104,0.028827324509620667,-0.11807769536972046,-0.026307985186576843,-0.16585570573806763,-0.02474479377269745,-0.2256852388381958,-0.008177727460861206,-0.16012156009674072,0.00042213499546051025,-0.1093297004699707,-0.06565715372562408,-0.1457929015159607,-0.06964625418186188,-0.21717846393585205,-0.06583957374095917,-0.23966404795646667,-0.06677792966365814,-0.25871405005455017,i_love_you
0.0,0.0,0.05588942766189575,-0.04073446989059448,0.0899360179901123,-0.12220674753189087,0.10406213998794556,-0.18907582759857178,0.11560603976249695,-0.23955586552619934,0.03812098503112793,-0.1934841275215149,0.04005596041679382,-0.2766113877296448,0.040232300758361816,-0.32566899061203003,0.03910371661186218,-0.37054526805877686,0.0019291341304779053,-0.1900310516357422,0.008835315704345703,-0.2453695833683014,0.021886497735977173,-0.17455214262008667,0.025444746017456055,-0.11802911758422852,-0.03548493981361389,-0.17759597301483154,-0.03158688545227051,-0.23063141107559204,-0.011275187134742737,-0.16164040565490723,-0.0009435117244720459,-0.11034029722213745,-0.074226975440979,-0.15921753644943237,-0.09046375751495361,-0.23100882768630981,-0.09351271390914917,-0.2726716995239258,-0.09770862758159637,-0.3156033754348755,i_love_you
0.0,0.0,0.059768274426460266,-0.04507225751876831,0.09451813995838165,-0.12793058156967163,0.09969331324100494,-0.19989359378814697,0.09894503653049469,-0.25553983449935913,0.04436446726322174,-0.19219911098480225,0.04692409932613373,-0.27345719933509827,0.050411537289619446,-0.3241894841194153,0.050807490944862366,-0.36875829100608826,0.008197233080863953,-0.18849408626556396,0.014483049511909485,-0.24637210369110107,0.02749595046043396,-0.18010449409484863,0.030783578753471375,-0.12082165479660034,-0.028823569416999817,-0.17678630352020264,-0.023589417338371277,-0.2302933633327484,-0.004012212157249451,-0.16688227653503418,0.005408480763435364,-0.11525636911392212,-0.06856052577495575,-0.15965747833251953,-0.08256496489048004,-0.23364043235778809,-0.0832379013299942,-0.27860817313194275,-0.08504392206668854,-0.3218844532966614,i_love_you
0.0,0.0,0.0613376647233963,-0.04891437292098999,0.09381936490535736,-0.13021862506866455,0.09605096280574799,-0.20197081565856934,0.09419481456279755,-0.25797539949417114,0.04809780418872833,-0.1914413571357727,0.049946680665016174,-0.2735927402973175,0.05410243570804596,-0.3247911334037781,0.055951640009880066,-0.3697265386581421,0.01174810528755188,-0.18836486339569092,0.016950443387031555,-0.24964767694473267,0.029163911938667297,-0.18524926900863647,0.03209586441516876,-0.1260889172554016,-0.02565808594226837,-0.17797774076461792,-0.021988198161125183,-0.23554345965385437,-0.003721460700035095,-0.17357563972473145,0.004743650555610657,-0.12164974212646484,-0.06654000282287598,-0.16216343641281128,-0.07890479266643524,-0.2386147379875183,-0.07896055281162262,-0.2835655212402344,-0.08115462958812714,-0.3266594409942627,i_love_you
0.0,0.0,0.06024172902107239,-0.04921633005142212,0.09208652377128601,-0.1300930380821228,0.09359577298164368,-0.2017081379890442,0.09322449564933777,-0.2574988603591919,0.046924978494644165,-0.19243913888931274,0.048690855503082275,-0.27328553795814514,0.05292007327079773,-0.3242933452129364,0.05495858192443848,-0.3694961667060852,0.010352134704589844,-0.18946492671966553,0.015393584966659546,-0.2492726445198059,0.027555614709854126,-0.18398523330688477,0.030081361532211304,-0.12487673759460449,-0.027084648609161377,-0.17892640829086304,-0.023349687457084656,-0.2358781099319458,-0.004882603883743286,-0.17372870445251465,0.0034083127975463867,-0.12144970893859863,-0.06798069179058075,-0.16253721714019775,-0.08050417900085449,-0.23877868056297302,-0.08053156733512878,-0.282759428024292,-0.08289840817451477,-0.3247676491737366,i_love_you
0.0,0.0,0.06033174693584442,-0.0452694296836853,0.09236569702625275,-0.1272410750389099,0.09340862929821014,-0.20019018650054932,0.0920630544424057,-0.25598472356796265,0.05088473856449127,-0.18988072872161865,0.05283455550670624,-0.27104368805885315,0.055628255009651184,-0.32271814346313477,0.05562852323055267,-0.36913377046585083,0.012519821524620056,-0.18741965293884277,0.015236496925354004,-0.24833211302757263,0.02759699523448944,-0.18191492557525635,0.0313134640455246,-0.12285888195037842,-0.02572081983089447,-0.17647987604141235,-0.022697001695632935,-0.23211801052093506,-0.004042685031890869,-0.16935408115386963,0.005073070526123047,-0.1183861494064331,-0.0663004070520401,-0.15964823961257935,-0.07882075011730194,-0.2338923215866089,-0.07913719117641449,-0.27607792615890503,-0.08155520260334015,-0.31734275817871094,i_love_you
0.0,0.0,0.062293410301208496,-0.0486447811126709,0.09444805979728699,-0.13108855485916138,0.09430593252182007,-0.2051231861114502,0.09464189410209656,-0.26048552989959717,0.054701656103134155,-0.18984520435333252,0.0578499436378479,-0.2707415521144867,0.06119987368583679,-0.3233875632286072,0.06143748760223389,-0.3696315288543701,0.015914231538772583,-0.18713313341140747,0.01801060140132904,-0.24897262454032898,0.02924002707004547,-0.1843135952949524,0.03302517533302307,-0.1253644824028015,-0.02212117612361908,-0.17635267972946167,-0.02071826159954071,-0.2311919629573822,-0.00330275297164917,-0.17017626762390137,0.006046399474143982,-0.11994963884353638,-0.06289443373680115,-0.15938788652420044,-0.07337060570716858,-0.23158487677574158,-0.07330775260925293,-0.27439358830451965,-0.07541164755821228,-0.31706807017326355,i_love_you
0.0,0.0,0.06208452582359314,-0.04698890447616577,0.09714546799659729,-0.1274285912513733,0.09651774168014526,-0.2013651728630066,0.09531107544898987,-0.25468510389328003,0.05765095353126526,-0.18637454509735107,0.06045958399772644,-0.26738783717155457,0.06411156058311462,-0.31935086846351624,0.06461918354034424,-0.36561283469200134,0.0179615318775177,-0.18468117713928223,0.01960521936416626,-0.2479250133037567,0.02964995801448822,-0.18172067403793335,0.03233829140663147,-0.12254035472869873,-0.020112797617912292,-0.17470479011535645,-0.02012428641319275,-0.23225051164627075,-0.003945842385292053,-0.17040926218032837,0.004163831472396851,-0.12117874622344971,-0.06071120500564575,-0.15835893154144287,-0.07182562351226807,-0.22956690192222595,-0.07129475474357605,-0.2706656754016876,-0.07286229729652405,-0.31359004974365234,i_love_you
0.0,0.0,0.06173039972782135,-0.04477107524871826,0.09732852876186371,-0.12498903274536133,0.09580819308757782,-0.19856464862823486,0.09481225907802582,-0.25148579478263855,0.05909167230129242,-0.18681824207305908,0.0616900771856308,-0.2666962742805481,0.06526146829128265,-0.3193172812461853,0.06572632491588593,-0.3652775287628174,0.018754810094833374,-0.1848028302192688,0.020267754793167114,-0.24705275893211365,0.030178681015968323,-0.18160218000411987,0.03263506293296814,-0.12163817882537842,-0.01942083239555359,-0.17427057027816772,-0.01953883469104767,-0.229678213596344,-0.003716513514518738,-0.1678551435470581,0.0043081194162368774,-0.11796838045120239,-0.06035967171192169,-0.1572781205177307,-0.07151807844638824,-0.22859734296798706,-0.07035396993160248,-0.2691550850868225,-0.07081665098667145,-0.3113839328289032,i_love_you
0.0,0.0,0.0634283572435379,-0.04622602462768555,0.09892834722995758,-0.12422692775726318,0.09887911379337311,-0.19676631689071655,0.0977218896150589,-0.24995946884155273,0.06101049482822418,-0.18325495719909668,0.06546913087368011,-0.26334357261657715,0.07101182639598846,-0.3156925439834595,0.073570117354393,-0.360812783241272,0.021630555391311646,-0.1820473074913025,0.025660276412963867,-0.24411484599113464,0.033697500824928284,-0.17952114343643188,0.035001322627067566,-0.11897259950637817,-0.016705036163330078,-0.1735573410987854,-0.014305755496025085,-0.22998669743537903,-0.0006384998559951782,-0.16992336511611938,0.006401866674423218,-0.1192825436592102,-0.05831371247768402,-0.15894204378128052,-0.06610295176506042,-0.23065128922462463,-0.0641532689332962,-0.272704541683197,-0.06402765214443207,-0.314117431640625,i_love_you
0.0,0.0,0.06307770311832428,-0.04071277379989624,0.10186754167079926,-0.11738431453704834,0.10170544683933258,-0.19035035371780396,0.1031418889760971,-0.24334430694580078,0.06352318823337555,-0.17974990606307983,0.06824307143688202,-0.25805842876434326,0.07257358729839325,-0.3104867935180664,0.07388879358768463,-0.35548657178878784,0.023286432027816772,-0.17854076623916626,0.024927645921707153,-0.24141329526901245,0.03159250319004059,-0.1767246127128601,0.03283785283565521,-0.11702823638916016,-0.015045642852783203,-0.16997748613357544,-0.014808788895606995,-0.22439321875572205,-0.002755269408226013,-0.16342806816101074,0.003770679235458374,-0.11408179998397827,-0.05600230395793915,-0.1560547947883606,-0.06534959375858307,-0.2266014814376831,-0.06366798281669617,-0.2674245238304138,-0.06300444900989532,-0.3095412254333496,i_love_you
0.0,0.0,0.06344524025917053,-0.040419936180114746,0.10309913754463196,-0.11734473705291748,0.10829484462738037,-0.19105076789855957,0.10910230875015259,-0.24332544207572937,0.0658489465713501,-0.17678231000900269,0.07077658176422119,-0.25644463300704956,0.07672813534736633,-0.3080123960971832,0.07948440313339233,-0.3520206809043884,0.02625364065170288,-0.1775001883506775,0.029192984104156494,-0.2396295666694641,0.03441062569618225,-0.17447078227996826,0.034412264823913574,-0.11596435308456421,-0.012118726968765259,-0.17026501893997192,-0.011458531022071838,-0.22575920820236206,-0.0008981078863143921,-0.16515767574310303,0.004780292510986328,-0.11599749326705933,-0.05309993028640747,-0.15714657306671143,-0.06099618971347809,-0.2265256643295288,-0.0595337450504303,-0.2669084072113037,-0.058786213397979736,-0.30820274353027344,i_love_you
0.0,0.0,0.06238435208797455,-0.038675785064697266,0.10308031737804413,-0.11494690179824829,0.10772325098514557,-0.18878436088562012,0.10780833661556244,-0.24223795533180237,0.06509868800640106,-0.1782556176185608,0.06967948377132416,-0.25774285197257996,0.07651473581790924,-0.309101939201355,0.08045093715190887,-0.3523661494255066,0.024918079376220703,-0.1778309941291809,0.0278300940990448,-0.239833801984787,0.03432978689670563,-0.17620474100112915,0.03481726348400116,-0.11708039045333862,-0.013380080461502075,-0.16984868049621582,-0.013974517583847046,-0.22335809469223022,-0.0019460171461105347,-0.16352170705795288,0.0048990994691848755,-0.1142730712890625,-0.05410341918468475,-0.15655410289764404,-0.06287556886672974,-0.22655969858169556,-0.06132577359676361,-0.26680734753608704,-0.06021268665790558,-0.3071306347846985,i_love_you
0.0,0.0,0.06736515462398529,-0.030338823795318604,0.11683915555477142,-0.0927770733833313,0.13787902891635895,-0.16333889961242676,0.15900711715221405,-0.21268504858016968,0.07303334772586823,-0.16669881343841553,0.08416686952114105,-0.24422591924667358,0.0898548811674118,-0.2946189045906067,0.09288747608661652,-0.33689621090888977,0.03371451795101166,-0.1693861484527588,0.038587018847465515,-0.22919636964797974,0.0401294082403183,-0.16479837894439697,0.03920315206050873,-0.10860872268676758,-0.004611998796463013,-0.1636521816253662,-0.001595616340637207,-0.21658140420913696,0.0058347731828689575,-0.15762460231781006,0.010649383068084717,-0.11132216453552246,-0.0442085862159729,-0.15337061882019043,-0.04781574010848999,-0.22050243616104126,-0.04347509145736694,-0.26061591506004333,-0.03850583732128143,-0.3019178807735443,i_love_you
0.0,0.0,0.07175236940383911,-0.025607407093048096,0.1271825134754181,-0.07770568132400513,0.1553134024143219,-0.14424335956573486,0.17974114418029785,-0.1927921175956726,0.07658380270004272,-0.16699355840682983,0.0869118869304657,-0.24853411316871643,0.09401091933250427,-0.298689067363739,0.0968036949634552,-0.3418430685997009,0.03696715831756592,-0.1704256534576416,0.03881096839904785,-0.2285531759262085,0.0422741174697876,-0.16351592540740967,0.0421525239944458,-0.10838323831558228,-0.00028020143508911133,-0.16506356000900269,0.0003249049186706543,-0.22059375047683716,0.006839558482170105,-0.15621024370193481,0.010437950491905212,-0.10986888408660889,-0.03912682831287384,-0.15607190132141113,-0.04209205508232117,-0.2248307168483734,-0.037803053855895996,-0.26213812828063965,-0.032675862312316895,-0.30558842420578003,i_love_you
0.0,0.0,0.07455961406230927,-0.028155863285064697,0.13216598331928253,-0.07833707332611084,0.16282479465007782,-0.14387160539627075,0.18619577586650848,-0.19498741626739502,0.08183921873569489,-0.16451460123062134,0.09278549253940582,-0.24732327461242676,0.09823910892009735,-0.2978723645210266,0.10139589011669159,-0.34102457761764526,0.04207976162433624,-0.16911685466766357,0.0445866733789444,-0.22838228940963745,0.04688309133052826,-0.1652660369873047,0.04899431765079498,-0.11069822311401367,0.005182370543479919,-0.1648222804069519,0.006956309080123901,-0.21578019857406616,0.012687847018241882,-0.15386217832565308,0.017596647143363953,-0.1098509430885315,-0.03319428861141205,-0.1575976014137268,-0.03402705490589142,-0.22547867894172668,-0.030669286847114563,-0.26110929250717163,-0.026038989424705505,-0.301357626914978,i_love_you
0.0,0.0,0.0690973699092865,-0.02531611919403076,0.12659090757369995,-0.07146894931793213,0.15509340167045593,-0.13453274965286255,0.1756422221660614,-0.1860629916191101,0.07725992798805237,-0.15905439853668213,0.08737713098526001,-0.23967766761779785,0.09272882342338562,-0.29073578119277954,0.09632396697998047,-0.3335944414138794,0.03689855337142944,-0.16225343942642212,0.04153710603713989,-0.22305840253829956,0.04126402735710144,-0.15877306461334229,0.04075053334236145,-0.10188722610473633,-0.0005296766757965088,-0.15790820121765137,0.0016328543424606323,-0.20729029178619385,0.007576301693916321,-0.14838069677352905,0.01337936520576477,-0.10335391759872437,-0.039591968059539795,-0.1506870985031128,-0.03897202014923096,-0.2165290117263794,-0.034980833530426025,-0.25354740023612976,-0.02967303991317749,-0.29232048988342285,i_love_you
0.0,0.0,0.06765605509281158,-0.02312314510345459,0.12595252692699432,-0.07325410842895508,0.15648503601551056,-0.13646966218948364,0.1786508709192276,-0.18795961141586304,0.07894901931285858,-0.1621759533882141,0.08941863477230072,-0.24188470840454102,0.09468288719654083,-0.29252880811691284,0.09849859774112701,-0.3350844383239746,0.03867115080356598,-0.1652734875679016,0.042862668633461,-0.22493517398834229,0.04264529049396515,-0.16019833087921143,0.04219447076320648,-0.10314762592315674,0.000774085521697998,-0.15993493795394897,0.0022897571325302124,-0.20830708742141724,0.00804169476032257,-0.14973217248916626,0.013991400599479675,-0.1045566201210022,-0.03831881284713745,-0.15170550346374512,-0.03790070116519928,-0.21695414185523987,-0.03399913012981415,-0.2547681927680969,-0.029222920536994934,-0.2937435507774353,i_love_you
0.0,0.0,0.06887313723564148,-0.015807628631591797,0.13016173243522644,-0.06685155630111694,0.15722954273223877,-0.13403117656707764,0.17850854992866516,-0.18668317794799805,0.08699905872344971,-0.15646666288375854,0.0986236035823822,-0.23447954654693604,0.1028972864151001,-0.2860620617866516,0.10525158047676086,-0.32813572883605957,0.0457228422164917,-0.16299033164978027,0.048818498849868774,-0.22030940651893616,0.04295042157173157,-0.1526196002960205,0.03975895047187805,-0.09778028726577759,0.006922483444213867,-0.16000431776046753,0.006563156843185425,-0.20598876476287842,0.007689192891120911,-0.14241260290145874,0.011825799942016602,-0.09987258911132812,-0.032593488693237305,-0.15309792757034302,-0.031644463539123535,-0.21823659539222717,-0.027526572346687317,-0.25030481815338135,-0.021083340048789978,-0.2863351106643677,i_love_you
0.0,0.0,0.06952965259552002,-0.016032099723815918,0.13233020901679993,-0.06369161605834961,0.16213572025299072,-0.13108545541763306,0.18455389142036438,-0.18522119522094727,0.09192249178886414,-0.15053677558898926,0.10554692149162292,-0.22991591691970825,0.11067000031471252,-0.28370019793510437,0.11394426226615906,-0.3280808925628662,0.05097264051437378,-0.15810507535934448,0.052188605070114136,-0.21789014339447021,0.0452120304107666,-0.1553483009338379,0.04253193736076355,-0.10062319040298462,0.012553408741950989,-0.15622907876968384,0.011982649564743042,-0.2054348886013031,0.010393738746643066,-0.14412260055541992,0.013726875185966492,-0.09954380989074707,-0.026705414056777954,-0.15086960792541504,-0.023371130228042603,-0.21506652235984802,-0.018189385533332825,-0.24938827753067017,-0.0104571133852005,-0.28702205419540405,i_love_you
0.0,0.0,0.06879499554634094,-0.019661128520965576,0.12992504239082336,-0.06683790683746338,0.15988653898239136,-0.1352558732032776,0.18437039852142334,-0.18945932388305664,0.09097766876220703,-0.15048736333847046,0.10452091693878174,-0.2309390902519226,0.11007276177406311,-0.28499752283096313,0.11391079425811768,-0.32974937558174133,0.04961782693862915,-0.15859603881835938,0.05157873034477234,-0.216141939163208,0.044059962034225464,-0.1551138162612915,0.040085434913635254,-0.09951382875442505,0.011537954211235046,-0.15825194120407104,0.011388108134269714,-0.20669791102409363,0.010382741689682007,-0.1477324366569519,0.014225676655769348,-0.10255265235900879,-0.02709430456161499,-0.15445810556411743,-0.024756476283073425,-0.21798089146614075,-0.02092844247817993,-0.252616286277771,-0.013305902481079102,-0.2888927459716797,i_love_you
0.0,0.0,0.06736870110034943,-0.018981099128723145,0.12784089148044586,-0.07025313377380371,0.15760721266269684,-0.1383635401725769,0.18196476995944977,-0.1911303997039795,0.09008853137493134,-0.15624922513961792,0.10246820747852325,-0.23442235589027405,0.10894758999347687,-0.28810667991638184,0.11262331902980804,-0.33270150423049927,0.04828543961048126,-0.16382378339767456,0.05002959072589874,-0.21938157081604004,0.04351396858692169,-0.1543979048728943,0.039329543709754944,-0.09902715682983398,0.009112611413002014,-0.16139262914657593,0.007480636239051819,-0.20905211567878723,0.00795602798461914,-0.15001100301742554,0.011896610260009766,-0.10646843910217285,-0.03083285689353943,-0.15481847524642944,-0.03074975311756134,-0.22010979056358337,-0.026761189103126526,-0.25447624921798706,-0.019219666719436646,-0.29027989506721497,i_love_you
0.0,0.0,0.058650702238082886,-0.03517711162567139,0.10416656732559204,-0.10128903388977051,0.1258908212184906,-0.1605709195137024,0.14018678665161133,-0.20563632249832153,0.0538577139377594,-0.18209052085876465,0.058265507221221924,-0.26224517822265625,0.06148242950439453,-0.31098413467407227,0.06222161650657654,-0.3535027503967285,0.016464203596115112,-0.18077129125595093,0.02575308084487915,-0.2391127347946167,0.032631903886795044,-0.16806858777999878,0.03286004066467285,-0.11301636695861816,-0.021578192710876465,-0.17208147048950195,-0.01669040322303772,-0.22706270217895508,-0.004424870014190674,-0.16051244735717773,0.0015878677368164062,-0.10857439041137695,-0.061736613512039185,-0.15812110900878906,-0.0693751871585846,-0.2315962314605713,-0.06919796764850616,-0.2738076150417328,-0.0711490660905838,-0.3152509033679962,i_love_you
0.0,0.0,0.057598963379859924,-0.03820979595184326,0.09405700862407684,-0.10619509220123291,0.11261726915836334,-0.1633501648902893,0.11953817307949066,-0.2106984257698059,0.03761543333530426,-0.18505722284317017,0.04048554599285126,-0.2685931324958801,0.04491455852985382,-0.3174026310443878,0.04620985686779022,-0.36148765683174133,0.005327686667442322,-0.1848163604736328,0.020226910710334778,-0.23443540930747986,0.034090593457221985,-0.1676870584487915,0.033587947487831116,-0.11269021034240723,-0.02923983335494995,-0.17810022830963135,-0.018647193908691406,-0.2352912724018097,4.623830318450928e-05,-0.1705428957939148,0.005760282278060913,-0.1192319393157959,-0.06620468199253082,-0.16639524698257446,-0.07849319279193878,-0.24060788750648499,-0.07814326882362366,-0.28334367275238037,-0.0796225517988205,-0.3251143991947174,i_love_you
0.0,0.0,0.05515642464160919,-0.038824498653411865,0.08785881102085114,-0.11417227983474731,0.09961630403995514,-0.1728324294090271,0.10645683109760284,-0.21719539165496826,0.025781884789466858,-0.1832849383354187,0.025788381695747375,-0.26829904317855835,0.027949616312980652,-0.3191235065460205,0.028713718056678772,-0.3650537133216858,-0.005088642239570618,-0.18240207433700562,0.013226240873336792,-0.234624445438385,0.0293893963098526,-0.16926968097686768,0.03135843575000763,-0.11256009340286255,-0.0379655659198761,-0.17650973796844482,-0.021998554468154907,-0.2324235439300537,-0.0032767504453659058,-0.16487634181976318,0.0012634694576263428,-0.1113629937171936,-0.07361578941345215,-0.16641730070114136,-0.08907581865787506,-0.24216634035110474,-0.08835236728191376,-0.2887839376926422,-0.08711329102516174,-0.3333085775375366,i_love_you
0.0,0.0,0.05944560468196869,-0.037999093532562256,0.09263195097446442,-0.11617773771286011,0.10316120088100433,-0.17480874061584473,0.11271904408931732,-0.21270090341567993,0.028249606490135193,-0.18596476316452026,0.028222903609275818,-0.26686936616897583,0.032748714089393616,-0.3192499279975891,0.03537590801715851,-0.3654899597167969,-0.0017383396625518799,-0.18436533212661743,0.01834256947040558,-0.2372587025165558,0.03448234498500824,-0.16826999187469482,0.03457532823085785,-0.1098337173461914,-0.03497619926929474,-0.17805761098861694,-0.016381576657295227,-0.2331726849079132,0.004114046692848206,-0.1625499725341797,0.007593467831611633,-0.10797244310379028,-0.07240386307239532,-0.16690504550933838,-0.08581934869289398,-0.242661714553833,-0.08430971205234528,-0.2882452607154846,-0.08376741409301758,-0.33401525020599365,i_love_you
0.0,0.0,0.05814942717552185,-0.03637760877609253,0.09242624044418335,-0.1131441593170166,0.10387489199638367,-0.17150670289993286,0.11316686868667603,-0.21212399005889893,0.028628766536712646,-0.1842455267906189,0.028959006071090698,-0.2649378776550293,0.033343374729156494,-0.3171256482601166,0.03578069806098938,-0.36345306038856506,-0.0016435831785202026,-0.18275457620620728,0.018501415848731995,-0.2350262999534607,0.03442719578742981,-0.166195809841156,0.03437519073486328,-0.10870361328125,-0.03475683927536011,-0.1762881875038147,-0.016854748129844666,-0.22902998328208923,0.003591194748878479,-0.15964019298553467,0.007398888468742371,-0.10663443803787231,-0.07179215550422668,-0.16498059034347534,-0.0856417715549469,-0.24039220809936523,-0.08497443795204163,-0.2850457429885864,-0.08563777804374695,-0.3294353485107422,i_love_you
0.0,0.0,0.06413975358009338,-0.035819172859191895,0.10808160901069641,-0.10762065649032593,0.1257716417312622,-0.16915518045425415,0.1342855989933014,-0.208809494972229,0.05536571145057678,-0.1840692162513733,0.05629229545593262,-0.2639385759830475,0.057314157485961914,-0.31112951040267944,0.05351874232292175,-0.3524671196937561,0.017004668712615967,-0.18366223573684692,0.0239332914352417,-0.23548558354377747,0.03382161259651184,-0.16720354557037354,0.0327705442905426,-0.11063200235366821,-0.022359207272529602,-0.17307525873184204,-0.01649664342403412,-0.2232402265071869,0.00015635788440704346,-0.15928775072097778,0.00595894455909729,-0.11011737585067749,-0.062253594398498535,-0.15659785270690918,-0.0734034925699234,-0.2275439202785492,-0.0722375214099884,-0.26947757601737976,-0.07298904657363892,-0.3119692802429199,i_love_you
0.0,0.0,0.06432758271694183,-0.02923375368118286,0.1156463772058487,-0.09609657526016235,0.1393422931432724,-0.16163575649261475,0.15227164328098297,-0.21243011951446533,0.0651475340127945,-0.1778956651687622,0.0691743940114975,-0.2593969702720642,0.07343243062496185,-0.311082124710083,0.07433123886585236,-0.35553961992263794,0.02563616633415222,-0.17848312854766846,0.031275734305381775,-0.24038496613502502,0.038462862372398376,-0.17339342832565308,0.03706817328929901,-0.11405247449874878,-0.013014346361160278,-0.17042666673660278,-0.012430936098098755,-0.225492924451828,0.0020667463541030884,-0.16300064325332642,0.009742751717567444,-0.11347657442092896,-0.0526040643453598,-0.1575421690940857,-0.06145988404750824,-0.22725316882133484,-0.05949084460735321,-0.26898205280303955,-0.057999446988105774,-0.31201499700546265,i_love_you
0.0,0.0,0.06786151230335236,-0.02289402484893799,0.12427575886249542,-0.08471423387527466,0.14908181130886078,-0.15348881483078003,0.16586337983608246,-0.2044944167137146,0.07760290801525116,-0.16752994060516357,0.08520235121250153,-0.2496759295463562,0.08903338015079498,-0.30143964290618896,0.0910966545343399,-0.34572768211364746,0.037604495882987976,-0.1708052158355713,0.03773553669452667,-0.23151904344558716,0.039407357573509216,-0.16535139083862305,0.03948579728603363,-0.10816389322280884,-0.0011902302503585815,-0.16493970155715942,-0.0036225318908691406,-0.21738150715827942,0.003756806254386902,-0.15491867065429688,0.010273635387420654,-0.1076880693435669,-0.04163447022438049,-0.1547393798828125,-0.046525582671165466,-0.22165828943252563,-0.04433046281337738,-0.2607811987400055,-0.04116596281528473,-0.30248525738716125,i_love_you
0.0,0.0,0.06941430270671844,-0.0277596116065979,0.12526248395442963,-0.08325380086898804,0.14914707839488983,-0.15239042043685913,0.1651945561170578,-0.20650506019592285,0.08066414296627045,-0.16489338874816895,0.08789817988872528,-0.2470836639404297,0.09158654510974884,-0.3005586266517639,0.09381522238254547,-0.3459382653236389,0.03912065923213959,-0.16871607303619385,0.0396742969751358,-0.2300417721271515,0.039933040738105774,-0.1655701994895935,0.04055298864841461,-0.10795503854751587,-0.0002303868532180786,-0.16392630338668823,-0.00193004310131073,-0.21804285049438477,0.003813222050666809,-0.15720444917678833,0.010728374123573303,-0.10905730724334717,-0.041035547852516174,-0.15439516305923462,-0.04444481432437897,-0.22165441513061523,-0.04311278462409973,-0.26037558913230896,-0.03927047550678253,-0.30041661858558655,i_love_you
0.0,0.0,0.06889796257019043,-0.021534860134124756,0.12370750308036804,-0.08061176538467407,0.1441139280796051,-0.15203696489334106,0.16336265206336975,-0.20332229137420654,0.08515706658363342,-0.16503530740737915,0.09434086084365845,-0.24877279996871948,0.09770476818084717,-0.30310505628585815,0.10008421540260315,-0.34797030687332153,0.043145328760147095,-0.16930663585662842,0.04410770535469055,-0.22759944200515747,0.039066046476364136,-0.15988779067993164,0.03738340735435486,-0.10286962985992432,0.0033285319805145264,-0.16411155462265015,0.0008635222911834717,-0.21288049221038818,0.0025289058685302734,-0.14991390705108643,0.007793158292770386,-0.10421872138977051,-0.03813697397708893,-0.1542568802833557,-0.03833851218223572,-0.22150322794914246,-0.03731533885002136,-0.25750866532325745,-0.03404223918914795,-0.2963736057281494,i_love_you
0.0,0.0,0.06995128095149994,-0.022289752960205078,0.12495596706867218,-0.08126336336135864,0.14445240795612335,-0.15573269128799438,0.1635582596063614,-0.2063315510749817,0.08411084115505219,-0.16202718019485474,0.0944603830575943,-0.24554842710494995,0.09835971891880035,-0.29965364933013916,0.10187159478664398,-0.3437815308570862,0.04249592125415802,-0.16536742448806763,0.04361565411090851,-0.22834408283233643,0.04051800072193146,-0.16618764400482178,0.04026977717876434,-0.10792875289916992,0.0038593262434005737,-0.16177308559417725,0.00191536545753479,-0.21357622742652893,0.004525214433670044,-0.15376341342926025,0.010363489389419556,-0.10593283176422119,-0.036663398146629333,-0.15599215030670166,-0.035057976841926575,-0.2215355634689331,-0.03449316322803497,-0.2603151798248291,-0.03269384801387787,-0.3005923628807068,i_love_you
0.0,0.0,0.06967338919639587,-0.02191239595413208,0.1247907280921936,-0.08074355125427246,0.14424356818199158,-0.15560239553451538,0.16330194473266602,-0.20686352252960205,0.08432325720787048,-0.16026973724365234,0.09441837668418884,-0.24391630291938782,0.09846329689025879,-0.29952186346054077,0.10218530893325806,-0.34479382634162903,0.04279068112373352,-0.16444754600524902,0.044639915227890015,-0.22774621844291687,0.040997058153152466,-0.16542088985443115,0.04054030776023865,-0.10736393928527832,0.004187285900115967,-0.1616087555885315,0.0027527809143066406,-0.21381863951683044,0.004082486033439636,-0.15305399894714355,0.009137451648712158,-0.10551470518112183,-0.0365850031375885,-0.1565743088722229,-0.0350707471370697,-0.22277945280075073,-0.03433947265148163,-0.26101693511009216,-0.03186453878879547,-0.30076974630355835,i_love_you
0.0,0.0,0.06959997117519379,-0.02433323860168457,0.12382538616657257,-0.08469659090042114,0.14111612737178802,-0.1594752073287964,0.1595747321844101,-0.21029013395309448,0.08350147306919098,-0.1617991328239441,0.09363587200641632,-0.24375438690185547,0.09891094267368317,-0.2992836534976959,0.10285599529743195,-0.34462833404541016,0.042217954993247986,-0.1657259464263916,0.04446937143802643,-0.23013171553611755,0.04190562665462494,-0.16821348667144775,0.04025419056415558,-0.1099557876586914,0.004085645079612732,-0.1626463532447815,0.0027804672718048096,-0.21567970514297485,0.005002543330192566,-0.1559184193611145,0.009283825755119324,-0.10812991857528687,-0.036719515919685364,-0.15651726722717285,-0.03520210087299347,-0.22251516580581665,-0.03308112919330597,-0.2617565989494324,-0.02992728352546692,-0.302986204624176,i_love_you
0.0,0.0,0.06946855783462524,-0.024807214736938477,0.12366169691085815,-0.08521544933319092,0.1411956548690796,-0.15937316417694092,0.15912148356437683,-0.21043157577514648,0.08348625898361206,-0.1623547077178955,0.09312981367111206,-0.24478116631507874,0.09828588366508484,-0.30088478326797485,0.10230359435081482,-0.34701958298683167,0.04206320643424988,-0.1666385531425476,0.043956637382507324,-0.23025283217430115,0.041650474071502686,-0.16832274198532104,0.03990331292152405,-0.11023932695388794,0.003635898232460022,-0.16359281539916992,0.0019630491733551025,-0.2175656259059906,0.0039488524198532104,-0.15687620639801025,0.008229881525039673,-0.10877597332000732,-0.03717827796936035,-0.15717869997024536,-0.03645730018615723,-0.22266972064971924,-0.03427727520465851,-0.2616167664527893,-0.030634909868240356,-0.30305904150009155,i_love_you
0.0,0.0,0.06914117932319641,-0.024770796298980713,0.12330099940299988,-0.0868062973022461,0.140099436044693,-0.1642756462097168,0.1597251296043396,-0.21480077505111694,0.08536309003829956,-0.1611088514328003,0.09527400135993958,-0.24465620517730713,0.09995278716087341,-0.30156171321868896,0.10391587018966675,-0.34865498542785645,0.04406586289405823,-0.16680675745010376,0.045984625816345215,-0.23177850246429443,0.041479527950286865,-0.16706770658493042,0.03924301266670227,-0.10766291618347168,0.0060356855392456055,-0.16416269540786743,0.004057437181472778,-0.21900540590286255,0.004866570234298706,-0.15584653615951538,0.009001582860946655,-0.1069757342338562,-0.03490513563156128,-0.15732169151306152,-0.03458809852600098,-0.2237071692943573,-0.03319230675697327,-0.2618381381034851,-0.029967859387397766,-0.30298948287963867,i_love_you
0.0,0.0,0.0633942186832428,-0.021103978157043457,0.11003217101097107,-0.08138668537139893,0.12278199195861816,-0.15047389268875122,0.1294345259666443,-0.19716355204582214,0.07705959677696228,-0.12264466285705566,0.07465964555740356,-0.1675078272819519,0.07108551263809204,-0.1441793441772461,0.06978294253349304,-0.12391585111618042,0.040411144495010376,-0.13237345218658447,0.036205142736434937,-0.186221182346344,0.035940349102020264,-0.13338536024093628,0.03764021396636963,-0.09569311141967773,0.008194923400878906,-0.13146990537643433,0.0018943101167678833,-0.1809448003768921,0.004049241542816162,-0.12423563003540039,0.007091358304023743,-0.08889400959014893,-0.024128645658493042,-0.12132281064987183,-0.024570614099502563,-0.16193920373916626,-0.021718829870224,-0.12212604284286499,-0.017089515924453735,-0.09307050704956055,i_love_you
0.0,0.0,0.06890985369682312,-0.023548245429992676,0.12182977795600891,-0.08594995737075806,0.13405117392539978,-0.1616441011428833,0.14493680000305176,-0.21345573663711548,0.08398550748825073,-0.16077369451522827,0.09371387958526611,-0.24318024516105652,0.09735095500946045,-0.2997635006904602,0.10062772035598755,-0.34610575437545776,0.041877299547195435,-0.1646443009376526,0.043274372816085815,-0.22776073217391968,0.042077094316482544,-0.16677170991897583,0.04256889224052429,-0.1083914041519165,0.003628849983215332,-0.1621776819229126,0.0015991777181625366,-0.21356511116027832,0.005555734038352966,-0.15305811166763306,0.011672943830490112,-0.10407960414886475,-0.037028372287750244,-0.15683770179748535,-0.03809688985347748,-0.22151806950569153,-0.0373997688293457,-0.2601301968097687,-0.03456337749958038,-0.3003268241882324,i_love_you
0.0,0.0,0.06938424706459045,-0.024388253688812256,0.12231278419494629,-0.08444905281066895,0.13336244225502014,-0.16159433126449585,0.14223980903625488,-0.2154487669467926,0.08450424671173096,-0.15986794233322144,0.09298676252365112,-0.24232864379882812,0.09687364101409912,-0.2995069622993469,0.1005440354347229,-0.34525197744369507,0.042281895875930786,-0.16372036933898926,0.04302448034286499,-0.2289738655090332,0.03975899517536163,-0.16868644952774048,0.0383661687374115,-0.10910958051681519,0.004045814275741577,-0.16083931922912598,0.0008600503206253052,-0.21254977583885193,0.002982497215270996,-0.15469539165496826,0.008154362440109253,-0.10625660419464111,-0.03726455569267273,-0.15511780977249146,-0.03651037812232971,-0.22042304277420044,-0.03610607981681824,-0.25978410243988037,-0.034203141927719116,-0.3001577854156494,i_love_you
0.0,0.0,0.06903943419456482,-0.023415982723236084,0.12214905023574829,-0.0834190845489502,0.13301992416381836,-0.16047847270965576,0.1423206329345703,-0.2141655683517456,0.0846337080001831,-0.15901458263397217,0.09316307306289673,-0.24131983518600464,0.09704005718231201,-0.29832589626312256,0.10082665085792542,-0.3439386487007141,0.04237505793571472,-0.16317486763000488,0.04303225874900818,-0.227425217628479,0.039631038904190063,-0.16727721691131592,0.03816521167755127,-0.10798096656799316,0.00414690375328064,-0.1604880690574646,0.000753745436668396,-0.21172568202018738,0.002869710326194763,-0.15375792980194092,0.008153706789016724,-0.10521626472473145,-0.03701867163181305,-0.15493261814117432,-0.036482855677604675,-0.21985867619514465,-0.036314457654953,-0.25900644063949585,-0.03443381190299988,-0.29913145303726196,i_love_you
0.0,0.0,0.05954834818840027,-0.02105635404586792,0.10382109880447388,-0.07437479496002197,0.11687061190605164,-0.1419726014137268,0.12421807646751404,-0.18751609325408936,0.07865917682647705,-0.0947490930557251,0.0836353600025177,-0.14621573686599731,0.07843133807182312,-0.14594435691833496,0.07610112428665161,-0.14429646730422974,0.04457065463066101,-0.10525506734848022,0.04458138346672058,-0.15639543533325195,0.039781928062438965,-0.13114899396896362,0.03956228494644165,-0.11427664756774902,0.014597654342651367,-0.10833275318145752,0.012780636548995972,-0.1566758155822754,0.009752482175827026,-0.1256064772605896,0.01142340898513794,-0.10476803779602051,-0.013251543045043945,-0.10502791404724121,-0.016634047031402588,-0.14318770170211792,-0.019232064485549927,-0.1197163462638855,-0.01626807451248169,-0.10011714696884155,i_love_you
0.0,0.0,0.06886991858482361,-0.024270832538604736,0.12144607305526733,-0.08632487058639526,0.13247260451316833,-0.16189128160476685,0.14343494176864624,-0.21434780955314636,0.08358728885650635,-0.16174811124801636,0.0928056538105011,-0.24328118562698364,0.09667235612869263,-0.29942649602890015,0.09971234202384949,-0.3447890281677246,0.041879355907440186,-0.16606152057647705,0.04444533586502075,-0.23052406311035156,0.041896671056747437,-0.16870653629302979,0.040411993861198425,-0.11002099514007568,0.003618985414505005,-0.16327261924743652,0.0018895119428634644,-0.21494871377944946,0.004649922251701355,-0.1554996371269226,0.00961524248123169,-0.10677987337112427,-0.037489622831344604,-0.15696686506271362,-0.03797474503517151,-0.2231176495552063,-0.0371803343296051,-0.2614877223968506,-0.03497783839702606,-0.3006264567375183,i_love_you
0.0,0.0,0.06752753257751465,-0.028654813766479492,0.1169033944606781,-0.09223330020904541,0.1278233528137207,-0.16684937477111816,0.13835564255714417,-0.22016054391860962,0.07514703273773193,-0.16788697242736816,0.08169040083885193,-0.2494613528251648,0.08536505699157715,-0.3049641251564026,0.08795961737632751,-0.3513220548629761,0.03362298011779785,-0.16970807313919067,0.036853939294815063,-0.2350480556488037,0.03929343819618225,-0.17336201667785645,0.04039868712425232,-0.11480516195297241,-0.005199417471885681,-0.164794921875,-0.006733715534210205,-0.22241753339767456,0.0009459555149078369,-0.16277307271957397,0.009227320551872253,-0.11216425895690918,-0.046418458223342896,-0.1555393934249878,-0.051390185952186584,-0.2211216390132904,-0.051285386085510254,-0.2606911063194275,-0.04885861277580261,-0.3016783595085144,i_love_you
0.0,0.0,0.06163771450519562,-0.034265100955963135,0.10438640415668488,-0.10687446594238281,0.11189933121204376,-0.17497283220291138,0.11534629762172699,-0.2235771119594574,0.05991508066654205,-0.1839127540588379,0.06408978998661041,-0.2665681838989258,0.06762929260730743,-0.3180284798145294,0.0699782520532608,-0.36225131154060364,0.021020114421844482,-0.1832425594329834,0.026744648814201355,-0.24583357572555542,0.03425918519496918,-0.17744982242584229,0.03510977327823639,-0.11886352300643921,-0.017014488577842712,-0.17553263902664185,-0.01582770049571991,-0.23248416185379028,-0.0025107115507125854,-0.16627132892608643,0.00470966100692749,-0.11324316263198853,-0.05764941871166229,-0.1620926856994629,-0.07056029140949249,-0.23284542560577393,-0.0704842358827591,-0.273803174495697,-0.07009334862232208,-0.3163335621356964,i_love_you
0.0,0.0,0.06229953467845917,-0.03611922264099121,0.10296951234340668,-0.11176323890686035,0.11146114766597748,-0.1805579662322998,0.1145339161157608,-0.22930407524108887,0.05721081793308258,-0.18777525424957275,0.06125320494174957,-0.27028220891952515,0.06683067977428436,-0.3215283751487732,0.06906814873218536,-0.3655032515525818,0.019123047590255737,-0.18678832054138184,0.025337591767311096,-0.24718639254570007,0.03537704050540924,-0.17912805080413818,0.03608141839504242,-0.11908543109893799,-0.018867656588554382,-0.17822271585464478,-0.016445517539978027,-0.2329215407371521,4.826486110687256e-05,-0.16998928785324097,0.008135169744491577,-0.11842960119247437,-0.059262827038764954,-0.16376978158950806,-0.07061874866485596,-0.23670411109924316,-0.06843249499797821,-0.280516654253006,-0.0671219676733017,-0.3236715793609619,i_love_you
0.0,0.0,0.05698786675930023,-0.04254031181335449,0.09082941710948944,-0.11755567789077759,0.0962778776884079,-0.1814001202583313,0.09473954141139984,-0.23194089531898499,0.04096691310405731,-0.18961650133132935,0.042643144726753235,-0.27515077590942383,0.04787831008434296,-0.3264344334602356,0.05271284282207489,-0.3707464933395386,0.007768496870994568,-0.18848168849945068,0.020911112427711487,-0.2455924153327942,0.03511346876621246,-0.17825257778167725,0.03844030201435089,-0.11983615159988403,-0.02708837389945984,-0.1809418797492981,-0.01637984812259674,-0.23642730712890625,0.0022604763507843018,-0.1730223298072815,0.009134292602539062,-0.12026292085647583,-0.0655449777841568,-0.16748905181884766,-0.07944323122501373,-0.24381351470947266,-0.0786048024892807,-0.2892448604106903,-0.07968364655971527,-0.3316991329193115,i_love_you
0.0,0.0,0.05886605381965637,-0.04204916954040527,0.0891788899898529,-0.12087154388427734,0.09435459971427917,-0.18499749898910522,0.09624102711677551,-0.23347723484039307,0.04051283001899719,-0.18907642364501953,0.04400220513343811,-0.27302396297454834,0.04919010400772095,-0.3238261640071869,0.051445603370666504,-0.3689703047275543,0.006536275148391724,-0.1883639097213745,0.018722951412200928,-0.2439136803150177,0.03349030017852783,-0.17682337760925293,0.03665444254875183,-0.11886340379714966,-0.028894245624542236,-0.1801600456237793,-0.01817721128463745,-0.23601150512695312,0.0018015056848526,-0.17176109552383423,0.009608656167984009,-0.11883985996246338,-0.0669100284576416,-0.16528725624084473,-0.07985542714595795,-0.23978698253631592,-0.07896760106086731,-0.2857350707054138,-0.07981640100479126,-0.3287966847419739,i_love_you
0.0,0.0,0.053837090730667114,-0.04207253456115723,0.07917165756225586,-0.11931347846984863,0.07875174283981323,-0.1802051067352295,0.07356643676757812,-0.22748401761054993,0.02621757984161377,-0.18704408407211304,0.0263197124004364,-0.2724182605743408,0.03165516257286072,-0.3232804536819458,0.035090237855911255,-0.36889857053756714,-0.004654645919799805,-0.18723881244659424,0.01400458812713623,-0.24044781923294067,0.030990242958068848,-0.1760299801826477,0.03248956799507141,-0.12001937627792358,-0.03721052408218384,-0.1813015341758728,-0.021044448018074036,-0.23969146609306335,0.0005218386650085449,-0.17614978551864624,0.00659315288066864,-0.12269550561904907,-0.07294905185699463,-0.16845673322677612,-0.08962395787239075,-0.24507445096969604,-0.08943602442741394,-0.29108870029449463,-0.08955037593841553,-0.3333844542503357,i_love_you
0.0,0.0,0.049487292766571045,-0.052012085914611816,0.06269901990890503,-0.1319141387939453,0.0611894428730011,-0.1915333867073059,0.05066537857055664,-0.2354758381843567,0.006386503577232361,-0.18878555297851562,0.0007213503122329712,-0.27300047874450684,0.006955534219741821,-0.3273826241493225,0.011878401041030884,-0.3745154142379761,-0.019340038299560547,-0.18765407800674438,0.0014919042587280273,-0.2436162531375885,0.025842607021331787,-0.18322515487670898,0.031108081340789795,-0.12770980596542358,-0.048322439193725586,-0.18108099699020386,-0.025991827249526978,-0.23898997902870178,0.0004270970821380615,-0.17689073085784912,0.006105080246925354,-0.1233864426612854,-0.08067241311073303,-0.1682947278022766,-0.09814025461673737,-0.24737823009490967,-0.10019604861736298,-0.29710471630096436,-0.10328172147274017,-0.34235087037086487,i_love_you
0.0,0.0,0.04647450149059296,-0.051144540309906006,0.055298104882240295,-0.13357704877853394,0.05330486595630646,-0.1918753981590271,0.04192854464054108,-0.2289133369922638,0.002256914973258972,-0.1922283172607422,-0.004691705107688904,-0.2738737165927887,-0.0003249943256378174,-0.32602658867836,0.001898065209388733,-0.3707556128501892,-0.022772833704948425,-0.1892383098602295,-0.001727774739265442,-0.24060368537902832,0.022395744919776917,-0.17784100770950317,0.028554633259773254,-0.12227708101272583,-0.05097499489784241,-0.18017899990081787,-0.02741391956806183,-0.23358014225959778,0.00032819807529449463,-0.1729068160057068,0.007546082139015198,-0.1214415431022644,-0.08179280161857605,-0.16601216793060303,-0.09842947125434875,-0.24384281039237976,-0.10294073820114136,-0.2932813763618469,-0.10780531167984009,-0.3391987383365631,i_love_you
0.0,0.0,0.04576781392097473,-0.051036715507507324,0.05534747242927551,-0.13227742910385132,0.052193403244018555,-0.19024187326431274,0.038907796144485474,-0.22687438130378723,0.0024342238903045654,-0.19205760955810547,-0.0055908262729644775,-0.27314120531082153,-0.0013389289379119873,-0.32611823081970215,0.0016531497240066528,-0.3712042570114136,-0.022878244519233704,-0.18878966569900513,-0.001713186502456665,-0.24147877097129822,0.023256510496139526,-0.1802498698234558,0.031486451625823975,-0.12497329711914062,-0.05127117037773132,-0.17972588539123535,-0.02705363929271698,-0.23255634307861328,0.0001770108938217163,-0.17288100719451904,0.008006453514099121,-0.12132132053375244,-0.08256779611110687,-0.16548210382461548,-0.09900897741317749,-0.24249762296676636,-0.10267035663127899,-0.29242849349975586,-0.10618859529495239,-0.338360071182251,i_love_you
0.0,0.0,0.0465099960565567,-0.050217628479003906,0.05544309318065643,-0.1294393539428711,0.05262456834316254,-0.18363666534423828,0.04395817220211029,-0.22371768951416016,-0.002187967300415039,-0.18553680181503296,-0.009497418999671936,-0.269732266664505,-0.00523415207862854,-0.32362228631973267,-0.002008095383644104,-0.3701559901237488,-0.02521355450153351,-0.1832370162010193,-0.00495891273021698,-0.23547875881195068,0.017895624041557312,-0.17478376626968384,0.023683741688728333,-0.12076157331466675,-0.05219019949436188,-0.1766793131828308,-0.029132381081581116,-0.23238837718963623,-0.003969073295593262,-0.16929912567138672,0.0005599409341812134,-0.11698716878890991,-0.08281151950359344,-0.16493594646453857,-0.09912271797657013,-0.24027353525161743,-0.10281091928482056,-0.2879076600074768,-0.10785268247127533,-0.3324774503707886,i_love_you
0.0,0.0,0.05880492925643921,-0.04535484313964844,0.08553731441497803,-0.11723530292510986,0.08850985765457153,-0.17297714948654175,0.08046236634254456,-0.2122819423675537,0.033474504947662354,-0.18892347812652588,0.036221712827682495,-0.2676950991153717,0.037883460521698,-0.31353914737701416,0.03577697277069092,-0.3542349934577942,-0.0014015436172485352,-0.18786579370498657,0.00805799663066864,-0.24039149284362793,0.024044334888458252,-0.1766086220741272,0.029584646224975586,-0.12210357189178467,-0.039079293608665466,-0.17799657583236694,-0.027255356311798096,-0.22726160287857056,-0.006155416369438171,-0.1651468276977539,0.001985296607017517,-0.1154966950416565,-0.07873404026031494,-0.16041624546051025,-0.09386226534843445,-0.23263806104660034,-0.09534041583538055,-0.2766628861427307,-0.09642049670219421,-0.318562388420105,i_love_you
0.0,0.0,0.06847897171974182,-0.030615687370300293,0.1164199709892273,-0.09733283519744873,0.13399457931518555,-0.16171783208847046,0.150906503200531,-0.20281916856765747,0.07005780935287476,-0.176751971244812,0.07968834042549133,-0.2603296637535095,0.08487677574157715,-0.3102344274520874,0.08810296654701233,-0.35418954491615295,0.03071761131286621,-0.18005645275115967,0.03376305103302002,-0.2397409975528717,0.03734952211380005,-0.17394202947616577,0.03897663950920105,-0.11847645044326782,-0.008108481764793396,-0.17402678728103638,-0.005626007914543152,-0.2264108657836914,0.004939094185829163,-0.1636783480644226,0.010834142565727234,-0.1174585223197937,-0.04819266498088837,-0.16110950708389282,-0.05337914824485779,-0.22902119159698486,-0.05213212966918945,-0.26800376176834106,-0.05211532115936279,-0.3111070394515991,i_love_you
0.0,0.0,0.06810896098613739,-0.022191345691680908,0.12170515954494476,-0.08219641447067261,0.14445818960666656,-0.14770293235778809,0.16082017123699188,-0.19471502304077148,0.07611115276813507,-0.17052185535430908,0.0863586813211441,-0.2516690492630005,0.08985833823680878,-0.30375146865844727,0.09226639568805695,-0.3467535078525543,0.03581477701663971,-0.1721540093421936,0.03302498161792755,-0.22616001963615417,0.03144101798534393,-0.15824109315872192,0.03184841573238373,-0.10219454765319824,-0.0024982094764709473,-0.16442608833312988,-0.0066845715045928955,-0.20958226919174194,-0.0020700544118881226,-0.1451701521873474,0.004145324230194092,-0.10013341903686523,-0.042054206132888794,-0.15148717164993286,-0.04845835268497467,-0.215856671333313,-0.04672805964946747,-0.25118547677993774,-0.04206237196922302,-0.2912497818470001,i_love_you
0.0,0.0,0.06907197833061218,-0.022054553031921387,0.1227562427520752,-0.08184540271759033,0.14379027485847473,-0.14940136671066284,0.1618272364139557,-0.19664233922958374,0.079429030418396,-0.16840553283691406,0.08886250853538513,-0.24905657768249512,0.09243211150169373,-0.3012489676475525,0.09473460912704468,-0.3441619575023651,0.03811383247375488,-0.17087042331695557,0.03695023059844971,-0.2283252477645874,0.03534215688705444,-0.1605457067489624,0.035764843225479126,-0.10385751724243164,-0.0004775524139404297,-0.1641913652420044,-0.004271179437637329,-0.21135631203651428,0.0005636215209960938,-0.1485317349433899,0.0073222815990448,-0.10254275798797607,-0.03969797492027283,-0.15229862928390503,-0.04555630683898926,-0.21810603141784668,-0.04472789168357849,-0.2537198066711426,-0.04092729091644287,-0.2925037443637848,i_love_you
0.0,0.0,0.06643624603748322,-0.026782214641571045,0.12268330156803131,-0.08193421363830566,0.14693422615528107,-0.14626705646514893,0.167841836810112,-0.1971604824066162,0.07801540195941925,-0.17076092958450317,0.0885734111070633,-0.25088828802108765,0.09212307631969452,-0.30489760637283325,0.09305377304553986,-0.34878939390182495,0.03715158998966217,-0.17314475774765015,0.03128829598426819,-0.22572734951972961,0.028521597385406494,-0.15958243608474731,0.029634609818458557,-0.10576057434082031,-0.0021176040172576904,-0.1652504801750183,-0.009490177035331726,-0.20664477348327637,-0.0056135207414627075,-0.1461350917816162,0.0018664151430130005,-0.10323894023895264,-0.041296765208244324,-0.15320426225662231,-0.047795459628105164,-0.21916130185127258,-0.04793219268321991,-0.25269755721092224,-0.04474681615829468,-0.28749996423721313,i_love_you
0.0,0.0,0.0641985535621643,-0.028690814971923828,0.11779585480690002,-0.09252780675888062,0.14081299304962158,-0.16255271434783936,0.16623643040657043,-0.21243909001350403,0.07011941075325012,-0.1770017147064209,0.06843963265419006,-0.26021715998649597,0.06322923302650452,-0.31752994656562805,0.05732160806655884,-0.36428433656692505,0.027300924062728882,-0.1729975938796997,0.011418253183364868,-0.22121509909629822,0.011087119579315186,-0.15164875984191895,0.01658034324645996,-0.09908300638198853,-0.011279672384262085,-0.16010791063308716,-0.027840346097946167,-0.19788870215415955,-0.019618332386016846,-0.13561517000198364,-0.008164137601852417,-0.09404957294464111,-0.04804268479347229,-0.14269661903381348,-0.06018775701522827,-0.20737344026565552,-0.06491237878799438,-0.24109044671058655,-0.06642434000968933,-0.2811274528503418,i_love_you
0.0,0.0,0.06435355544090271,-0.034578144550323486,0.11578446626663208,-0.0975986123085022,0.13765347003936768,-0.16357636451721191,0.16150414943695068,-0.2121247947216034,0.0667605996131897,-0.18003404140472412,0.06485852599143982,-0.2633299231529236,0.057930827140808105,-0.32002800703048706,0.05084490776062012,-0.36596545577049255,0.02510124444961548,-0.17474490404129028,0.00610661506652832,-0.22158995270729065,0.0053837597370147705,-0.154743492603302,0.012518376111984253,-0.10039252042770386,-0.014101088047027588,-0.1611272096633911,-0.030693024396896362,-0.19445368647575378,-0.022196605801582336,-0.13396000862121582,-0.008662402629852295,-0.09073203802108765,-0.05153685808181763,-0.14477819204330444,-0.06351764500141144,-0.20545744895935059,-0.0696258544921875,-0.2380199432373047,-0.07142733037471771,-0.274020254611969,i_love_you
0.0,0.0,0.06461215019226074,-0.034778475761413574,0.11384442448616028,-0.09969538450241089,0.136555016040802,-0.16653674840927124,0.16101592779159546,-0.2149897813796997,0.0649324357509613,-0.1800491213798523,0.0632743239402771,-0.2645207941532135,0.05721971392631531,-0.3230193257331848,0.05063652992248535,-0.3692706823348999,0.02356041967868805,-0.1740766167640686,0.006869658827781677,-0.22297146916389465,0.006302401423454285,-0.15621596574783325,0.012690708041191101,-0.10171753168106079,-0.015342459082603455,-0.15931230783462524,-0.03106217086315155,-0.1933055818080902,-0.022631585597991943,-0.1344447135925293,-0.009407252073287964,-0.09204256534576416,-0.05233149230480194,-0.1420770287513733,-0.0643540769815445,-0.2035684585571289,-0.07071557641029358,-0.23755088448524475,-0.07315611839294434,-0.2741122841835022,i_love_you
0.0,0.0,0.06333726644515991,-0.03549814224243164,0.11257955431938171,-0.10720747709274292,0.13214945793151855,-0.1792883276939392,0.15723520517349243,-0.22808340191841125,0.06043854355812073,-0.18613958358764648,0.05280497670173645,-0.27253448963165283,0.043517082929611206,-0.3298288583755493,0.03532525897026062,-0.37803930044174194,0.01831531524658203,-0.1775432527065277,-0.004463359713554382,-0.22200846672058105,0.0001526176929473877,-0.15075135231018066,0.012306705117225647,-0.10113251209259033,-0.019893869757652283,-0.1614658236503601,-0.04162704944610596,-0.19674468040466309,-0.02830567955970764,-0.13257497549057007,-0.011029109358787537,-0.09141212701797485,-0.05598980188369751,-0.14226168394088745,-0.07169017195701599,-0.20481964945793152,-0.0800417959690094,-0.23667681217193604,-0.08414968848228455,-0.2752225995063782,i_love_you
0.0,0.0,0.061826854944229126,-0.041324734687805176,0.10681656002998352,-0.11439746618270874,0.1248452365398407,-0.18430796265602112,0.1508738100528717,-0.2332194447517395,0.054930657148361206,-0.19451531767845154,0.04665708541870117,-0.2781217694282532,0.03537750244140625,-0.33646804094314575,0.024251922965049744,-0.38316547870635986,0.013354912400245667,-0.18439561128616333,-0.009423404932022095,-0.22818201780319214,-0.0038646310567855835,-0.15650856494903564,0.00769922137260437,-0.10300791263580322,-0.025701507925987244,-0.1661798357963562,-0.045632585883140564,-0.19444018602371216,-0.03087468445301056,-0.12997949123382568,-0.013753741979598999,-0.08803820610046387,-0.06356436014175415,-0.145574688911438,-0.07979696989059448,-0.2081347405910492,-0.08743982017040253,-0.23893234133720398,-0.09157821536064148,-0.27610376477241516,i_love_you
0.0,0.0,0.06250761449337006,-0.040463924407958984,0.10706187784671783,-0.11452090740203857,0.12593956291675568,-0.1851729154586792,0.15297292172908783,-0.23283034563064575,0.05402292311191559,-0.19429108500480652,0.04716993868350983,-0.28026658296585083,0.03625069558620453,-0.3384130001068115,0.025467783212661743,-0.3844168782234192,0.013484835624694824,-0.1839524209499359,-0.00817406177520752,-0.22951465845108032,-0.002746179699897766,-0.1594374179840088,0.008341744542121887,-0.1057162880897522,-0.024421319365501404,-0.1650429368019104,-0.04386194050312042,-0.19318848848342896,-0.02918289601802826,-0.12984806299209595,-0.011723324656486511,-0.08887344598770142,-0.061358943581581116,-0.14452266693115234,-0.07775416970252991,-0.20650094747543335,-0.08722607791423798,-0.23939836025238037,-0.09333722293376923,-0.2784557640552521,i_love_you
0.0,0.0,0.06410793960094452,-0.04062837362289429,0.10937674343585968,-0.11602187156677246,0.12749449908733368,-0.18837597966194153,0.15176980197429657,-0.23886704444885254,0.05515874922275543,-0.19597786664962769,0.046614870429039,-0.2826005816459656,0.033984795212745667,-0.34190118312835693,0.022465109825134277,-0.38954055309295654,0.012481555342674255,-0.18659308552742004,-0.010829120874404907,-0.23167932033538818,-0.004106789827346802,-0.15936744213104248,0.009910762310028076,-0.10528779029846191,-0.027360856533050537,-0.16900891065597534,-0.04639042913913727,-0.1991131603717804,-0.03016085922718048,-0.13275378942489624,-0.011603102087974548,-0.0900946855545044,-0.06509272754192352,-0.14952772855758667,-0.08340172469615936,-0.2136247456073761,-0.0909477025270462,-0.24389207363128662,-0.0935637354850769,-0.27966517210006714,i_love_you
0.0,0.0,0.06325039267539978,-0.04947322607040405,0.10489657521247864,-0.129372239112854,0.12123271822929382,-0.20315957069396973,0.14780423045158386,-0.2525867819786072,0.04713103175163269,-0.20366260409355164,0.030961304903030396,-0.2886929214000702,0.01436130702495575,-0.3458564877510071,-6.476044654846191e-05,-0.39261043071746826,0.005346909165382385,-0.19036859273910522,-0.02184908092021942,-0.23182421922683716,-0.013240635395050049,-0.1578342318534851,0.0017597675323486328,-0.10305970907211304,-0.03344377875328064,-0.16963458061218262,-0.057044655084609985,-0.2024381458759308,-0.03979204595088959,-0.13547682762145996,-0.02110275626182556,-0.09010881185531616,-0.07030235230922699,-0.14642608165740967,-0.09165650606155396,-0.21064209938049316,-0.10338389873504639,-0.24308067560195923,-0.11210423707962036,-0.28228431940078735,i_love_you
0.0,0.0,0.0628466010093689,-0.04599851369857788,0.103375643491745,-0.1300157904624939,0.11755180358886719,-0.20648318529129028,0.14297503232955933,-0.2534942030906677,0.04435914754867554,-0.20410341024398804,0.027582496404647827,-0.2924821078777313,0.009583458304405212,-0.3506481647491455,-0.006249681115150452,-0.39756688475608826,0.001919865608215332,-0.18914154171943665,-0.027438566088676453,-0.23112329840660095,-0.01583552360534668,-0.15719681978225708,0.0024852901697158813,-0.10308676958084106,-0.036618784070014954,-0.1674649715423584,-0.06272055208683014,-0.19555985927581787,-0.04194048047065735,-0.13103747367858887,-0.019638538360595703,-0.0888899564743042,-0.0738118588924408,-0.14332318305969238,-0.09404364228248596,-0.2071698009967804,-0.10689932107925415,-0.24030354619026184,-0.11681756377220154,-0.279977411031723,i_love_you
0.0,0.0,0.0623454749584198,-0.04614764451980591,0.1023428738117218,-0.12967729568481445,0.1171598732471466,-0.20735624432563782,0.14295107126235962,-0.25603973865509033,0.044874221086502075,-0.20326587557792664,0.028711214661598206,-0.2932049036026001,0.01105131208896637,-0.3527557849884033,-0.005894273519515991,-0.40084272623062134,0.0027073025703430176,-0.18964070081710815,-0.0261661559343338,-0.23348712921142578,-0.01416480541229248,-0.1606069803237915,0.002855271100997925,-0.10717213153839111,-0.03551724553108215,-0.16826707124710083,-0.061763912439346313,-0.19686919450759888,-0.04027077555656433,-0.13195109367370605,-0.01796543598175049,-0.09001278877258301,-0.07199016213417053,-0.14483267068862915,-0.09261524677276611,-0.20861268043518066,-0.10594471544027328,-0.24268561601638794,-0.11673615872859955,-0.2836666405200958,i_love_you
0.0,0.0,0.06353560090065002,-0.046866655349731445,0.10534533858299255,-0.1280750036239624,0.12094786763191223,-0.20307648181915283,0.1462439000606537,-0.25188279151916504,0.047192126512527466,-0.20252150297164917,0.03272607922554016,-0.29118186235427856,0.01588599383831024,-0.3494841754436493,-0.00041390955448150635,-0.3970460593700409,0.005336731672286987,-0.1879996955394745,-0.02272471785545349,-0.23245474696159363,-0.011671602725982666,-0.1602523922920227,0.005476370453834534,-0.10834819078445435,-0.0328359454870224,-0.16562163829803467,-0.057621389627456665,-0.1928849220275879,-0.037177637219429016,-0.13011807203292847,-0.01514996588230133,-0.09069597721099854,-0.06942494213581085,-0.1417483687400818,-0.09013001620769501,-0.2057698667049408,-0.10353849828243256,-0.24004095792770386,-0.11367809772491455,-0.2805224657058716,i_love_you
0.0,0.0,0.06495252251625061,-0.04454374313354492,0.10878542065620422,-0.12133854627609253,0.12642276287078857,-0.19205084443092346,0.15044325590133667,-0.23867443203926086,0.053300946950912476,-0.19974136352539062,0.045633912086486816,-0.2880321145057678,0.03442947566509247,-0.3442603349685669,0.024854272603988647,-0.38971245288848877,0.01111726462841034,-0.190315842628479,-0.00902816653251648,-0.2375384271144867,-0.0015062540769577026,-0.16676580905914307,0.011636212468147278,-0.11263704299926758,-0.02792033553123474,-0.17202317714691162,-0.044952392578125,-0.20503225922584534,-0.028331145644187927,-0.14172613620758057,-0.009229809045791626,-0.10005348920822144,-0.06562738120555878,-0.15140646696090698,-0.08301611989736557,-0.21706640720367432,-0.0913718193769455,-0.2520012855529785,-0.09501567482948303,-0.2906636595726013,i_love_you
0.0,0.0,0.0660245418548584,-0.03960162401199341,0.1113816499710083,-0.11747688055038452,0.13024145364761353,-0.1882287561893463,0.1527596414089203,-0.23273640871047974,0.05309656262397766,-0.19820985198020935,0.04795536398887634,-0.28478631377220154,0.04139938950538635,-0.34000304341316223,0.03554743528366089,-0.38441383838653564,0.012438103556632996,-0.19009390473365784,-0.0005651265382766724,-0.24202239513397217,0.006833463907241821,-0.16920560598373413,0.016219258308410645,-0.11263495683670044,-0.02623608708381653,-0.17245370149612427,-0.04000268876552582,-0.21329796314239502,-0.02475161850452423,-0.14906728267669678,-0.009256035089492798,-0.10447901487350464,-0.06472772359848022,-0.15010470151901245,-0.07955223321914673,-0.21861886978149414,-0.08770158886909485,-0.2559238076210022,-0.09397390484809875,-0.29707351326942444,i_love_you
0.0,0.0,0.06656844913959503,-0.040623247623443604,0.11161474883556366,-0.11840415000915527,0.13012106716632843,-0.18867355585098267,0.15267519652843475,-0.2335290014743805,0.05446542799472809,-0.1972493827342987,0.0498955100774765,-0.28379741311073303,0.042920902371406555,-0.34022942185401917,0.036617547273635864,-0.38574227690696716,0.013411402702331543,-0.18971887230873108,8.577108383178711e-05,-0.24345415830612183,0.006251871585845947,-0.1707550287246704,0.015265539288520813,-0.11316096782684326,-0.025630593299865723,-0.1725589632987976,-0.03870375454425812,-0.2138729691505432,-0.024012327194213867,-0.1509053111076355,-0.00856250524520874,-0.10633867979049683,-0.06457342207431793,-0.15075218677520752,-0.08013440668582916,-0.21922054886817932,-0.08759922534227371,-0.2570098638534546,-0.0924711599946022,-0.29777926206588745,i_love_you
0.0,0.0,0.06501539051532745,-0.04041165113449097,0.10752807557582855,-0.12174630165100098,0.12555070221424103,-0.1929204761981964,0.1479421705007553,-0.23537683486938477,0.05219285190105438,-0.1998620629310608,0.05133791267871857,-0.291853129863739,0.04852043092250824,-0.3483714461326599,0.04589308798313141,-0.3971766233444214,0.010165944695472717,-0.19221144914627075,0.003817126154899597,-0.24648162722587585,0.015139788389205933,-0.17487674951553345,0.02476966381072998,-0.11749714612960815,-0.029833093285560608,-0.17684900760650635,-0.03860741853713989,-0.22536727786064148,-0.01797489821910858,-0.16087228059768677,-0.00020182132720947266,-0.11199760437011719,-0.06974862515926361,-0.15635496377944946,-0.08435069024562836,-0.22981950640678406,-0.09041272848844528,-0.272571861743927,-0.09465760737657547,-0.3180290460586548,i_love_you
0.0,0.0,0.0612645149230957,-0.04420572519302368,0.09763556718826294,-0.12294185161590576,0.1120612621307373,-0.18886041641235352,0.1277623474597931,-0.23333299160003662,0.04137733578681946,-0.20518848299980164,0.044718801975250244,-0.2960999310016632,0.0477595329284668,-0.34922802448272705,0.05059501528739929,-0.3968685269355774,0.0035859346389770508,-0.19927790760993958,0.007606998085975647,-0.25786975026130676,0.023984134197235107,-0.18445366621017456,0.03301578760147095,-0.12617123126983643,-0.034657493233680725,-0.1845197081565857,-0.03108176589012146,-0.23541668057441711,-0.007555156946182251,-0.16675549745559692,0.005895987153053284,-0.11643213033676147,-0.07446332275867462,-0.16474968194961548,-0.09375866502523422,-0.2446640431880951,-0.09655754268169403,-0.2901704013347626,-0.09888490289449692,-0.3365465998649597,i_love_you
0.0,0.0,0.05783037841320038,-0.04357248544692993,0.0910608321428299,-0.1182813048362732,0.10320045053958893,-0.17879313230514526,0.11172552406787872,-0.22662636637687683,0.03279474377632141,-0.20143336057662964,0.03947310149669647,-0.2938447594642639,0.04537259042263031,-0.34810519218444824,0.04794187843799591,-0.39750829339027405,-0.0025005340576171875,-0.19742906093597412,0.011644914746284485,-0.25370413064956665,0.030247792601585388,-0.18139159679412842,0.034904226660728455,-0.12423396110534668,-0.039085760712623596,-0.18461644649505615,-0.028849273920059204,-0.23838722705841064,-0.003246873617172241,-0.1720178723335266,0.008098289370536804,-0.12165498733520508,-0.07686181366443634,-0.16576868295669556,-0.09581308811903,-0.24290603399276733,-0.0981079638004303,-0.29047855734825134,-0.10072076320648193,-0.337852418422699,i_love_you
0.0,0.0,0.0584651380777359,-0.04398488998413086,0.09068073332309723,-0.11883699893951416,0.10315252840518951,-0.1773768663406372,0.11209721863269806,-0.2238340675830841,0.03127668797969818,-0.20102843642234802,0.03706233203411102,-0.2919275164604187,0.04349784553050995,-0.346661239862442,0.04541923105716705,-0.397108793258667,-0.0043426454067230225,-0.19663432240486145,0.008786529302597046,-0.2533375024795532,0.029013007879257202,-0.18101656436920166,0.03369717299938202,-0.12412834167480469,-0.04121054708957672,-0.18355709314346313,-0.03018227219581604,-0.2368665337562561,-0.0033306926488876343,-0.16906481981277466,0.0070320963859558105,-0.11857485771179199,-0.07956300675868988,-0.16416144371032715,-0.09958712011575699,-0.24329444766044617,-0.10042490810155869,-0.2907954454421997,-0.10232280194759369,-0.3383451998233795,i_love_you
0.0,0.0,0.05580461025238037,-0.045667290687561035,0.08153790235519409,-0.12369567155838013,0.0872962474822998,-0.18172687292099,0.08923038840293884,-0.22457432746887207,0.021880030632019043,-0.1995542347431183,0.02620565891265869,-0.2910589277744293,0.032240986824035645,-0.3446563482284546,0.03611654043197632,-0.3934327960014343,-0.011511221528053284,-0.1938961148262024,0.007822379469871521,-0.24790778756141663,0.02885819971561432,-0.17760437726974487,0.03507275879383087,-0.12045961618423462,-0.04666873812675476,-0.18178445100784302,-0.031150057911872864,-0.23769325017929077,-0.005642950534820557,-0.1701204776763916,0.0046839118003845215,-0.11656570434570312,-0.08412283658981323,-0.16325914859771729,-0.10478060692548752,-0.23914751410484314,-0.10755843669176102,-0.28803199529647827,-0.10906589776277542,-0.3355424404144287,i_love_you
0.0,0.0,0.05744929611682892,-0.04713129997253418,0.08042432367801666,-0.12582415342330933,0.08537466824054718,-0.18564355373382568,0.0885576456785202,-0.22989675402641296,0.017075687646865845,-0.19783365726470947,0.023487478494644165,-0.2880401313304901,0.030046507716178894,-0.34308791160583496,0.03383822739124298,-0.3931350111961365,-0.015041053295135498,-0.19387364387512207,0.0027067959308624268,-0.24828648567199707,0.026401355862617493,-0.181751549243927,0.03475762903690338,-0.12534290552139282,-0.0494685024023056,-0.18261414766311646,-0.03151383996009827,-0.23938852548599243,-0.0031451135873794556,-0.17291074991226196,0.007485061883926392,-0.11910301446914673,-0.08645951002836227,-0.16475772857666016,-0.10890243947505951,-0.2432093620300293,-0.11134500056505203,-0.2944183051586151,-0.11222976446151733,-0.3430846333503723,i_love_you
0.0,0.0,0.058244913816452026,-0.044393837451934814,0.08075845241546631,-0.12512356042861938,0.0854787826538086,-0.18368315696716309,0.08719056844711304,-0.2258681058883667,0.016833409667015076,-0.19791898131370544,0.020452141761779785,-0.2866762578487396,0.02738240361213684,-0.3417097330093384,0.03253559768199921,-0.3905627131462097,-0.014553740620613098,-0.1924232840538025,0.005739465355873108,-0.24670380353927612,0.027780622243881226,-0.179632306098938,0.03409521281719208,-0.12281793355941772,-0.04891037940979004,-0.18019157648086548,-0.029082611203193665,-0.23645490407943726,-0.0017315149307250977,-0.1694846749305725,0.007341071963310242,-0.1157228946685791,-0.08622445166110992,-0.16202324628829956,-0.1064569428563118,-0.2415945827960968,-0.10984183102846146,-0.2934960722923279,-0.11263693869113922,-0.34334278106689453,i_love_you
0.0,0.0,0.05796065926551819,-0.04502153396606445,0.08040103316307068,-0.12518548965454102,0.08521988987922668,-0.18373697996139526,0.08726927638053894,-0.2258080244064331,0.01664532721042633,-0.19805693626403809,0.020495295524597168,-0.2868615388870239,0.027595505118370056,-0.3419560492038727,0.03264762461185455,-0.3910631537437439,-0.014678940176963806,-0.19286257028579712,0.0052693188190460205,-0.24719133973121643,0.027918502688407898,-0.18032056093215942,0.0345211923122406,-0.1234825849533081,-0.04893152415752411,-0.1807505488395691,-0.029105961322784424,-0.23665720224380493,-0.0014322400093078613,-0.16981470584869385,0.007753446698188782,-0.11590778827667236,-0.08628682792186737,-0.1624431014060974,-0.10640131682157516,-0.2420274019241333,-0.10963931679725647,-0.29383349418640137,-0.11243826895952225,-0.34326523542404175,i_love_you
0.0,0.0,0.05751144886016846,-0.050278425216674805,0.0786435604095459,-0.1286158561706543,0.0827503502368927,-0.1873360276222229,0.08130109310150146,-0.23286420106887817,0.014604821801185608,-0.19808262586593628,0.017779842019081116,-0.28740185499191284,0.024219423532485962,-0.34361958503723145,0.02811005711555481,-0.39342740178108215,-0.01643960177898407,-0.19305825233459473,0.0016580373048782349,-0.2455129325389862,0.025215238332748413,-0.1808881163597107,0.03262268006801605,-0.12497246265411377,-0.05068327486515045,-0.1806929111480713,-0.032547011971473694,-0.23660191893577576,-0.004611805081367493,-0.17279356718063354,0.004915505647659302,-0.12000072002410889,-0.08749278634786606,-0.1618034839630127,-0.10921091586351395,-0.2409009337425232,-0.11295300722122192,-0.29352253675460815,-0.11581200361251831,-0.3429665267467499,i_love_you
0.0,0.0,0.057959869503974915,-0.04663020372390747,0.07934285700321198,-0.1289588212966919,0.08343882858753204,-0.18922096490859985,0.08578814566135406,-0.23302686214447021,0.015091195702552795,-0.19432461261749268,0.01620921492576599,-0.28464236855506897,0.02170790731906891,-0.34159108996391296,0.02483367919921875,-0.3915073275566101,-0.01624886691570282,-0.18852633237838745,0.0014838725328445435,-0.24256694316864014,0.025168076157569885,-0.17698079347610474,0.03213755786418915,-0.12160855531692505,-0.05086080729961395,-0.1761394739151001,-0.03536413609981537,-0.23444095253944397,-0.006413742899894714,-0.1695067286491394,0.0036942660808563232,-0.11631852388381958,-0.08856470882892609,-0.15802693367004395,-0.11106130480766296,-0.23781776428222656,-0.11473552882671356,-0.28967684507369995,-0.118141770362854,-0.3387168049812317,i_love_you
0.0,0.0,0.054760321974754333,-0.05394017696380615,0.07612471282482147,-0.14086180925369263,0.07873736321926117,-0.20305794477462769,0.0846976488828659,-0.24705520272254944,0.008696183562278748,-0.20578354597091675,0.006122022867202759,-0.29428789019584656,0.00801171362400055,-0.34715569019317627,0.0063275545835494995,-0.3944818377494812,-0.02619306743144989,-0.19360607862472534,-0.021031945943832397,-0.24655082821846008,0.005249306559562683,-0.17766010761260986,0.016235679388046265,-0.12467479705810547,-0.06142991781234741,-0.17170953750610352,-0.0553642213344574,-0.22291991114616394,-0.024982944130897522,-0.1585688591003418,-0.011548981070518494,-0.10961008071899414,-0.09755946695804596,-0.14211946725845337,-0.12336760759353638,-0.21830499172210693,-0.13060889393091202,-0.2614927291870117,-0.1394195705652237,-0.3026236891746521,i_love_you
0.0,0.0,0.05451466143131256,-0.058414340019226074,0.07203565537929535,-0.1502048373222351,0.07400842010974884,-0.21260324120521545,0.08264447748661041,-0.2554950714111328,0.0036767572164535522,-0.21289190649986267,-0.0030200928449630737,-0.30217382311820984,-0.004952460527420044,-0.3572627604007721,-0.010564401745796204,-0.4054889678955078,-0.0333811491727829,-0.19686895608901978,-0.027884140610694885,-0.2506448030471802,0.0009551942348480225,-0.1795908808708191,0.012348130345344543,-0.1258763074874878,-0.06921370327472687,-0.17107605934143066,-0.06683026254177094,-0.2196711003780365,-0.03115907311439514,-0.156183123588562,-0.014347508549690247,-0.11114257574081421,-0.10438133776187897,-0.13833892345428467,-0.13687245547771454,-0.212641179561615,-0.14737261831760406,-0.2566748261451721,-0.15985508263111115,-0.30345314741134644,i_love_you
0.0,0.0,0.05584514141082764,-0.05888772010803223,0.07250899076461792,-0.1489781141281128,0.07358980178833008,-0.2104039192199707,0.08259904384613037,-0.2542901635169983,0.0048490166664123535,-0.21528220176696777,-0.0019299089908599854,-0.3047850728034973,-0.004713237285614014,-0.35958945751190186,-0.010548263788223267,-0.40763771533966064,-0.031631648540496826,-0.19919747114181519,-0.027623355388641357,-0.25250065326690674,0.0005962401628494263,-0.1833963394165039,0.013303309679031372,-0.13017410039901733,-0.06734943389892578,-0.1732601523399353,-0.06473107635974884,-0.22098541259765625,-0.029606834053993225,-0.15710318088531494,-0.012459322810173035,-0.11132436990737915,-0.10296697914600372,-0.14068233966827393,-0.134981669485569,-0.21390730142593384,-0.14513085782527924,-0.25839224457740784,-0.15632323920726776,-0.3058542311191559,i_love_you
0.0,0.0,0.053798824548721313,-0.06343775987625122,0.07077208161354065,-0.15602916479110718,0.07165935635566711,-0.22089862823486328,0.07893019914627075,-0.26612454652786255,0.0027434229850769043,-0.21400722861289978,-0.009563520550727844,-0.30565834045410156,-0.015845879912376404,-0.36172211170196533,-0.024324581027030945,-0.41095173358917236,-0.03633943200111389,-0.19328230619430542,-0.04093402624130249,-0.24756240844726562,-0.007737442851066589,-0.17829883098602295,0.01150473952293396,-0.12680572271347046,-0.0729852169752121,-0.16384732723236084,-0.07826489210128784,-0.20975863933563232,-0.03803841769695282,-0.15012669563293457,-0.013638317584991455,-0.10923135280609131,-0.10808539390563965,-0.1300526261329651,-0.14457056671380997,-0.2008298635482788,-0.1599275767803192,-0.2432495355606079,-0.17623037099838257,-0.2906739413738251,i_love_you
